[17:44:55] preflight: clockworks/tiktok-profile-scraper
[36m[apify.tiktok-profile-scraper runId:TNnISJbmhBuQpHEoE][0m -> Status: RUNNING, Message: 
[36m[apify.tiktok-profile-scraper runId:TNnISJbmhBuQpHEoE][0m -> 2026-08-14T10:44:56.830Z [33mACTOR: [39mPulling container image of build Mk8INM8R24kwENZKZ from registry.
[36m[apify.tiktok-profile-scraper runId:TNnISJbmhBuQpHEoE][0m -> 2026-08-14T10:44:56.833Z [33mACTOR: [39mCreating container.
[36m[apify.tiktok-profile-scraper runId:TNnISJbmhBuQpHEoE][0m -> 2026-08-14T10:44:56.872Z [33mACTOR: [39mStarting container.
[36m[apify.tiktok-profile-scraper runId:TNnISJbmhBuQpHEoE][0m -> 2026-08-14T10:44:56.873Z [33mACTOR: [39mRunning under "LIMITED_PERMISSIONS".
[36m[apify.tiktok-profile-scraper runId:TNnISJbmhBuQpHEoE][0m -> 2026-08-14T10:44:57.280Z Running on architecture: x86_64
[36m[apify.tiktok-profile-scraper runId:TNnISJbmhBuQpHEoE][0m -> 2026-08-14T10:44:57.281Z Will run command: xvfb-run -a -s "-ac -screen 0 1920x1080x24+32 -nolisten tcp" /bin/bash -o pipefail -c bash -c "    java         --enable-native-access=ALL-UNNAMED         -cp classes-test:classes-main:lib/*         com.zhiliaoapp.musically.MetaSec         > /dev/null &     node dist/src/entrypoint.js "
[36m[apify.tiktok-profile-scraper runId:TNnISJbmhBuQpHEoE][0m -> 2026-08-14T10:44:58.462Z [32mINFO[39m  System info[90m {"apifyVersion":"3.7.0","apifyClientVersion":"2.23.0","crawleeVersion":"3.16.0","osType":"Linux","nodeVersion":"v24.19.0"}[39m
[36m[apify.tiktok-profile-scraper runId:TNnISJbmhBuQpHEoE][0m -> 2026-08-14T10:44:59.137Z [32mINFO[39m [33m CheerioCrawler:[39m Starting the crawler.
[36m[apify.tiktok-profile-scraper runId:TNnISJbmhBuQpHEoE][0m -> 2026-08-14T10:44:59.145Z [33mWARN[39m [33m CheerioCrawler:[39m Reclaiming failed request back to the list or queue. Failed to send API request with exit code: CURLE_RECV_ERROR (56), retrying
[36m[apify.tiktok-profile-scraper runId:TNnISJbmhBuQpHEoE][0m -> Status: RUNNING, Message: Starting the crawler.
[36m[apify.tiktok-profile-scraper runId:TNnISJbmhBuQpHEoE][0m -> 2026-08-14T10:44:59.145Z     at async sendCurlRequest (file:///home/myuser/dist/src/tools/api/curl-request.js:27:43)[90m {"id":"ON8pt09WRiWDLuq","url":"https://www.tiktok.com/@n_kacha629","retryCount":1}[39m
[36m[apify.tiktok-profile-scraper runId:TNnISJbmhBuQpHEoE][0m -> Status: RUNNING, Message: Crawled 0/1 pages, 0 failed requests, desired concurrency 10.
[36m[apify.tiktok-profile-scraper runId:TNnISJbmhBuQpHEoE][0m -> 2026-08-14T10:45:08.993Z [32mINFO[39m  [Status message]: Scraped 0/1 profiles
[36m[apify.tiktok-profile-scraper runId:TNnISJbmhBuQpHEoE][0m -> 2026-08-14T10:45:09.555Z [32mINFO[39m  Loaded profile info[90m {"url":"https://www.tiktok.com/@n_kacha629"}[39m
[36m[apify.tiktok-profile-scraper runId:TNnISJbmhBuQpHEoE][0m -> 2026-08-14T10:45:11.417Z [33mWARN[39m [33m CheerioCrawler:[39m Reclaiming failed request back to the list or queue. Failed to parse TikTok response: Unexpected end of JSON input --- https://www.tiktok.com/@n_kacha629
[36m[apify.tiktok-profile-scraper runId:TNnISJbmhBuQpHEoE][0m -> 2026-08-14T10:45:11.418Z     at makeWebApiCall (file:///home/myuser/dist/src/tools/api/web/make-web-api-call.js:114:23)[90m {"id":"HXELivGGetdb3Pr","url":"https://www.tiktok.com/@n_kacha629","retryCount":1}[39m
[36m[apify.tiktok-profile-scraper runId:TNnISJbmhBuQpHEoE][0m -> 2026-08-14T10:45:11.555Z [33mWARN[39m [33m CheerioCrawler:[39m Reclaiming failed request back to the list or queue. Failed to parse TikTok response: Unexpected end of JSON input --- https://www.tiktok.com/@n_kacha629
[36m[apify.tiktok-profile-scraper runId:TNnISJbmhBuQpHEoE][0m -> 2026-08-14T10:45:11.556Z     at makeWebApiCall (file:///home/myuser/dist/src/tools/api/web/make-web-api-call.js:114:23)[90m {"id":"ZBEWRiNN8xmOXrb","url":"https://www.tiktok.com/@n_kacha629","retryCount":1}[39m
[36m[apify.tiktok-profile-scraper runId:TNnISJbmhBuQpHEoE][0m -> 2026-08-14T10:45:11.747Z [33mWARN[39m [33m CheerioCrawler:[39m Reclaiming failed request back to the list or queue. Failed to parse TikTok response: Unexpected end of JSON input --- https://www.tiktok.com/@n_kacha629
[36m[apify.tiktok-profile-scraper runId:TNnISJbmhBuQpHEoE][0m -> 2026-08-14T10:45:11.753Z     at makeWebApiCall (file:///home/myuser/dist/src/tools/api/web/make-web-api-call.js:114:23)[90m {"id":"3FEazC61h0Tcej7","url":"https://www.tiktok.com/@n_kacha629","retryCount":1}[39m
[36m[apify.tiktok-profile-scraper runId:TNnISJbmhBuQpHEoE][0m -> 2026-08-14T10:45:12.189Z [33mWARN[39m [33m CheerioCrawler:[39m Reclaiming failed request back to the list or queue. Failed to parse TikTok response: Unexpected end of JSON input --- https://www.tiktok.com/@n_kacha629
[36m[apify.tiktok-profile-scraper runId:TNnISJbmhBuQpHEoE][0m -> 2026-08-14T10:45:12.190Z     at makeWebApiCall (file:///home/myuser/dist/src/tools/api/web/make-web-api-call.js:114:23)[90m {"id":"CrgCJMIdrftG3wy","url":"https://www.tiktok.com/@n_kacha629","retryCount":1}[39m
[36m[apify.tiktok-profile-scraper runId:TNnISJbmhBuQpHEoE][0m -> 2026-08-14T10:45:13.082Z [33mWARN[39m [33m CheerioCrawler:[39m Reclaiming failed request back to the list or queue. Failed to parse TikTok response: Unexpected end of JSON input --- https://www.tiktok.com/@n_kacha629
[36m[apify.tiktok-profile-scraper runId:TNnISJbmhBuQpHEoE][0m -> 2026-08-14T10:45:13.090Z     at makeWebApiCall (file:///home/myuser/dist/src/tools/api/web/make-web-api-call.js:114:23)[90m {"id":"R1QJu9Id5jXOPSc","url":"https://www.tiktok.com/@n_kacha629","retryCount":1}[39m
[36m[apify.tiktok-profile-scraper runId:TNnISJbmhBuQpHEoE][0m -> 2026-08-14T10:45:16.601Z [33mWARN[39m [33m CheerioCrawler:[39m Reclaiming failed request back to the list or queue. Failed to parse TikTok response: Unexpected end of JSON input --- https://www.tiktok.com/@n_kacha629
[36m[apify.tiktok-profile-scraper runId:TNnISJbmhBuQpHEoE][0m -> 2026-08-14T10:45:16.602Z     at makeWebApiCall (file:///home/myuser/dist/src/tools/api/web/make-web-api-call.js:114:23)[90m {"id":"ZBEWRiNN8xmOXrb","url":"https://www.tiktok.com/@n_kacha629","retryCount":2}[39m
[36m[apify.tiktok-profile-scraper runId:TNnISJbmhBuQpHEoE][0m -> 2026-08-14T10:45:18.201Z [33mWARN[39m [33m CheerioCrawler:[39m Reclaiming failed request back to the list or queue. Failed to parse TikTok response: Unexpected end of JSON input --- https://www.tiktok.com/@n_kacha629
[36m[apify.tiktok-profile-scraper runId:TNnISJbmhBuQpHEoE][0m -> 2026-08-14T10:45:18.202Z     at makeWebApiCall (file:///home/myuser/dist/src/tools/api/web/make-web-api-call.js:114:23)[90m {"id":"CrgCJMIdrftG3wy","url":"https://www.tiktok.com/@n_kacha629","retryCount":2}[39m
[36m[apify.tiktok-profile-scraper runId:TNnISJbmhBuQpHEoE][0m -> 2026-08-14T10:45:18.991Z [32mINFO[39m  [Status message]: Scraped 0/1 profiles
[36m[apify.tiktok-profile-scraper runId:TNnISJbmhBuQpHEoE][0m -> 2026-08-14T10:45:19.516Z [33mWARN[39m [33m CheerioCrawler:[39m Reclaiming failed request back to the list or queue. Failed to parse TikTok response: Unexpected end of JSON input --- https://www.tiktok.com/@n_kacha629
[36m[apify.tiktok-profile-scraper runId:TNnISJbmhBuQpHEoE][0m -> Status: RUNNING, Message: Crawled 1/6 pages, 0 failed requests, desired concurrency 10.
[36m[apify.tiktok-profile-scraper runId:TNnISJbmhBuQpHEoE][0m -> 2026-08-14T10:45:19.522Z     at makeWebApiCall (file:///home/myuser/dist/src/tools/api/web/make-web-api-call.js:114:23)[90m {"id":"HXELivGGetdb3Pr","url":"https://www.tiktok.com/@n_kacha629","retryCount":2}[39m
[36m[apify.tiktok-profile-scraper runId:TNnISJbmhBuQpHEoE][0m -> 2026-08-14T10:45:21.084Z [33mWARN[39m [33m CheerioCrawler:[39m Reclaiming failed request back to the list or queue. Failed to parse TikTok response: Unexpected end of JSON input --- https://www.tiktok.com/@n_kacha629
[36m[apify.tiktok-profile-scraper runId:TNnISJbmhBuQpHEoE][0m -> 2026-08-14T10:45:21.085Z     at makeWebApiCall (file:///home/myuser/dist/src/tools/api/web/make-web-api-call.js:114:23)[90m {"id":"ZBEWRiNN8xmOXrb","url":"https://www.tiktok.com/@n_kacha629","retryCount":3}[39m
[36m[apify.tiktok-profile-scraper runId:TNnISJbmhBuQpHEoE][0m -> 2026-08-14T10:45:21.186Z [33mWARN[39m [33m CheerioCrawler:[39m Reclaiming failed request back to the list or queue. Failed to parse TikTok response: Unexpected end of JSON input --- https://www.tiktok.com/@n_kacha629
[36m[apify.tiktok-profile-scraper runId:TNnISJbmhBuQpHEoE][0m -> 2026-08-14T10:45:21.187Z     at makeWebApiCall (file:///home/myuser/dist/src/tools/api/web/make-web-api-call.js:114:23)[90m {"id":"R1QJu9Id5jXOPSc","url":"https://www.tiktok.com/@n_kacha629","retryCount":2}[39m
[36m[apify.tiktok-profile-scraper runId:TNnISJbmhBuQpHEoE][0m -> 2026-08-14T10:45:22.743Z [33mWARN[39m [33m CheerioCrawler:[39m Reclaiming failed request back to the list or queue. Failed to parse TikTok response: Unexpected end of JSON input --- https://www.tiktok.com/@n_kacha629
[36m[apify.tiktok-profile-scraper runId:TNnISJbmhBuQpHEoE][0m -> 2026-08-14T10:45:22.744Z     at makeWebApiCall (file:///home/myuser/dist/src/tools/api/web/make-web-api-call.js:114:23)[90m {"id":"CrgCJMIdrftG3wy","url":"https://www.tiktok.com/@n_kacha629","retryCount":3}[39m
[36m[apify.tiktok-profile-scraper runId:TNnISJbmhBuQpHEoE][0m -> 2026-08-14T10:45:22.992Z [33mWARN[39m [33m CheerioCrawler:[39m Reclaiming failed request back to the list or queue. Failed to parse TikTok response: Unexpected end of JSON input --- https://www.tiktok.com/@n_kacha629
[36m[apify.tiktok-profile-scraper runId:TNnISJbmhBuQpHEoE][0m -> 2026-08-14T10:45:22.993Z     at makeWebApiCall (file:///home/myuser/dist/src/tools/api/web/make-web-api-call.js:114:23)[90m {"id":"3FEazC61h0Tcej7","url":"https://www.tiktok.com/@n_kacha629","retryCount":2}[39m
[36m[apify.tiktok-profile-scraper runId:TNnISJbmhBuQpHEoE][0m -> 2026-08-14T10:45:24.518Z [33mWARN[39m [33m CheerioCrawler:[39m Reclaiming failed request back to the list or queue. Failed to parse TikTok response: Unexpected end of JSON input --- https://www.tiktok.com/@n_kacha629
[36m[apify.tiktok-profile-scraper runId:TNnISJbmhBuQpHEoE][0m -> 2026-08-14T10:45:24.519Z     at makeWebApiCall (file:///home/myuser/dist/src/tools/api/web/make-web-api-call.js:114:23)[90m {"id":"HXELivGGetdb3Pr","url":"https://www.tiktok.com/@n_kacha629","retryCount":3}[39m
[36m[apify.tiktok-profile-scraper runId:TNnISJbmhBuQpHEoE][0m -> 2026-08-14T10:45:25.943Z [33mWARN[39m [33m CheerioCrawler:[39m Reclaiming failed request back to the list or queue. Failed to parse TikTok response: Unexpected end of JSON input --- https://www.tiktok.com/@n_kacha629
[36m[apify.tiktok-profile-scraper runId:TNnISJbmhBuQpHEoE][0m -> 2026-08-14T10:45:25.944Z     at makeWebApiCall (file:///home/myuser/dist/src/tools/api/web/make-web-api-call.js:114:23)[90m {"id":"R1QJu9Id5jXOPSc","url":"https://www.tiktok.com/@n_kacha629","retryCount":3}[39m
[36m[apify.tiktok-profile-scraper runId:TNnISJbmhBuQpHEoE][0m -> 2026-08-14T10:45:26.598Z [33mWARN[39m [33m CheerioCrawler:[39m Reclaiming failed request back to the list or queue. Failed to parse TikTok response: Unexpected end of JSON input --- https://www.tiktok.com/@n_kacha629
[36m[apify.tiktok-profile-scraper runId:TNnISJbmhBuQpHEoE][0m -> 2026-08-14T10:45:26.599Z     at makeWebApiCall (file:///home/myuser/dist/src/tools/api/web/make-web-api-call.js:114:23)[90m {"id":"ZBEWRiNN8xmOXrb","url":"https://www.tiktok.com/@n_kacha629","retryCount":4}[39m
[36m[apify.tiktok-profile-scraper runId:TNnISJbmhBuQpHEoE][0m -> 2026-08-14T10:45:26.978Z [33mWARN[39m [33m CheerioCrawler:[39m Reclaiming failed request back to the list or queue. Failed to parse TikTok response: Unexpected end of JSON input --- https://www.tiktok.com/@n_kacha629
[36m[apify.tiktok-profile-scraper runId:TNnISJbmhBuQpHEoE][0m -> 2026-08-14T10:45:26.979Z     at makeWebApiCall (file:///home/myuser/dist/src/tools/api/web/make-web-api-call.js:114:23)[90m {"id":"3FEazC61h0Tcej7","url":"https://www.tiktok.com/@n_kacha629","retryCount":3}[39m
[36m[apify.tiktok-profile-scraper runId:TNnISJbmhBuQpHEoE][0m -> 2026-08-14T10:45:27.713Z [33mWARN[39m [33m CheerioCrawler:[39m Reclaiming failed request back to the list or queue. Failed to send API request with exit code: CURLE_RECV_ERROR (56), retrying
[36m[apify.tiktok-profile-scraper runId:TNnISJbmhBuQpHEoE][0m -> 2026-08-14T10:45:27.713Z     at async sendCurlRequest (file:///home/myuser/dist/src/tools/api/curl-request.js:27:43)[90m {"id":"HXELivGGetdb3Pr","url":"https://www.tiktok.com/@n_kacha629","retryCount":4}[39m
[36m[apify.tiktok-profile-scraper runId:TNnISJbmhBuQpHEoE][0m -> 2026-08-14T10:45:28.342Z [33mWARN[39m [33m CheerioCrawler:[39m Reclaiming failed request back to the list or queue. Failed to send API request with exit code: CURLE_RECV_ERROR (56), retrying
[36m[apify.tiktok-profile-scraper runId:TNnISJbmhBuQpHEoE][0m -> 2026-08-14T10:45:28.343Z     at async sendCurlRequest (file:///home/myuser/dist/src/tools/api/curl-request.js:27:43)[90m {"id":"CrgCJMIdrftG3wy","url":"https://www.tiktok.com/@n_kacha629","retryCount":4}[39m
[36m[apify.tiktok-profile-scraper runId:TNnISJbmhBuQpHEoE][0m -> 2026-08-14T10:45:28.991Z [32mINFO[39m  [Status message]: Scraped 0/1 profiles
[36m[apify.tiktok-profile-scraper runId:TNnISJbmhBuQpHEoE][0m -> 2026-08-14T10:45:29.320Z [33mWARN[39m [33m CheerioCrawler:[39m Reclaiming failed request back to the list or queue. Failed to send API request with exit code: CURLE_RECV_ERROR (56), retrying
[36m[apify.tiktok-profile-scraper runId:TNnISJbmhBuQpHEoE][0m -> 2026-08-14T10:45:29.321Z     at async sendCurlRequest (file:///home/myuser/dist/src/tools/api/curl-request.js:27:43)[90m {"id":"R1QJu9Id5jXOPSc","url":"https://www.tiktok.com/@n_kacha629","retryCount":4}[39m
[36m[apify.tiktok-profile-scraper runId:TNnISJbmhBuQpHEoE][0m -> 2026-08-14T10:45:29.897Z [33mWARN[39m [33m CheerioCrawler:[39m Reclaiming failed request back to the list or queue. Failed to send API request with exit code: CURLE_RECV_ERROR (56), retrying
[36m[apify.tiktok-profile-scraper runId:TNnISJbmhBuQpHEoE][0m -> 2026-08-14T10:45:29.898Z     at async sendCurlRequest (file:///home/myuser/dist/src/tools/api/curl-request.js:27:43)[90m {"id":"ZBEWRiNN8xmOXrb","url":"https://www.tiktok.com/@n_kacha629","retryCount":5}[39m
[36m[apify.tiktok-profile-scraper runId:TNnISJbmhBuQpHEoE][0m -> 2026-08-14T10:45:32.963Z [33mWARN[39m [33m CheerioCrawler:[39m Reclaiming failed request back to the list or queue. Failed to parse TikTok response: Unexpected end of JSON input --- https://www.tiktok.com/@n_kacha629
[36m[apify.tiktok-profile-scraper runId:TNnISJbmhBuQpHEoE][0m -> 2026-08-14T10:45:32.964Z     at makeWebApiCall (file:///home/myuser/dist/src/tools/api/web/make-web-api-call.js:114:23)[90m {"id":"3FEazC61h0Tcej7","url":"https://www.tiktok.com/@n_kacha629","retryCount":4}[39m
[36m[apify.tiktok-profile-scraper runId:TNnISJbmhBuQpHEoE][0m -> 2026-08-14T10:45:34.031Z [33mWARN[39m [33m CheerioCrawler:[39m Reclaiming failed request back to the list or queue. Failed to parse TikTok response: Unexpected end of JSON input --- https://www.tiktok.com/@n_kacha629
[36m[apify.tiktok-profile-scraper runId:TNnISJbmhBuQpHEoE][0m -> 2026-08-14T10:45:34.032Z     at makeWebApiCall (file:///home/myuser/dist/src/tools/api/web/make-web-api-call.js:114:23)[90m {"id":"CrgCJMIdrftG3wy","url":"https://www.tiktok.com/@n_kacha629","retryCount":5}[39m
[36m[apify.tiktok-profile-scraper runId:TNnISJbmhBuQpHEoE][0m -> 2026-08-14T10:45:34.427Z [33mWARN[39m [33m CheerioCrawler:[39m Reclaiming failed request back to the list or queue. Failed to parse TikTok response: Unexpected end of JSON input --- https://www.tiktok.com/@n_kacha629
[36m[apify.tiktok-profile-scraper runId:TNnISJbmhBuQpHEoE][0m -> 2026-08-14T10:45:34.428Z     at makeWebApiCall (file:///home/myuser/dist/src/tools/api/web/make-web-api-call.js:114:23)[90m {"id":"R1QJu9Id5jXOPSc","url":"https://www.tiktok.com/@n_kacha629","retryCount":5}[39m
[36m[apify.tiktok-profile-scraper runId:TNnISJbmhBuQpHEoE][0m -> 2026-08-14T10:45:35.642Z [33mWARN[39m [33m CheerioCrawler:[39m Reclaiming failed request back to the list or queue. Failed to parse TikTok response: Unexpected end of JSON input --- https://www.tiktok.com/@n_kacha629
[36m[apify.tiktok-profile-scraper runId:TNnISJbmhBuQpHEoE][0m -> 2026-08-14T10:45:35.642Z     at makeWebApiCall (file:///home/myuser/dist/src/tools/api/web/make-web-api-call.js:114:23)[90m {"id":"HXELivGGetdb3Pr","url":"https://www.tiktok.com/@n_kacha629","retryCount":5}[39m
[36m[apify.tiktok-profile-scraper runId:TNnISJbmhBuQpHEoE][0m -> 2026-08-14T10:45:35.846Z [33mWARN[39m [33m CheerioCrawler:[39m Reclaiming failed request back to the list or queue. Failed to parse TikTok response: Unexpected end of JSON input --- https://www.tiktok.com/@n_kacha629
[36m[apify.tiktok-profile-scraper runId:TNnISJbmhBuQpHEoE][0m -> 2026-08-14T10:45:35.846Z     at makeWebApiCall (file:///home/myuser/dist/src/tools/api/web/make-web-api-call.js:114:23)[90m {"id":"ZBEWRiNN8xmOXrb","url":"https://www.tiktok.com/@n_kacha629","retryCount":6}[39m
[36m[apify.tiktok-profile-scraper runId:TNnISJbmhBuQpHEoE][0m -> 2026-08-14T10:45:38.649Z [33mWARN[39m [33m CheerioCrawler:[39m Reclaiming failed request back to the list or queue. Failed to parse TikTok response: Unexpected end of JSON input --- https://www.tiktok.com/@n_kacha629
[36m[apify.tiktok-profile-scraper runId:TNnISJbmhBuQpHEoE][0m -> 2026-08-14T10:45:38.650Z     at makeWebApiCall (file:///home/myuser/dist/src/tools/api/web/make-web-api-call.js:114:23)[90m {"id":"3FEazC61h0Tcej7","url":"https://www.tiktok.com/@n_kacha629","retryCount":5}[39m
[36m[apify.tiktok-profile-scraper runId:TNnISJbmhBuQpHEoE][0m -> 2026-08-14T10:45:38.992Z [32mINFO[39m  [Status message]: Scraped 0/1 profiles
[36m[apify.tiktok-profile-scraper runId:TNnISJbmhBuQpHEoE][0m -> 2026-08-14T10:45:39.745Z [33mWARN[39m [33m CheerioCrawler:[39m Reclaiming failed request back to the list or queue. Failed to parse TikTok response: Unexpected end of JSON input --- https://www.tiktok.com/@n_kacha629
[36m[apify.tiktok-profile-scraper runId:TNnISJbmhBuQpHEoE][0m -> 2026-08-14T10:45:39.746Z     at makeWebApiCall (file:///home/myuser/dist/src/tools/api/web/make-web-api-call.js:114:23)[90m {"id":"R1QJu9Id5jXOPSc","url":"https://www.tiktok.com/@n_kacha629","retryCount":6}[39m
[36m[apify.tiktok-profile-scraper runId:TNnISJbmhBuQpHEoE][0m -> 2026-08-14T10:45:40.040Z [33mWARN[39m [33m CheerioCrawler:[39m Reclaiming failed request back to the list or queue. Failed to parse TikTok response: Unexpected end of JSON input --- https://www.tiktok.com/@n_kacha629
[36m[apify.tiktok-profile-scraper runId:TNnISJbmhBuQpHEoE][0m -> 2026-08-14T10:45:40.041Z     at makeWebApiCall (file:///home/myuser/dist/src/tools/api/web/make-web-api-call.js:114:23)[90m {"id":"CrgCJMIdrftG3wy","url":"https://www.tiktok.com/@n_kacha629","retryCount":6}[39m
[36m[apify.tiktok-profile-scraper runId:TNnISJbmhBuQpHEoE][0m -> 2026-08-14T10:45:40.636Z [33mWARN[39m [33m CheerioCrawler:[39m Reclaiming failed request back to the list or queue. Failed to parse TikTok response: Unexpected end of JSON input --- https://www.tiktok.com/@n_kacha629
[36m[apify.tiktok-profile-scraper runId:TNnISJbmhBuQpHEoE][0m -> 2026-08-14T10:45:40.637Z     at makeWebApiCall (file:///home/myuser/dist/src/tools/api/web/make-web-api-call.js:114:23)[90m {"id":"ZBEWRiNN8xmOXrb","url":"https://www.tiktok.com/@n_kacha629","retryCount":7}[39m
[36m[apify.tiktok-profile-scraper runId:TNnISJbmhBuQpHEoE][0m -> 2026-08-14T10:45:42.046Z [33mWARN[39m [33m CheerioCrawler:[39m Reclaiming failed request back to the list or queue. Failed to parse TikTok response: Unexpected end of JSON input --- https://www.tiktok.com/@n_kacha629
[36m[apify.tiktok-profile-scraper runId:TNnISJbmhBuQpHEoE][0m -> 2026-08-14T10:45:42.047Z     at makeWebApiCall (file:///home/myuser/dist/src/tools/api/web/make-web-api-call.js:114:23)[90m {"id":"HXELivGGetdb3Pr","url":"https://www.tiktok.com/@n_kacha629","retryCount":6}[39m
[36m[apify.tiktok-profile-scraper runId:TNnISJbmhBuQpHEoE][0m -> 2026-08-14T10:45:43.069Z [33mWARN[39m [33m CheerioCrawler:[39m Reclaiming failed request back to the list or queue. Failed to parse TikTok response: Unexpected end of JSON input --- https://www.tiktok.com/@n_kacha629
[36m[apify.tiktok-profile-scraper runId:TNnISJbmhBuQpHEoE][0m -> 2026-08-14T10:45:43.070Z     at makeWebApiCall (file:///home/myuser/dist/src/tools/api/web/make-web-api-call.js:114:23)[90m {"id":"3FEazC61h0Tcej7","url":"https://www.tiktok.com/@n_kacha629","retryCount":6}[39m
[36m[apify.tiktok-profile-scraper runId:TNnISJbmhBuQpHEoE][0m -> 2026-08-14T10:45:44.408Z [33mWARN[39m [33m CheerioCrawler:[39m Reclaiming failed request back to the list or queue. Failed to parse TikTok response: Unexpected end of JSON input --- https://www.tiktok.com/@n_kacha629
[36m[apify.tiktok-profile-scraper runId:TNnISJbmhBuQpHEoE][0m -> 2026-08-14T10:45:44.411Z     at makeWebApiCall (file:///home/myuser/dist/src/tools/api/web/make-web-api-call.js:114:23)[90m {"id":"R1QJu9Id5jXOPSc","url":"https://www.tiktok.com/@n_kacha629","retryCount":7}[39m
[36m[apify.tiktok-profile-scraper runId:TNnISJbmhBuQpHEoE][0m -> 2026-08-14T10:45:45.512Z [33mWARN[39m [33m CheerioCrawler:[39m Reclaiming failed request back to the list or queue. Failed to parse TikTok response: Unexpected end of JSON input --- https://www.tiktok.com/@n_kacha629
[36m[apify.tiktok-profile-scraper runId:TNnISJbmhBuQpHEoE][0m -> 2026-08-14T10:45:45.513Z     at makeWebApiCall (file:///home/myuser/dist/src/tools/api/web/make-web-api-call.js:114:23)[90m {"id":"ZBEWRiNN8xmOXrb","url":"https://www.tiktok.com/@n_kacha629","retryCount":8}[39m
[36m[apify.tiktok-profile-scraper runId:TNnISJbmhBuQpHEoE][0m -> 2026-08-14T10:45:45.580Z [33mWARN[39m [33m CheerioCrawler:[39m Reclaiming failed request back to the list or queue. Failed to parse TikTok response: Unexpected end of JSON input --- https://www.tiktok.com/@n_kacha629
[36m[apify.tiktok-profile-scraper runId:TNnISJbmhBuQpHEoE][0m -> 2026-08-14T10:45:45.582Z     at makeWebApiCall (file:///home/myuser/dist/src/tools/api/web/make-web-api-call.js:114:23)[90m {"id":"CrgCJMIdrftG3wy","url":"https://www.tiktok.com/@n_kacha629","retryCount":7}[39m
[36m[apify.tiktok-profile-scraper runId:TNnISJbmhBuQpHEoE][0m -> 2026-08-14T10:45:47.146Z [33mWARN[39m [33m CheerioCrawler:[39m Reclaiming failed request back to the list or queue. Failed to parse TikTok response: Unexpected end of JSON input --- https://www.tiktok.com/@n_kacha629
[36m[apify.tiktok-profile-scraper runId:TNnISJbmhBuQpHEoE][0m -> 2026-08-14T10:45:47.147Z     at makeWebApiCall (file:///home/myuser/dist/src/tools/api/web/make-web-api-call.js:114:23)[90m {"id":"HXELivGGetdb3Pr","url":"https://www.tiktok.com/@n_kacha629","retryCount":7}[39m
[36m[apify.tiktok-profile-scraper runId:TNnISJbmhBuQpHEoE][0m -> 2026-08-14T10:45:48.227Z [33mWARN[39m [33m CheerioCrawler:[39m Reclaiming failed request back to the list or queue. Failed to parse TikTok response: Unexpected end of JSON input --- https://www.tiktok.com/@n_kacha629
[36m[apify.tiktok-profile-scraper runId:TNnISJbmhBuQpHEoE][0m -> 2026-08-14T10:45:48.228Z     at makeWebApiCall (file:///home/myuser/dist/src/tools/api/web/make-web-api-call.js:114:23)[90m {"id":"3FEazC61h0Tcej7","url":"https://www.tiktok.com/@n_kacha629","retryCount":7}[39m
[36m[apify.tiktok-profile-scraper runId:TNnISJbmhBuQpHEoE][0m -> 2026-08-14T10:45:48.992Z [32mINFO[39m  [Status message]: Scraped 0/1 profiles
[36m[apify.tiktok-profile-scraper runId:TNnISJbmhBuQpHEoE][0m -> 2026-08-14T10:45:49.616Z [33mWARN[39m [33m CheerioCrawler:[39m Reclaiming failed request back to the list or queue. Failed to parse TikTok response: Unexpected end of JSON input --- https://www.tiktok.com/@n_kacha629
[36m[apify.tiktok-profile-scraper runId:TNnISJbmhBuQpHEoE][0m -> 2026-08-14T10:45:49.619Z     at makeWebApiCall (file:///home/myuser/dist/src/tools/api/web/make-web-api-call.js:114:23)[90m {"id":"R1QJu9Id5jXOPSc","url":"https://www.tiktok.com/@n_kacha629","retryCount":8}[39m
[36m[apify.tiktok-profile-scraper runId:TNnISJbmhBuQpHEoE][0m -> 2026-08-14T10:45:50.818Z [33mWARN[39m [33m CheerioCrawler:[39m Reclaiming failed request back to the list or queue. Failed to parse TikTok response: Unexpected end of JSON input --- https://www.tiktok.com/@n_kacha629
[36m[apify.tiktok-profile-scraper runId:TNnISJbmhBuQpHEoE][0m -> 2026-08-14T10:45:50.819Z     at makeWebApiCall (file:///home/myuser/dist/src/tools/api/web/make-web-api-call.js:114:23)[90m {"id":"CrgCJMIdrftG3wy","url":"https://www.tiktok.com/@n_kacha629","retryCount":8}[39m
[36m[apify.tiktok-profile-scraper runId:TNnISJbmhBuQpHEoE][0m -> 2026-08-14T10:45:50.890Z [33mWARN[39m [33m CheerioCrawler:[39m Reclaiming failed request back to the list or queue. Failed to parse TikTok response: Unexpected end of JSON input --- https://www.tiktok.com/@n_kacha629
[36m[apify.tiktok-profile-scraper runId:TNnISJbmhBuQpHEoE][0m -> 2026-08-14T10:45:50.891Z     at makeWebApiCall (file:///home/myuser/dist/src/tools/api/web/make-web-api-call.js:114:23)[90m {"id":"ZBEWRiNN8xmOXrb","url":"https://www.tiktok.com/@n_kacha629","retryCount":9}[39m
[36m[apify.tiktok-profile-scraper runId:TNnISJbmhBuQpHEoE][0m -> 2026-08-14T10:45:54.590Z [33mWARN[39m [33m CheerioCrawler:[39m Reclaiming failed request back to the list or queue. Failed to parse TikTok response: Unexpected end of JSON input --- https://www.tiktok.com/@n_kacha629
[36m[apify.tiktok-profile-scraper runId:TNnISJbmhBuQpHEoE][0m -> 2026-08-14T10:45:54.591Z     at makeWebApiCall (file:///home/myuser/dist/src/tools/api/web/make-web-api-call.js:114:23)[90m {"id":"HXELivGGetdb3Pr","url":"https://www.tiktok.com/@n_kacha629","retryCount":8}[39m
[36m[apify.tiktok-profile-scraper runId:TNnISJbmhBuQpHEoE][0m -> 2026-08-14T10:45:54.942Z [33mWARN[39m [33m CheerioCrawler:[39m Reclaiming failed request back to the list or queue. Failed to send API request with exit code: CURLE_RECV_ERROR (56), retrying
[36m[apify.tiktok-profile-scraper runId:TNnISJbmhBuQpHEoE][0m -> 2026-08-14T10:45:54.943Z     at async sendCurlRequest (file:///home/myuser/dist/src/tools/api/curl-request.js:27:43)[90m {"id":"CrgCJMIdrftG3wy","url":"https://www.tiktok.com/@n_kacha629","retryCount":9}[39m
[36m[apify.tiktok-profile-scraper runId:TNnISJbmhBuQpHEoE][0m -> 2026-08-14T10:45:54.951Z [33mWARN[39m [33m CheerioCrawler:[39m Reclaiming failed request back to the list or queue. Failed to send API request with exit code: CURLE_RECV_ERROR (56), retrying
[36m[apify.tiktok-profile-scraper runId:TNnISJbmhBuQpHEoE][0m -> 2026-08-14T10:45:54.952Z     at async sendCurlRequest (file:///home/myuser/dist/src/tools/api/curl-request.js:27:43)[90m {"id":"3FEazC61h0Tcej7","url":"https://www.tiktok.com/@n_kacha629","retryCount":8}[39m
[36m[apify.tiktok-profile-scraper runId:TNnISJbmhBuQpHEoE][0m -> 2026-08-14T10:45:55.054Z [33mWARN[39m [33m CheerioCrawler:[39m Reclaiming failed request back to the list or queue. Failed to send API request with exit code: CURLE_RECV_ERROR (56), retrying
[36m[apify.tiktok-profile-scraper runId:TNnISJbmhBuQpHEoE][0m -> 2026-08-14T10:45:55.055Z     at async sendCurlRequest (file:///home/myuser/dist/src/tools/api/curl-request.js:27:43)[90m {"id":"R1QJu9Id5jXOPSc","url":"https://www.tiktok.com/@n_kacha629","retryCount":9}[39m
[36m[apify.tiktok-profile-scraper runId:TNnISJbmhBuQpHEoE][0m -> 2026-08-14T10:45:55.337Z [33mWARN[39m [33m CheerioCrawler:[39m Reclaiming failed request back to the list or queue. Failed to send API request with exit code: CURLE_RECV_ERROR (56), retrying
[36m[apify.tiktok-profile-scraper runId:TNnISJbmhBuQpHEoE][0m -> 2026-08-14T10:45:55.338Z     at async sendCurlRequest (file:///home/myuser/dist/src/tools/api/curl-request.js:27:43)[90m {"id":"ZBEWRiNN8xmOXrb","url":"https://www.tiktok.com/@n_kacha629","retryCount":10}[39m
[36m[apify.tiktok-profile-scraper runId:TNnISJbmhBuQpHEoE][0m -> 2026-08-14T10:45:57.750Z [33mWARN[39m [33m CheerioCrawler:[39m Reclaiming failed request back to the list or queue. Failed to send API request with exit code: CURLE_RECV_ERROR (56), retrying
[36m[apify.tiktok-profile-scraper runId:TNnISJbmhBuQpHEoE][0m -> 2026-08-14T10:45:57.751Z     at async sendCurlRequest (file:///home/myuser/dist/src/tools/api/curl-request.js:27:43)[90m {"id":"HXELivGGetdb3Pr","url":"https://www.tiktok.com/@n_kacha629","retryCount":9}[39m
[36m[apify.tiktok-profile-scraper runId:TNnISJbmhBuQpHEoE][0m -> 2026-08-14T10:45:58.368Z [33mWARN[39m [33m CheerioCrawler:[39m Reclaiming failed request back to the list or queue. Failed to send API request with exit code: CURLE_RECV_ERROR (56), retrying
[36m[apify.tiktok-profile-scraper runId:TNnISJbmhBuQpHEoE][0m -> 2026-08-14T10:45:58.369Z     at async sendCurlRequest (file:///home/myuser/dist/src/tools/api/curl-request.js:27:43)[90m {"id":"R1QJu9Id5jXOPSc","url":"https://www.tiktok.com/@n_kacha629","retryCount":10}[39m
[36m[apify.tiktok-profile-scraper runId:TNnISJbmhBuQpHEoE][0m -> 2026-08-14T10:45:58.370Z [33mWARN[39m [33m CheerioCrawler:[39m Reclaiming failed request back to the list or queue. Failed to send API request with exit code: CURLE_RECV_ERROR (56), retrying
[36m[apify.tiktok-profile-scraper runId:TNnISJbmhBuQpHEoE][0m -> 2026-08-14T10:45:58.372Z     at async sendCurlRequest (file:///home/myuser/dist/src/tools/api/curl-request.js:27:43)[90m {"id":"CrgCJMIdrftG3wy","url":"https://www.tiktok.com/@n_kacha629","retryCount":10}[39m
[36m[apify.tiktok-profile-scraper runId:TNnISJbmhBuQpHEoE][0m -> 2026-08-14T10:45:58.373Z [33mWARN[39m [33m CheerioCrawler:[39m Reclaiming failed request back to the list or queue. Failed to send API request with exit code: CURLE_RECV_ERROR (56), retrying
[36m[apify.tiktok-profile-scraper runId:TNnISJbmhBuQpHEoE][0m -> 2026-08-14T10:45:58.380Z     at async sendCurlRequest (file:///home/myuser/dist/src/tools/api/curl-request.js:27:43)[90m {"id":"3FEazC61h0Tcej7","url":"https://www.tiktok.com/@n_kacha629","retryCount":9}[39m
[36m[apify.tiktok-profile-scraper runId:TNnISJbmhBuQpHEoE][0m -> 2026-08-14T10:45:58.569Z [33mWARN[39m [33m CheerioCrawler:[39m Reclaiming failed request back to the list or queue. Failed to send API request with exit code: CURLE_RECV_ERROR (56), retrying
[36m[apify.tiktok-profile-scraper runId:TNnISJbmhBuQpHEoE][0m -> 2026-08-14T10:45:58.570Z     at async sendCurlRequest (file:///home/myuser/dist/src/tools/api/curl-request.js:27:43)[90m {"id":"ZBEWRiNN8xmOXrb","url":"https://www.tiktok.com/@n_kacha629","retryCount":11}[39m
[36m[apify.tiktok-profile-scraper runId:TNnISJbmhBuQpHEoE][0m -> Status: RUNNING, Message: Scraped 0/1 profiles
[36m[apify.tiktok-profile-scraper runId:TNnISJbmhBuQpHEoE][0m -> 2026-08-14T10:45:58.992Z [32mINFO[39m  [Status message]: Scraped 0/1 profiles
[36m[apify.tiktok-profile-scraper runId:TNnISJbmhBuQpHEoE][0m -> 2026-08-14T10:45:59.099Z [32mINFO[39m [33m CheerioCrawler:Statistics:[39m CheerioCrawler request statistics:[90m {"requestAvgFailedDurationMillis":null,"requestAvgFinishedDurationMillis":7198,"requestsFinishedPerMinute":1,"requestsFailedPerMinute":0,"requestTotalDurationMillis":7198,"requestsTotal":1,"crawlerRuntimeMillis":60164,"retryHistogram":[null,1]}[39m
[36m[apify.tiktok-profile-scraper runId:TNnISJbmhBuQpHEoE][0m -> Status: RUNNING, Message: Crawled 1/6 pages, 0 failed requests, desired concurrency 10.
[36m[apify.tiktok-profile-scraper runId:TNnISJbmhBuQpHEoE][0m -> 2026-08-14T10:45:59.102Z [32mINFO[39m [33m CheerioCrawler:AutoscaledPool:[39m state[90m {"currentConcurrency":0,"desiredConcurrency":10,"systemStatus":{"isSystemIdle":true,"memInfo":{"isOverloaded":false,"limitRatio":0.2,"actualRatio":0},"eventLoopInfo":{"isOverloaded":false,"limitRatio":0.7,"actualRatio":0.077},"cpuInfo":{"isOverloaded":false,"limitRatio":0.4,"actualRatio":0},"clientInfo":{"isOverloaded":false,"limitRatio":0.3,"actualRatio":0}}}[39m
[36m[apify.tiktok-profile-scraper runId:TNnISJbmhBuQpHEoE][0m -> 2026-08-14T10:46:03.435Z [33mWARN[39m [33m CheerioCrawler:[39m Reclaiming failed request back to the list or queue. Failed to parse TikTok response: Unexpected end of JSON input --- https://www.tiktok.com/@n_kacha629
[36m[apify.tiktok-profile-scraper runId:TNnISJbmhBuQpHEoE][0m -> 2026-08-14T10:46:03.435Z     at makeWebApiCall (file:///home/myuser/dist/src/tools/api/web/make-web-api-call.js:114:23)[90m {"id":"HXELivGGetdb3Pr","url":"https://www.tiktok.com/@n_kacha629","retryCount":10}[39m
[36m[apify.tiktok-profile-scraper runId:TNnISJbmhBuQpHEoE][0m -> 2026-08-14T10:46:04.286Z [33mWARN[39m [33m CheerioCrawler:[39m Reclaiming failed request back to the list or queue. Failed to parse TikTok response: Unexpected end of JSON input --- https://www.tiktok.com/@n_kacha629
[36m[apify.tiktok-profile-scraper runId:TNnISJbmhBuQpHEoE][0m -> 2026-08-14T10:46:04.286Z     at makeWebApiCall (file:///home/myuser/dist/src/tools/api/web/make-web-api-call.js:114:23)[90m {"id":"3FEazC61h0Tcej7","url":"https://www.tiktok.com/@n_kacha629","retryCount":10}[39m
[36m[apify.tiktok-profile-scraper runId:TNnISJbmhBuQpHEoE][0m -> 2026-08-14T10:46:04.733Z [33mWARN[39m [33m CheerioCrawler:[39m Reclaiming failed request back to the list or queue. Failed to parse TikTok response: Unexpected end of JSON input --- https://www.tiktok.com/@n_kacha629
[36m[apify.tiktok-profile-scraper runId:TNnISJbmhBuQpHEoE][0m -> 2026-08-14T10:46:04.740Z     at makeWebApiCall (file:///home/myuser/dist/src/tools/api/web/make-web-api-call.js:114:23)[90m {"id":"CrgCJMIdrftG3wy","url":"https://www.tiktok.com/@n_kacha629","retryCount":11}[39m
[36m[apify.tiktok-profile-scraper runId:TNnISJbmhBuQpHEoE][0m -> 2026-08-14T10:46:05.221Z [33mWARN[39m [33m CheerioCrawler:[39m Reclaiming failed request back to the list or queue. Failed to parse TikTok response: Unexpected end of JSON input --- https://www.tiktok.com/@n_kacha629
[36m[apify.tiktok-profile-scraper runId:TNnISJbmhBuQpHEoE][0m -> 2026-08-14T10:46:05.221Z     at makeWebApiCall (file:///home/myuser/dist/src/tools/api/web/make-web-api-call.js:114:23)[90m {"id":"ZBEWRiNN8xmOXrb","url":"https://www.tiktok.com/@n_kacha629","retryCount":12}[39m
[36m[apify.tiktok-profile-scraper runId:TNnISJbmhBuQpHEoE][0m -> 2026-08-14T10:46:05.316Z [33mWARN[39m [33m CheerioCrawler:[39m Reclaiming failed request back to the list or queue. Failed to parse TikTok response: Unexpected end of JSON input --- https://www.tiktok.com/@n_kacha629
[36m[apify.tiktok-profile-scraper runId:TNnISJbmhBuQpHEoE][0m -> 2026-08-14T10:46:05.316Z     at makeWebApiCall (file:///home/myuser/dist/src/tools/api/web/make-web-api-call.js:114:23)[90m {"id":"R1QJu9Id5jXOPSc","url":"https://www.tiktok.com/@n_kacha629","retryCount":11}[39m
[36m[apify.tiktok-profile-scraper runId:TNnISJbmhBuQpHEoE][0m -> 2026-08-14T10:46:08.418Z [33mWARN[39m [33m CheerioCrawler:[39m Reclaiming failed request back to the list or queue. Failed to parse TikTok response: Unexpected end of JSON input --- https://www.tiktok.com/@n_kacha629
[36m[apify.tiktok-profile-scraper runId:TNnISJbmhBuQpHEoE][0m -> 2026-08-14T10:46:08.419Z     at makeWebApiCall (file:///home/myuser/dist/src/tools/api/web/make-web-api-call.js:114:23)[90m {"id":"HXELivGGetdb3Pr","url":"https://www.tiktok.com/@n_kacha629","retryCount":11}[39m
[36m[apify.tiktok-profile-scraper runId:TNnISJbmhBuQpHEoE][0m -> 2026-08-14T10:46:08.992Z [32mINFO[39m  [Status message]: Scraped 0/1 profiles
[36m[apify.tiktok-profile-scraper runId:TNnISJbmhBuQpHEoE][0m -> 2026-08-14T10:46:10.299Z [33mWARN[39m [33m CheerioCrawler:[39m Reclaiming failed request back to the list or queue. Failed to parse TikTok response: Unexpected end of JSON input --- https://www.tiktok.com/@n_kacha629
[36m[apify.tiktok-profile-scraper runId:TNnISJbmhBuQpHEoE][0m -> 2026-08-14T10:46:10.300Z     at makeWebApiCall (file:///home/myuser/dist/src/tools/api/web/make-web-api-call.js:114:23)[90m {"id":"R1QJu9Id5jXOPSc","url":"https://www.tiktok.com/@n_kacha629","retryCount":12}[39m
[36m[apify.tiktok-profile-scraper runId:TNnISJbmhBuQpHEoE][0m -> 2026-08-14T10:46:10.425Z [33mWARN[39m [33m CheerioCrawler:[39m Reclaiming failed request back to the list or queue. Failed to parse TikTok response: Unexpected end of JSON input --- https://www.tiktok.com/@n_kacha629
[36m[apify.tiktok-profile-scraper runId:TNnISJbmhBuQpHEoE][0m -> 2026-08-14T10:46:10.430Z     at makeWebApiCall (file:///home/myuser/dist/src/tools/api/web/make-web-api-call.js:114:23)[90m {"id":"ZBEWRiNN8xmOXrb","url":"https://www.tiktok.com/@n_kacha629","retryCount":13}[39m
[36m[apify.tiktok-profile-scraper runId:TNnISJbmhBuQpHEoE][0m -> 2026-08-14T10:46:10.570Z [33mWARN[39m [33m CheerioCrawler:[39m Reclaiming failed request back to the list or queue. Failed to parse TikTok response: Unexpected end of JSON input --- https://www.tiktok.com/@n_kacha629
[36m[apify.tiktok-profile-scraper runId:TNnISJbmhBuQpHEoE][0m -> 2026-08-14T10:46:10.571Z     at makeWebApiCall (file:///home/myuser/dist/src/tools/api/web/make-web-api-call.js:114:23)[90m {"id":"CrgCJMIdrftG3wy","url":"https://www.tiktok.com/@n_kacha629","retryCount":12}[39m
[36m[apify.tiktok-profile-scraper runId:TNnISJbmhBuQpHEoE][0m -> 2026-08-14T10:46:11.012Z [33mWARN[39m [33m CheerioCrawler:[39m Reclaiming failed request back to the list or queue. Failed to parse TikTok response: Unexpected end of JSON input --- https://www.tiktok.com/@n_kacha629
[36m[apify.tiktok-profile-scraper runId:TNnISJbmhBuQpHEoE][0m -> 2026-08-14T10:46:11.013Z     at makeWebApiCall (file:///home/myuser/dist/src/tools/api/web/make-web-api-call.js:114:23)[90m {"id":"3FEazC61h0Tcej7","url":"https://www.tiktok.com/@n_kacha629","retryCount":11}[39m
[36m[apify.tiktok-profile-scraper runId:TNnISJbmhBuQpHEoE][0m -> 2026-08-14T10:46:13.209Z [33mWARN[39m [33m CheerioCrawler:[39m Reclaiming failed request back to the list or queue. Failed to send API request with exit code: CURLE_RECV_ERROR (56), retrying
[36m[apify.tiktok-profile-scraper runId:TNnISJbmhBuQpHEoE][0m -> 2026-08-14T10:46:13.210Z     at async sendCurlRequest (file:///home/myuser/dist/src/tools/api/curl-request.js:27:43)[90m {"id":"HXELivGGetdb3Pr","url":"https://www.tiktok.com/@n_kacha629","retryCount":12}[39m
[36m[apify.tiktok-profile-scraper runId:TNnISJbmhBuQpHEoE][0m -> 2026-08-14T10:46:15.783Z [33mWARN[39m [33m CheerioCrawler:[39m Reclaiming failed request back to the list or queue. Failed to parse TikTok response: Unexpected end of JSON input --- https://www.tiktok.com/@n_kacha629
[36m[apify.tiktok-profile-scraper runId:TNnISJbmhBuQpHEoE][0m -> 2026-08-14T10:46:15.784Z     at makeWebApiCall (file:///home/myuser/dist/src/tools/api/web/make-web-api-call.js:114:23)[90m {"id":"CrgCJMIdrftG3wy","url":"https://www.tiktok.com/@n_kacha629","retryCount":13}[39m
[36m[apify.tiktok-profile-scraper runId:TNnISJbmhBuQpHEoE][0m -> 2026-08-14T10:46:16.136Z [33mWARN[39m [33m CheerioCrawler:[39m Reclaiming failed request back to the list or queue. Failed to parse TikTok response: Unexpected end of JSON input --- https://www.tiktok.com/@n_kacha629
[36m[apify.tiktok-profile-scraper runId:TNnISJbmhBuQpHEoE][0m -> 2026-08-14T10:46:16.137Z     at makeWebApiCall (file:///home/myuser/dist/src/tools/api/web/make-web-api-call.js:114:23)[90m {"id":"ZBEWRiNN8xmOXrb","url":"https://www.tiktok.com/@n_kacha629","retryCount":14}[39m
[36m[apify.tiktok-profile-scraper runId:TNnISJbmhBuQpHEoE][0m -> 2026-08-14T10:46:17.797Z [33mWARN[39m [33m CheerioCrawler:[39m Reclaiming failed request back to the list or queue. Failed to parse TikTok response: Unexpected end of JSON input --- https://www.tiktok.com/@n_kacha629
[36m[apify.tiktok-profile-scraper runId:TNnISJbmhBuQpHEoE][0m -> 2026-08-14T10:46:17.808Z     at makeWebApiCall (file:///home/myuser/dist/src/tools/api/web/make-web-api-call.js:114:23)[90m {"id":"3FEazC61h0Tcej7","url":"https://www.tiktok.com/@n_kacha629","retryCount":12}[39m
[36m[apify.tiktok-profile-scraper runId:TNnISJbmhBuQpHEoE][0m -> 2026-08-14T10:46:18.992Z [32mINFO[39m  [Status message]: Scraped 0/1 profiles
[36m[apify.tiktok-profile-scraper runId:TNnISJbmhBuQpHEoE][0m -> 2026-08-14T10:46:19.340Z [33mWARN[39m [33m CheerioCrawler:[39m Reclaiming failed request back to the list or queue. Failed to parse TikTok response: Unexpected end of JSON input --- https://www.tiktok.com/@n_kacha629
[36m[apify.tiktok-profile-scraper runId:TNnISJbmhBuQpHEoE][0m -> 2026-08-14T10:46:19.341Z     at makeWebApiCall (file:///home/myuser/dist/src/tools/api/web/make-web-api-call.js:114:23)[90m {"id":"HXELivGGetdb3Pr","url":"https://www.tiktok.com/@n_kacha629","retryCount":13}[39m
[36m[apify.tiktok-profile-scraper runId:TNnISJbmhBuQpHEoE][0m -> 2026-08-14T10:46:21.649Z [33mWARN[39m [33m CheerioCrawler:[39m Reclaiming failed request back to the list or queue. Failed to parse TikTok response: Unexpected end of JSON input --- https://www.tiktok.com/@n_kacha629
[36m[apify.tiktok-profile-scraper runId:TNnISJbmhBuQpHEoE][0m -> 2026-08-14T10:46:21.650Z     at makeWebApiCall (file:///home/myuser/dist/src/tools/api/web/make-web-api-call.js:114:23)[90m {"id":"CrgCJMIdrftG3wy","url":"https://www.tiktok.com/@n_kacha629","retryCount":14}[39m
[36m[apify.tiktok-profile-scraper runId:TNnISJbmhBuQpHEoE][0m -> 2026-08-14T10:46:22.891Z [33mWARN[39m [33m CheerioCrawler:[39m Reclaiming failed request back to the list or queue. Failed to parse TikTok response: Unexpected end of JSON input --- https://www.tiktok.com/@n_kacha629
[36m[apify.tiktok-profile-scraper runId:TNnISJbmhBuQpHEoE][0m -> 2026-08-14T10:46:22.892Z     at makeWebApiCall (file:///home/myuser/dist/src/tools/api/web/make-web-api-call.js:114:23)[90m {"id":"R1QJu9Id5jXOPSc","url":"https://www.tiktok.com/@n_kacha629","retryCount":13}[39m
[36m[apify.tiktok-profile-scraper runId:TNnISJbmhBuQpHEoE][0m -> 2026-08-14T10:46:23.409Z [33mWARN[39m [33m CheerioCrawler:[39m Reclaiming failed request back to the list or queue. Failed to parse TikTok response: Unexpected end of JSON input --- https://www.tiktok.com/@n_kacha629
[36m[apify.tiktok-profile-scraper runId:TNnISJbmhBuQpHEoE][0m -> 2026-08-14T10:46:23.410Z     at makeWebApiCall (file:///home/myuser/dist/src/tools/api/web/make-web-api-call.js:114:23)[90m {"id":"ZBEWRiNN8xmOXrb","url":"https://www.tiktok.com/@n_kacha629","retryCount":15}[39m
[36m[apify.tiktok-profile-scraper runId:TNnISJbmhBuQpHEoE][0m -> 2026-08-14T10:46:24.043Z [33mWARN[39m [33m CheerioCrawler:[39m Reclaiming failed request back to the list or queue. Failed to parse TikTok response: Unexpected end of JSON input --- https://www.tiktok.com/@n_kacha629
[36m[apify.tiktok-profile-scraper runId:TNnISJbmhBuQpHEoE][0m -> 2026-08-14T10:46:24.046Z     at makeWebApiCall (file:///home/myuser/dist/src/tools/api/web/make-web-api-call.js:114:23)[90m {"id":"3FEazC61h0Tcej7","url":"https://www.tiktok.com/@n_kacha629","retryCount":13}[39m
[36m[apify.tiktok-profile-scraper runId:TNnISJbmhBuQpHEoE][0m -> 2026-08-14T10:46:25.141Z [33mWARN[39m [33m CheerioCrawler:[39m Reclaiming failed request back to the list or queue. Failed to send API request with exit code: CURLE_RECV_ERROR (56), retrying
[36m[apify.tiktok-profile-scraper runId:TNnISJbmhBuQpHEoE][0m -> 2026-08-14T10:46:25.150Z     at async sendCurlRequest (file:///home/myuser/dist/src/tools/api/curl-request.js:27:43)[90m {"id":"HXELivGGetdb3Pr","url":"https://www.tiktok.com/@n_kacha629","retryCount":14}[39m
[36m[apify.tiktok-profile-scraper runId:TNnISJbmhBuQpHEoE][0m -> 2026-08-14T10:46:25.157Z [33mWARN[39m [33m CheerioCrawler:[39m Reclaiming failed request back to the list or queue. Failed to send API request with exit code: CURLE_RECV_ERROR (56), retrying
[36m[apify.tiktok-profile-scraper runId:TNnISJbmhBuQpHEoE][0m -> 2026-08-14T10:46:25.161Z     at async sendCurlRequest (file:///home/myuser/dist/src/tools/api/curl-request.js:27:43)[90m {"id":"CrgCJMIdrftG3wy","url":"https://www.tiktok.com/@n_kacha629","retryCount":15}[39m
[36m[apify.tiktok-profile-scraper runId:TNnISJbmhBuQpHEoE][0m -> 2026-08-14T10:46:26.250Z [33mWARN[39m [33m CheerioCrawler:[39m Reclaiming failed request back to the list or queue. Failed to send API request with exit code: CURLE_RECV_ERROR (56), retrying
[36m[apify.tiktok-profile-scraper runId:TNnISJbmhBuQpHEoE][0m -> 2026-08-14T10:46:26.251Z     at async sendCurlRequest (file:///home/myuser/dist/src/tools/api/curl-request.js:27:43)[90m {"id":"R1QJu9Id5jXOPSc","url":"https://www.tiktok.com/@n_kacha629","retryCount":14}[39m
[36m[apify.tiktok-profile-scraper runId:TNnISJbmhBuQpHEoE][0m -> 2026-08-14T10:46:26.925Z [31mERROR[39m[33m CheerioCrawler:[39m Request failed and reached maximum retries. Error: Failed to send API request with exit code: CURLE_RECV_ERROR (56), retrying
[36m[apify.tiktok-profile-scraper runId:TNnISJbmhBuQpHEoE][0m -> 2026-08-14T10:46:26.926Z     at CurlImpersonate.finishCurlSubprocess (/home/myuser/node_modules/apify-node-curl-impersonate/dist/curl-impersonate.js:234:19)
[36m[apify.tiktok-profile-scraper runId:TNnISJbmhBuQpHEoE][0m -> 2026-08-14T10:46:26.926Z     at process.processTicksAndRejections (node:internal/process/task_queues:104:5)
[36m[apify.tiktok-profile-scraper runId:TNnISJbmhBuQpHEoE][0m -> 2026-08-14T10:46:26.927Z     at async CurlImpersonate.handleCurlSubprocess (/home/myuser/node_modules/apify-node-curl-impersonate/dist/curl-impersonate.js:209:24)
[36m[apify.tiktok-profile-scraper runId:TNnISJbmhBuQpHEoE][0m -> 2026-08-14T10:46:26.928Z     at async CurlImpersonate.handleSendRequest (/home/myuser/node_modules/apify-node-curl-impersonate/dist/curl-impersonate.js:192:24)
[36m[apify.tiktok-profile-scraper runId:TNnISJbmhBuQpHEoE][0m -> 2026-08-14T10:46:26.928Z     at async CurlImpersonate.makeRequest (/home/myuser/node_modules/apify-node-curl-impersonate/dist/curl-impersonate.js:76:32)
[36m[apify.tiktok-profile-scraper runId:TNnISJbmhBuQpHEoE][0m -> 2026-08-14T10:46:26.929Z     at async sendCurlRequest (file:///home/myuser/dist/src/tools/api/curl-request.js:27:43)
[36m[apify.tiktok-profile-scraper runId:TNnISJbmhBuQpHEoE][0m -> 2026-08-14T10:46:26.929Z     at async file:///home/myuser/dist/src/tools/api/curl-request.js:62:18
[36m[apify.tiktok-profile-scraper runId:TNnISJbmhBuQpHEoE][0m -> 2026-08-14T10:46:26.930Z     at async makeWebApiCall (file:///home/myuser/dist/src/tools/api/web/make-web-api-call.js:39:26)
[36m[apify.tiktok-profile-scraper runId:TNnISJbmhBuQpHEoE][0m -> 2026-08-14T10:46:26.930Z     at async requestUserVideosAPI (file:///home/myuser/dist/src/routes/profile/profile-videos/profile-videos-route.js:247:22)
[36m[apify.tiktok-profile-scraper runId:TNnISJbmhBuQpHEoE][0m -> 2026-08-14T10:46:26.931Z     at async dealWithProfileListAPI (file:///home/myuser/dist/src/routes/profile/profile-videos/profile-videos-route.js:21:68)[90m {"id":"ZBEWRiNN8xmOXrb","url":"https://www.tiktok.com/@n_kacha629","method":"GET","uniqueKey":"https://www.tiktok.com/@n_kacha629__0-1__videos"}[39m
[36m[apify.tiktok-profile-scraper runId:TNnISJbmhBuQpHEoE][0m -> 2026-08-14T10:46:27.483Z [33mWARN[39m [33m CheerioCrawler:[39m Reclaiming failed request back to the list or queue. Failed to send API request with exit code: CURLE_RECV_ERROR (56), retrying
[36m[apify.tiktok-profile-scraper runId:TNnISJbmhBuQpHEoE][0m -> 2026-08-14T10:46:27.484Z     at async sendCurlRequest (file:///home/myuser/dist/src/tools/api/curl-request.js:27:43)[90m {"id":"3FEazC61h0Tcej7","url":"https://www.tiktok.com/@n_kacha629","retryCount":14}[39m
[36m[apify.tiktok-profile-scraper runId:TNnISJbmhBuQpHEoE][0m -> 2026-08-14T10:46:28.630Z [33mWARN[39m [33m CheerioCrawler:[39m Reclaiming failed request back to the list or queue. Failed to send API request with exit code: CURLE_RECV_ERROR (56), retrying
[36m[apify.tiktok-profile-scraper runId:TNnISJbmhBuQpHEoE][0m -> 2026-08-14T10:46:28.631Z     at async sendCurlRequest (file:///home/myuser/dist/src/tools/api/curl-request.js:27:43)[90m {"id":"HXELivGGetdb3Pr","url":"https://www.tiktok.com/@n_kacha629","retryCount":15}[39m
[36m[apify.tiktok-profile-scraper runId:TNnISJbmhBuQpHEoE][0m -> 2026-08-14T10:46:28.742Z [31mERROR[39m[33m CheerioCrawler:[39m Request failed and reached maximum retries. Error: Failed to send API request with exit code: CURLE_RECV_ERROR (56), retrying
[36m[apify.tiktok-profile-scraper runId:TNnISJbmhBuQpHEoE][0m -> 2026-08-14T10:46:28.743Z     at CurlImpersonate.finishCurlSubprocess (/home/myuser/node_modules/apify-node-curl-impersonate/dist/curl-impersonate.js:234:19)
[36m[apify.tiktok-profile-scraper runId:TNnISJbmhBuQpHEoE][0m -> 2026-08-14T10:46:28.743Z     at async CurlImpersonate.handleCurlSubprocess (/home/myuser/node_modules/apify-node-curl-impersonate/dist/curl-impersonate.js:209:24)
[36m[apify.tiktok-profile-scraper runId:TNnISJbmhBuQpHEoE][0m -> 2026-08-14T10:46:28.744Z     at async CurlImpersonate.handleSendRequest (/home/myuser/node_modules/apify-node-curl-impersonate/dist/curl-impersonate.js:192:24)
[36m[apify.tiktok-profile-scraper runId:TNnISJbmhBuQpHEoE][0m -> 2026-08-14T10:46:28.745Z     at async CurlImpersonate.makeRequest (/home/myuser/node_modules/apify-node-curl-impersonate/dist/curl-impersonate.js:76:32)
[36m[apify.tiktok-profile-scraper runId:TNnISJbmhBuQpHEoE][0m -> 2026-08-14T10:46:28.745Z     at async sendCurlRequest (file:///home/myuser/dist/src/tools/api/curl-request.js:27:43)
[36m[apify.tiktok-profile-scraper runId:TNnISJbmhBuQpHEoE][0m -> 2026-08-14T10:46:28.746Z     at async file:///home/myuser/dist/src/tools/api/curl-request.js:62:18
[36m[apify.tiktok-profile-scraper runId:TNnISJbmhBuQpHEoE][0m -> 2026-08-14T10:46:28.747Z     at async makeWebApiCall (file:///home/myuser/dist/src/tools/api/web/make-web-api-call.js:39:26)
[36m[apify.tiktok-profile-scraper runId:TNnISJbmhBuQpHEoE][0m -> 2026-08-14T10:46:28.748Z     at async requestUserVideosAPI (file:///home/myuser/dist/src/routes/profile/profile-videos/profile-videos-route.js:247:22)
[36m[apify.tiktok-profile-scraper runId:TNnISJbmhBuQpHEoE][0m -> 2026-08-14T10:46:28.748Z     at async dealWithProfileListAPI (file:///home/myuser/dist/src/routes/profile/profile-videos/profile-videos-route.js:21:68)
[36m[apify.tiktok-profile-scraper runId:TNnISJbmhBuQpHEoE][0m -> 2026-08-14T10:46:28.749Z     at async file:///home/myuser/dist/src/crawler-factories/crawler.js:59:17[90m {"id":"CrgCJMIdrftG3wy","url":"https://www.tiktok.com/@n_kacha629","method":"GET","uniqueKey":"https://www.tiktok.com/@n_kacha629__0-0__videos"}[39m
[36m[apify.tiktok-profile-scraper runId:TNnISJbmhBuQpHEoE][0m -> Status: RUNNING, Message: Experiencing problems, 2 failed requests in the past 10 seconds.
[36m[apify.tiktok-profile-scraper runId:TNnISJbmhBuQpHEoE][0m -> 2026-08-14T10:46:28.992Z [32mINFO[39m  [Status message]: Scraped 0/1 profiles
[36m[apify.tiktok-profile-scraper runId:TNnISJbmhBuQpHEoE][0m -> 2026-08-14T10:46:29.808Z [33mWARN[39m [33m CheerioCrawler:[39m Reclaiming failed request back to the list or queue. Failed to send API request with exit code: CURLE_RECV_ERROR (56), retrying
[36m[apify.tiktok-profile-scraper runId:TNnISJbmhBuQpHEoE][0m -> 2026-08-14T10:46:29.809Z     at async sendCurlRequest (file:///home/myuser/dist/src/tools/api/curl-request.js:27:43)[90m {"id":"R1QJu9Id5jXOPSc","url":"https://www.tiktok.com/@n_kacha629","retryCount":15}[39m
[36m[apify.tiktok-profile-scraper runId:TNnISJbmhBuQpHEoE][0m -> 2026-08-14T10:46:32.834Z [33mWARN[39m [33m CheerioCrawler:[39m Reclaiming failed request back to the list or queue. Failed to parse TikTok response: Unexpected end of JSON input --- https://www.tiktok.com/@n_kacha629
[36m[apify.tiktok-profile-scraper runId:TNnISJbmhBuQpHEoE][0m -> 2026-08-14T10:46:32.835Z     at makeWebApiCall (file:///home/myuser/dist/src/tools/api/web/make-web-api-call.js:114:23)[90m {"id":"3FEazC61h0Tcej7","url":"https://www.tiktok.com/@n_kacha629","retryCount":15}[39m
[36m[apify.tiktok-profile-scraper runId:TNnISJbmhBuQpHEoE][0m -> 2026-08-14T10:46:34.391Z [31mERROR[39m[33m CheerioCrawler:[39m Request failed and reached maximum retries. Error: Failed to parse TikTok response: Unexpected end of JSON input --- https://www.tiktok.com/@n_kacha629
[36m[apify.tiktok-profile-scraper runId:TNnISJbmhBuQpHEoE][0m -> 2026-08-14T10:46:34.392Z     at makeWebApiCall (file:///home/myuser/dist/src/tools/api/web/make-web-api-call.js:114:23)
[36m[apify.tiktok-profile-scraper runId:TNnISJbmhBuQpHEoE][0m -> 2026-08-14T10:46:34.393Z     at process.processTicksAndRejections (node:internal/process/task_queues:104:5)
[36m[apify.tiktok-profile-scraper runId:TNnISJbmhBuQpHEoE][0m -> 2026-08-14T10:46:34.393Z     at async requestUserVideosAPI (file:///home/myuser/dist/src/routes/profile/profile-videos/profile-videos-route.js:247:22)
[36m[apify.tiktok-profile-scraper runId:TNnISJbmhBuQpHEoE][0m -> 2026-08-14T10:46:34.394Z     at async dealWithProfileListAPI (file:///home/myuser/dist/src/routes/profile/profile-videos/profile-videos-route.js:21:68)
[36m[apify.tiktok-profile-scraper runId:TNnISJbmhBuQpHEoE][0m -> 2026-08-14T10:46:34.395Z     at async file:///home/myuser/dist/src/crawler-factories/crawler.js:59:17
[36m[apify.tiktok-profile-scraper runId:TNnISJbmhBuQpHEoE][0m -> 2026-08-14T10:46:34.395Z     at async CheerioCrawler.requestHandler (file:///home/myuser/dist/src/crawler-factories/crawler.js:58:13)
[36m[apify.tiktok-profile-scraper runId:TNnISJbmhBuQpHEoE][0m -> 2026-08-14T10:46:34.396Z     at async wrap (/home/myuser/node_modules/@apify/timeout/cjs/index.cjs:54:21)[90m {"id":"R1QJu9Id5jXOPSc","url":"https://www.tiktok.com/@n_kacha629","method":"GET","uniqueKey":"https://www.tiktok.com/@n_kacha629__0-3__videos"}[39m
[36m[apify.tiktok-profile-scraper runId:TNnISJbmhBuQpHEoE][0m -> 2026-08-14T10:46:34.855Z [31mERROR[39m[33m CheerioCrawler:[39m Request failed and reached maximum retries. Error: Failed to parse TikTok response: Unexpected end of JSON input --- https://www.tiktok.com/@n_kacha629
[36m[apify.tiktok-profile-scraper runId:TNnISJbmhBuQpHEoE][0m -> 2026-08-14T10:46:34.856Z     at makeWebApiCall (file:///home/myuser/dist/src/tools/api/web/make-web-api-call.js:114:23)
[36m[apify.tiktok-profile-scraper runId:TNnISJbmhBuQpHEoE][0m -> 2026-08-14T10:46:34.857Z     at process.processTicksAndRejections (node:internal/process/task_queues:104:5)
[36m[apify.tiktok-profile-scraper runId:TNnISJbmhBuQpHEoE][0m -> 2026-08-14T10:46:34.857Z     at async requestUserVideosAPI (file:///home/myuser/dist/src/routes/profile/profile-videos/profile-videos-route.js:247:22)
[36m[apify.tiktok-profile-scraper runId:TNnISJbmhBuQpHEoE][0m -> 2026-08-14T10:46:34.858Z     at async dealWithProfileListAPI (file:///home/myuser/dist/src/routes/profile/profile-videos/profile-videos-route.js:21:68)
[36m[apify.tiktok-profile-scraper runId:TNnISJbmhBuQpHEoE][0m -> 2026-08-14T10:46:34.859Z     at async file:///home/myuser/dist/src/crawler-factories/crawler.js:59:17
[36m[apify.tiktok-profile-scraper runId:TNnISJbmhBuQpHEoE][0m -> 2026-08-14T10:46:34.859Z     at async CheerioCrawler.requestHandler (file:///home/myuser/dist/src/crawler-factories/crawler.js:58:13)
[36m[apify.tiktok-profile-scraper runId:TNnISJbmhBuQpHEoE][0m -> 2026-08-14T10:46:34.860Z     at async wrap (/home/myuser/node_modules/@apify/timeout/cjs/index.cjs:54:21)[90m {"id":"HXELivGGetdb3Pr","url":"https://www.tiktok.com/@n_kacha629","method":"GET","uniqueKey":"https://www.tiktok.com/@n_kacha629__0-2__videos"}[39m
[36m[apify.tiktok-profile-scraper runId:TNnISJbmhBuQpHEoE][0m -> 2026-08-14T10:46:38.630Z [31mERROR[39m[33m CheerioCrawler:[39m Request failed and reached maximum retries. Error: Failed to parse TikTok response: Unexpected end of JSON input --- https://www.tiktok.com/@n_kacha629
[36m[apify.tiktok-profile-scraper runId:TNnISJbmhBuQpHEoE][0m -> 2026-08-14T10:46:38.635Z     at makeWebApiCall (file:///home/myuser/dist/src/tools/api/web/make-web-api-call.js:114:23)
[36m[apify.tiktok-profile-scraper runId:TNnISJbmhBuQpHEoE][0m -> 2026-08-14T10:46:38.635Z     at async requestUserVideosAPI (file:///home/myuser/dist/src/routes/profile/profile-videos/profile-videos-route.js:247:22)
[36m[apify.tiktok-profile-scraper runId:TNnISJbmhBuQpHEoE][0m -> 2026-08-14T10:46:38.636Z     at async dealWithProfileListAPI (file:///home/myuser/dist/src/routes/profile/profile-videos/profile-videos-route.js:21:68)
[36m[apify.tiktok-profile-scraper runId:TNnISJbmhBuQpHEoE][0m -> 2026-08-14T10:46:38.637Z     at async file:///home/myuser/dist/src/crawler-factories/crawler.js:59:17
[36m[apify.tiktok-profile-scraper runId:TNnISJbmhBuQpHEoE][0m -> 2026-08-14T10:46:38.637Z     at async CheerioCrawler.requestHandler (file:///home/myuser/dist/src/crawler-factories/crawler.js:58:13)
[36m[apify.tiktok-profile-scraper runId:TNnISJbmhBuQpHEoE][0m -> 2026-08-14T10:46:38.638Z     at async wrap (/home/myuser/node_modules/@apify/timeout/cjs/index.cjs:54:21)[90m {"id":"3FEazC61h0Tcej7","url":"https://www.tiktok.com/@n_kacha629","method":"GET","uniqueKey":"https://www.tiktok.com/@n_kacha629__0-4__videos"}[39m
[36m[apify.tiktok-profile-scraper runId:TNnISJbmhBuQpHEoE][0m -> 2026-08-14T10:46:38.639Z [32mINFO[39m [33m CheerioCrawler:[39m All requests from the queue have been processed, the crawler will shut down.
[36m[apify.tiktok-profile-scraper runId:TNnISJbmhBuQpHEoE][0m -> 2026-08-14T10:46:38.815Z [32mINFO[39m [33m CheerioCrawler:[39m Final request statistics:[90m {"requestsFinished":1,"requestsFailed":5,"retryHistogram":[null,1,null,null,null,null,null,null,null,null,null,null,null,null,null,5],"requestAvgFailedDurationMillis":1256,"requestAvgFinishedDurationMillis":7198,"requestsFinishedPerMinute":1,"requestsFailedPerMinute":3,"requestTotalDurationMillis":13480,"requestsTotal":6,"crawlerRuntimeMillis":99880}[39m
[36m[apify.tiktok-profile-scraper runId:TNnISJbmhBuQpHEoE][0m -> 2026-08-14T10:46:38.816Z [32mINFO[39m [33m CheerioCrawler:[39m Error analysis:[90m {"totalErrors":5,"uniqueErrors":2,"mostCommonErrors":["3x: Failed to parse TikTok response: Unexpected end of JSON input --- https://www.tiktok.com/@n_kacha629 (file:///home/myuser/dist/src/tools/api/web/make-web-api-call.js:114:23)","2x: Failed to send API request with exit code: CURLE_RECV_ERROR (56), retrying (file:///home/myuser/dist/src/tools/api/curl-request.js:27:43)"]}[39m
[36m[apify.tiktok-profile-scraper runId:TNnISJbmhBuQpHEoE][0m -> 2026-08-14T10:46:38.817Z [32mINFO[39m [33m CheerioCrawler:[39m Finished! Total 6 requests: 1 succeeded, 5 failed.[90m {"terminal":true}[39m
[36m[apify.tiktok-profile-scraper runId:TNnISJbmhBuQpHEoE][0m -> 2026-08-14T10:46:38.818Z [32mINFO[39m  [Status message]: Scraped 0/1 profiles
[36m[apify.tiktok-profile-scraper runId:TNnISJbmhBuQpHEoE][0m -> 2026-08-14T10:46:38.916Z [32mINFO[39m  [Status message]: Scraped 0/1 profiles
[36m[apify.tiktok-profile-scraper runId:TNnISJbmhBuQpHEoE][0m -> Status: SUCCEEDED, Message: Scraped 0/1 profiles
[17:46:45]   SUCCEEDED | Scraped 0/1 profiles | 0 items
[17:46:45]   returned nothing - trying the next vendor
[17:46:45] preflight: apidojo/tiktok-profile-scraper
[36m[apify.tiktok-profile-scraper runId:xhjaFkmy0vxXQC0Am][0m -> Status: RUNNING, Message: 
[36m[apify.tiktok-profile-scraper runId:xhjaFkmy0vxXQC0Am][0m -> 2026-08-14T10:46:46.331Z [33mACTOR: [39mPulling container image of build 52ZYo0NCY0dgAAAiS from registry.
[36m[apify.tiktok-profile-scraper runId:xhjaFkmy0vxXQC0Am][0m -> 2026-08-14T10:46:46.334Z [33mACTOR: [39mCreating container.
[36m[apify.tiktok-profile-scraper runId:xhjaFkmy0vxXQC0Am][0m -> 2026-08-14T10:46:46.614Z [33mACTOR: [39mStarting container.
[36m[apify.tiktok-profile-scraper runId:xhjaFkmy0vxXQC0Am][0m -> 2026-08-14T10:46:46.617Z [33mACTOR: [39mRunning under "LIMITED_PERMISSIONS".
[36m[apify.tiktok-profile-scraper runId:xhjaFkmy0vxXQC0Am][0m -> 2026-08-14T10:46:51.068Z [32mINFO[39m  System info[90m {"apifyVersion":"3.4.2","apifyClientVersion":"2.12.4","crawleeVersion":"3.13.5","osType":"Linux","nodeVersion":"v22.23.2"}[39m
[36m[apify.tiktok-profile-scraper runId:xhjaFkmy0vxXQC0Am][0m -> 2026-08-14T10:46:51.237Z [32mINFO[39m  PHASE -- STARTING ACTOR.
[36m[apify.tiktok-profile-scraper runId:xhjaFkmy0vxXQC0Am][0m -> 2026-08-14T10:46:52.299Z [32mINFO[39m  PHASE -- SETTING UP CRAWLER.
[36m[apify.tiktok-profile-scraper runId:xhjaFkmy0vxXQC0Am][0m -> Status: RUNNING, Message: Your run has started.
[36m[apify.tiktok-profile-scraper runId:xhjaFkmy0vxXQC0Am][0m -> 2026-08-14T10:46:52.301Z [32mINFO[39m  [Status message]: Your run has started.
[36m[apify.tiktok-profile-scraper runId:xhjaFkmy0vxXQC0Am][0m -> 2026-08-14T10:46:52.383Z [33mWARN[39m  ###############################
[36m[apify.tiktok-profile-scraper runId:xhjaFkmy0vxXQC0Am][0m -> 2026-08-14T10:46:52.385Z [33mWARN[39m  Your run has started.
[36m[apify.tiktok-profile-scraper runId:xhjaFkmy0vxXQC0Am][0m -> 2026-08-14T10:46:52.403Z [33mWARN[39m  ###############################
[36m[apify.tiktok-profile-scraper runId:xhjaFkmy0vxXQC0Am][0m -> 2026-08-14T10:46:52.404Z [32mINFO[39m  PHASE -- CRAWLER STARTED.
[36m[apify.tiktok-profile-scraper runId:xhjaFkmy0vxXQC0Am][0m -> 2026-08-14T10:46:54.310Z [32mINFO[39m  Got 20 videos for n_kacha629 with page: 1
[36m[apify.tiktok-profile-scraper runId:xhjaFkmy0vxXQC0Am][0m -> Status: RUNNING, Message: Your run has finished.
[36m[apify.tiktok-profile-scraper runId:xhjaFkmy0vxXQC0Am][0m -> 2026-08-14T10:46:54.382Z [32mINFO[39m  [Status message]: Your run has finished.
[36m[apify.tiktok-profile-scraper runId:xhjaFkmy0vxXQC0Am][0m -> Status: SUCCEEDED, Message: Your run has finished.
[17:47:31]   SUCCEEDED | Your run has finished. | 3 items
[17:47:31] using apidojo/tiktok-profile-scraper
[17:47:31] 100 accounts, up to 30 videos each
[17:47:31] profiles 1-25 of 100
[36m[apify.tiktok-profile-scraper runId:I4JaWWahrxK4qs7S1][0m -> Status: RUNNING, Message: 
[36m[apify.tiktok-profile-scraper runId:I4JaWWahrxK4qs7S1][0m -> 2026-08-14T10:47:31.873Z [33mACTOR: [39mPulling container image of build 52ZYo0NCY0dgAAAiS from registry.
[36m[apify.tiktok-profile-scraper runId:I4JaWWahrxK4qs7S1][0m -> 2026-08-14T10:47:31.875Z [33mACTOR: [39mCreating container.
[36m[apify.tiktok-profile-scraper runId:I4JaWWahrxK4qs7S1][0m -> 2026-08-14T10:47:31.954Z [33mACTOR: [39mStarting container.
[36m[apify.tiktok-profile-scraper runId:I4JaWWahrxK4qs7S1][0m -> 2026-08-14T10:47:31.955Z [33mACTOR: [39mRunning under "LIMITED_PERMISSIONS".
[36m[apify.tiktok-profile-scraper runId:I4JaWWahrxK4qs7S1][0m -> 2026-08-14T10:47:33.455Z [32mINFO[39m  System info[90m {"apifyVersion":"3.4.2","apifyClientVersion":"2.12.4","crawleeVersion":"3.13.5","osType":"Linux","nodeVersion":"v22.23.2"}[39m
[36m[apify.tiktok-profile-scraper runId:I4JaWWahrxK4qs7S1][0m -> 2026-08-14T10:47:33.511Z [32mINFO[39m  PHASE -- STARTING ACTOR.
[36m[apify.tiktok-profile-scraper runId:I4JaWWahrxK4qs7S1][0m -> 2026-08-14T10:48:04.539Z [32mINFO[39m  PHASE -- SETTING UP CRAWLER.
[36m[apify.tiktok-profile-scraper runId:I4JaWWahrxK4qs7S1][0m -> 2026-08-14T10:48:04.539Z [32mINFO[39m  [Status message]: Your run has started.
[36m[apify.tiktok-profile-scraper runId:I4JaWWahrxK4qs7S1][0m -> 2026-08-14T10:48:04.839Z [33mWARN[39m  ###############################
[36m[apify.tiktok-profile-scraper runId:I4JaWWahrxK4qs7S1][0m -> 2026-08-14T10:48:04.839Z [33mWARN[39m  Your run has started.
[36m[apify.tiktok-profile-scraper runId:I4JaWWahrxK4qs7S1][0m -> 2026-08-14T10:48:04.840Z [33mWARN[39m  ###############################
[36m[apify.tiktok-profile-scraper runId:I4JaWWahrxK4qs7S1][0m -> Status: RUNNING, Message: Your run has started.
[36m[apify.tiktok-profile-scraper runId:I4JaWWahrxK4qs7S1][0m -> 2026-08-14T10:48:04.840Z [32mINFO[39m  PHASE -- CRAWLER STARTED.
[36m[apify.tiktok-profile-scraper runId:I4JaWWahrxK4qs7S1][0m -> 2026-08-14T10:48:07.741Z [32mINFO[39m  Got 20 videos for n_kacha629 with page: 1
[36m[apify.tiktok-profile-scraper runId:I4JaWWahrxK4qs7S1][0m -> 2026-08-14T10:48:08.236Z [32mINFO[39m  Got 20 videos for chalita_mungkhot with page: 1
[36m[apify.tiktok-profile-scraper runId:I4JaWWahrxK4qs7S1][0m -> 2026-08-14T10:48:08.637Z [32mINFO[39m  Got 20 videos for cxllmeichoh13 with page: 1
[36m[apify.tiktok-profile-scraper runId:I4JaWWahrxK4qs7S1][0m -> 2026-08-14T10:48:08.942Z [32mINFO[39m  Got 20 videos for pitch_087 with page: 1
[36m[apify.tiktok-profile-scraper runId:I4JaWWahrxK4qs7S1][0m -> 2026-08-14T10:48:09.139Z [32mINFO[39m  Got 20 videos for wannaphainta2542 with page: 1
[36m[apify.tiktok-profile-scraper runId:I4JaWWahrxK4qs7S1][0m -> 2026-08-14T10:48:10.136Z [32mINFO[39m  Got 20 videos for meenwrrt with page: 1
[36m[apify.tiktok-profile-scraper runId:I4JaWWahrxK4qs7S1][0m -> 2026-08-14T10:48:10.536Z [32mINFO[39m  Got 20 videos for _namtao_ with page: 1
[36m[apify.tiktok-profile-scraper runId:I4JaWWahrxK4qs7S1][0m -> 2026-08-14T10:48:10.637Z [32mINFO[39m  Got 20 videos for space.sez with page: 1
[36m[apify.tiktok-profile-scraper runId:I4JaWWahrxK4qs7S1][0m -> 2026-08-14T10:48:12.838Z [32mINFO[39m  Got 20 videos for _ariiyaa24 with page: 1
[36m[apify.tiktok-profile-scraper runId:I4JaWWahrxK4qs7S1][0m -> 2026-08-14T10:48:13.639Z [32mINFO[39m  Got 20 videos for berm1910 with page: 1
[36m[apify.tiktok-profile-scraper runId:I4JaWWahrxK4qs7S1][0m -> 2026-08-14T10:48:13.741Z [32mINFO[39m  Got 20 videos for fernly232 with page: 1
[36m[apify.tiktok-profile-scraper runId:I4JaWWahrxK4qs7S1][0m -> 2026-08-14T10:48:13.938Z [32mINFO[39m  Got 17 videos for n0ah.noahah with page: 1
[36m[apify.tiktok-profile-scraper runId:I4JaWWahrxK4qs7S1][0m -> 2026-08-14T10:48:14.538Z [32mINFO[39m  Got 20 videos for noonanduanglada with page: 1
[36m[apify.tiktok-profile-scraper runId:I4JaWWahrxK4qs7S1][0m -> 2026-08-14T10:48:15.541Z [32mINFO[39m  Got 20 videos for mooyor.007 with page: 1
[36m[apify.tiktok-profile-scraper runId:I4JaWWahrxK4qs7S1][0m -> 2026-08-14T10:48:15.736Z [32mINFO[39m  Got 20 videos for pach_pitchaya with page: 1
[36m[apify.tiktok-profile-scraper runId:I4JaWWahrxK4qs7S1][0m -> 2026-08-14T10:48:16.954Z [32mINFO[39m  Got 20 videos for jirada_1211 with page: 1
[36m[apify.tiktok-profile-scraper runId:I4JaWWahrxK4qs7S1][0m -> 2026-08-14T10:48:17.164Z [32mINFO[39m  Got 20 videos for kanticha1100 with page: 1
[36m[apify.tiktok-profile-scraper runId:I4JaWWahrxK4qs7S1][0m -> 2026-08-14T10:48:17.240Z [32mINFO[39m  Got 20 videos for narisarasidanot with page: 1
[36m[apify.tiktok-profile-scraper runId:I4JaWWahrxK4qs7S1][0m -> 2026-08-14T10:48:17.541Z [32mINFO[39m  Got 5 videos for chub2885 with page: 1
[36m[apify.tiktok-profile-scraper runId:I4JaWWahrxK4qs7S1][0m -> 2026-08-14T10:48:18.044Z [32mINFO[39m  Got 20 videos for yaa.sureeya with page: 1
[36m[apify.tiktok-profile-scraper runId:I4JaWWahrxK4qs7S1][0m -> 2026-08-14T10:48:18.244Z [32mINFO[39m  Got 20 videos for .ai4097 with page: 1
[36m[apify.tiktok-profile-scraper runId:I4JaWWahrxK4qs7S1][0m -> 2026-08-14T10:48:20.337Z [32mINFO[39m  Got 20 videos for rungtipsirkoon with page: 1
[36m[apify.tiktok-profile-scraper runId:I4JaWWahrxK4qs7S1][0m -> 2026-08-14T10:48:20.438Z [32mINFO[39m  Got 20 videos for bim0806 with page: 1
[36m[apify.tiktok-profile-scraper runId:I4JaWWahrxK4qs7S1][0m -> 2026-08-14T10:48:20.539Z [32mINFO[39m  Got 20 videos for chalita_mungkhot with page: 2
[36m[apify.tiktok-profile-scraper runId:I4JaWWahrxK4qs7S1][0m -> 2026-08-14T10:48:20.638Z [32mINFO[39m  Got 17 videos for pitch_087 with page: 2
[36m[apify.tiktok-profile-scraper runId:I4JaWWahrxK4qs7S1][0m -> 2026-08-14T10:48:20.837Z [32mINFO[39m  Got 20 videos for tm40516 with page: 1
[36m[apify.tiktok-profile-scraper runId:I4JaWWahrxK4qs7S1][0m -> 2026-08-14T10:48:20.936Z [32mINFO[39m  Got 20 videos for cxllmeichoh13 with page: 2
[36m[apify.tiktok-profile-scraper runId:I4JaWWahrxK4qs7S1][0m -> 2026-08-14T10:48:20.939Z [32mINFO[39m  Got 17 videos for n_kacha629 with page: 2
[36m[apify.tiktok-profile-scraper runId:I4JaWWahrxK4qs7S1][0m -> 2026-08-14T10:48:21.337Z [32mINFO[39m  Got 20 videos for soleil_siriporn with page: 1
[36m[apify.tiktok-profile-scraper runId:I4JaWWahrxK4qs7S1][0m -> 2026-08-14T10:48:22.237Z [32mINFO[39m  Got 18 videos for meenwrrt with page: 2
[36m[apify.tiktok-profile-scraper runId:I4JaWWahrxK4qs7S1][0m -> 2026-08-14T10:48:22.439Z [32mINFO[39m  Got 15 videos for space.sez with page: 2
[36m[apify.tiktok-profile-scraper runId:I4JaWWahrxK4qs7S1][0m -> 2026-08-14T10:48:22.537Z [32mINFO[39m  Got 18 videos for wannaphainta2542 with page: 2
[36m[apify.tiktok-profile-scraper runId:I4JaWWahrxK4qs7S1][0m -> 2026-08-14T10:48:23.295Z [32mINFO[39m  Got 20 videos for pach_pitchaya with page: 2
[36m[apify.tiktok-profile-scraper runId:I4JaWWahrxK4qs7S1][0m -> 2026-08-14T10:48:23.578Z [32mINFO[39m  Got 1 videos for _ariiyaa24 with page: 2
[36m[apify.tiktok-profile-scraper runId:I4JaWWahrxK4qs7S1][0m -> 2026-08-14T10:48:23.638Z [32mINFO[39m  Got 20 videos for berm1910 with page: 2
[36m[apify.tiktok-profile-scraper runId:I4JaWWahrxK4qs7S1][0m -> 2026-08-14T10:48:24.046Z [32mINFO[39m  Got 16 videos for _namtao_ with page: 2
[36m[apify.tiktok-profile-scraper runId:I4JaWWahrxK4qs7S1][0m -> 2026-08-14T10:48:24.240Z [32mINFO[39m  Got 20 videos for mooyor.007 with page: 2
[36m[apify.tiktok-profile-scraper runId:I4JaWWahrxK4qs7S1][0m -> 2026-08-14T10:48:24.339Z [32mINFO[39m  Got 0 videos for chub2885 with page: 2
[36m[apify.tiktok-profile-scraper runId:I4JaWWahrxK4qs7S1][0m -> 2026-08-14T10:48:24.437Z [32mINFO[39m  Got 19 videos for noonanduanglada with page: 2
[36m[apify.tiktok-profile-scraper runId:I4JaWWahrxK4qs7S1][0m -> 2026-08-14T10:48:24.838Z [32mINFO[39m  Got 20 videos for jirada_1211 with page: 2
[36m[apify.tiktok-profile-scraper runId:I4JaWWahrxK4qs7S1][0m -> 2026-08-14T10:48:25.037Z [32mINFO[39m  Got 20 videos for narisarasidanot with page: 2
[36m[apify.tiktok-profile-scraper runId:I4JaWWahrxK4qs7S1][0m -> 2026-08-14T10:48:25.136Z [32mINFO[39m  Got 4 videos for .ai4097 with page: 2
[36m[apify.tiktok-profile-scraper runId:I4JaWWahrxK4qs7S1][0m -> 2026-08-14T10:48:26.836Z [32mINFO[39m  Got 20 videos for fernly232 with page: 2
[36m[apify.tiktok-profile-scraper runId:I4JaWWahrxK4qs7S1][0m -> 2026-08-14T10:48:26.839Z [32mINFO[39m  Got 20 videos for kanticha1100 with page: 2
[36m[apify.tiktok-profile-scraper runId:I4JaWWahrxK4qs7S1][0m -> 2026-08-14T10:48:26.937Z [32mINFO[39m  Got 19 videos for tm40516 with page: 2
[36m[apify.tiktok-profile-scraper runId:I4JaWWahrxK4qs7S1][0m -> 2026-08-14T10:48:26.939Z [32mINFO[39m  Got 20 videos for yaa.sureeya with page: 2
[36m[apify.tiktok-profile-scraper runId:I4JaWWahrxK4qs7S1][0m -> 2026-08-14T10:48:27.051Z [32mINFO[39m  Got 20 videos for bim0806 with page: 2
[36m[apify.tiktok-profile-scraper runId:I4JaWWahrxK4qs7S1][0m -> 2026-08-14T10:48:27.296Z [32mINFO[39m  Got 19 videos for cxllmeichoh13 with page: 3
[36m[apify.tiktok-profile-scraper runId:I4JaWWahrxK4qs7S1][0m -> 2026-08-14T10:48:27.386Z [32mINFO[39m  Got 20 videos for rungtipsirkoon with page: 2
[36m[apify.tiktok-profile-scraper runId:I4JaWWahrxK4qs7S1][0m -> 2026-08-14T10:48:27.889Z [32mINFO[39m  Got 20 videos for n_kacha629 with page: 3
[36m[apify.tiktok-profile-scraper runId:I4JaWWahrxK4qs7S1][0m -> 2026-08-14T10:48:27.993Z [32mINFO[39m  Got 20 videos for soleil_siriporn with page: 2
[36m[apify.tiktok-profile-scraper runId:I4JaWWahrxK4qs7S1][0m -> 2026-08-14T10:48:36.197Z [32mINFO[39m  Got 20 videos for chalita_mungkhot with page: 3
[36m[apify.tiktok-profile-scraper runId:I4JaWWahrxK4qs7S1][0m -> Status: RUNNING, Message: Your run has finished.
[36m[apify.tiktok-profile-scraper runId:I4JaWWahrxK4qs7S1][0m -> 2026-08-14T10:48:36.199Z [32mINFO[39m  [Status message]: Your run has finished.
[36m[apify.tiktok-profile-scraper runId:I4JaWWahrxK4qs7S1][0m -> Status: SUCCEEDED, Message: Your run has finished.
[17:48:48]   run I4JaWWahrxK4qs7S1 SUCCEEDED -> 750 videos
[17:48:48]   actor says: Your run has finished.
[17:48:48] profiles 26-50 of 100
[36m[apify.tiktok-profile-scraper runId:lZbzqXMwZsaEeCWl5][0m -> Status: RUNNING, Message: 
[36m[apify.tiktok-profile-scraper runId:lZbzqXMwZsaEeCWl5][0m -> 2026-08-14T10:48:48.527Z [33mACTOR: [39mPulling container image of build 52ZYo0NCY0dgAAAiS from registry.
[36m[apify.tiktok-profile-scraper runId:lZbzqXMwZsaEeCWl5][0m -> 2026-08-14T10:48:48.529Z [33mACTOR: [39mCreating container.
[36m[apify.tiktok-profile-scraper runId:lZbzqXMwZsaEeCWl5][0m -> 2026-08-14T10:48:48.596Z [33mACTOR: [39mStarting container.
[36m[apify.tiktok-profile-scraper runId:lZbzqXMwZsaEeCWl5][0m -> 2026-08-14T10:48:48.599Z [33mACTOR: [39mRunning under "LIMITED_PERMISSIONS".
[36m[apify.tiktok-profile-scraper runId:lZbzqXMwZsaEeCWl5][0m -> 2026-08-14T10:48:50.253Z [32mINFO[39m  System info[90m {"apifyVersion":"3.4.2","apifyClientVersion":"2.12.4","crawleeVersion":"3.13.5","osType":"Linux","nodeVersion":"v22.23.2"}[39m
[36m[apify.tiktok-profile-scraper runId:lZbzqXMwZsaEeCWl5][0m -> 2026-08-14T10:48:50.325Z [32mINFO[39m  PHASE -- STARTING ACTOR.
[36m[apify.tiktok-profile-scraper runId:lZbzqXMwZsaEeCWl5][0m -> 2026-08-14T10:49:21.904Z [32mINFO[39m  PHASE -- SETTING UP CRAWLER.
[36m[apify.tiktok-profile-scraper runId:lZbzqXMwZsaEeCWl5][0m -> 2026-08-14T10:49:21.904Z [32mINFO[39m  [Status message]: Your run has started.
[36m[apify.tiktok-profile-scraper runId:lZbzqXMwZsaEeCWl5][0m -> 2026-08-14T10:49:22.106Z [33mWARN[39m  ###############################
[36m[apify.tiktok-profile-scraper runId:lZbzqXMwZsaEeCWl5][0m -> 2026-08-14T10:49:22.106Z [33mWARN[39m  Your run has started.
[36m[apify.tiktok-profile-scraper runId:lZbzqXMwZsaEeCWl5][0m -> 2026-08-14T10:49:22.106Z [33mWARN[39m  ###############################
[36m[apify.tiktok-profile-scraper runId:lZbzqXMwZsaEeCWl5][0m -> Status: RUNNING, Message: Your run has started.
[36m[apify.tiktok-profile-scraper runId:lZbzqXMwZsaEeCWl5][0m -> 2026-08-14T10:49:22.106Z [32mINFO[39m  PHASE -- CRAWLER STARTED.
[36m[apify.tiktok-profile-scraper runId:lZbzqXMwZsaEeCWl5][0m -> 2026-08-14T10:49:24.903Z [32mINFO[39m  Got 15 videos for minyhdkdg with page: 1
[36m[apify.tiktok-profile-scraper runId:lZbzqXMwZsaEeCWl5][0m -> 2026-08-14T10:49:24.907Z [32mINFO[39m  Got 8 videos for bell.sasi09 with page: 1
[36m[apify.tiktok-profile-scraper runId:lZbzqXMwZsaEeCWl5][0m -> 2026-08-14T10:49:25.705Z [32mINFO[39m  Got 8 videos for barrennn_05 with page: 1
[36m[apify.tiktok-profile-scraper runId:lZbzqXMwZsaEeCWl5][0m -> 2026-08-14T10:49:25.806Z [32mINFO[39m  Got 20 videos for fahfee26 with page: 1
[36m[apify.tiktok-profile-scraper runId:lZbzqXMwZsaEeCWl5][0m -> 2026-08-14T10:49:25.905Z [32mINFO[39m  Got 20 videos for ratti_21 with page: 1
[36m[apify.tiktok-profile-scraper runId:lZbzqXMwZsaEeCWl5][0m -> 2026-08-14T10:49:26.205Z [32mINFO[39m  Got 20 videos for patiparnnantasaen with page: 1
[36m[apify.tiktok-profile-scraper runId:lZbzqXMwZsaEeCWl5][0m -> 2026-08-14T10:49:26.707Z [32mINFO[39m  Got 20 videos for king_254725 with page: 1
[36m[apify.tiktok-profile-scraper runId:lZbzqXMwZsaEeCWl5][0m -> 2026-08-14T10:49:26.904Z [32mINFO[39m  Got 20 videos for siriwimonzx13 with page: 1
[36m[apify.tiktok-profile-scraper runId:lZbzqXMwZsaEeCWl5][0m -> 2026-08-14T10:49:27.408Z [32mINFO[39m  Got 20 videos for creammmmmmmmmmmc with page: 1
[36m[apify.tiktok-profile-scraper runId:lZbzqXMwZsaEeCWl5][0m -> 2026-08-14T10:49:29.308Z [32mINFO[39m  Got 20 videos for 2610bx with page: 1
[36m[apify.tiktok-profile-scraper runId:lZbzqXMwZsaEeCWl5][0m -> 2026-08-14T10:49:29.704Z [32mINFO[39m  Got 20 videos for daruni_08 with page: 1
[36m[apify.tiktok-profile-scraper runId:lZbzqXMwZsaEeCWl5][0m -> 2026-08-14T10:49:29.804Z [32mINFO[39m  Got 20 videos for benz010942 with page: 1
[36m[apify.tiktok-profile-scraper runId:lZbzqXMwZsaEeCWl5][0m -> 2026-08-14T10:49:29.905Z [32mINFO[39m  Got 20 videos for user78740714636038 with page: 1
[36m[apify.tiktok-profile-scraper runId:lZbzqXMwZsaEeCWl5][0m -> 2026-08-14T10:49:30.005Z [32mINFO[39m  Got 20 videos for m_motajit90 with page: 1
[36m[apify.tiktok-profile-scraper runId:lZbzqXMwZsaEeCWl5][0m -> 2026-08-14T10:49:30.704Z [32mINFO[39m  Got 5 videos for behay.x with page: 1
[36m[apify.tiktok-profile-scraper runId:lZbzqXMwZsaEeCWl5][0m -> 2026-08-14T10:49:31.306Z [32mINFO[39m  Got 20 videos for mildmint.tt0 with page: 1
[36m[apify.tiktok-profile-scraper runId:lZbzqXMwZsaEeCWl5][0m -> 2026-08-14T10:49:31.506Z [32mINFO[39m  Got 20 videos for chanep45 with page: 1
[36m[apify.tiktok-profile-scraper runId:lZbzqXMwZsaEeCWl5][0m -> 2026-08-14T10:49:32.004Z [32mINFO[39m  Got 20 videos for mildnat08 with page: 1
[36m[apify.tiktok-profile-scraper runId:lZbzqXMwZsaEeCWl5][0m -> 2026-08-14T10:49:32.628Z [32mINFO[39m  Got 9 videos for ai_pon08 with page: 1
[36m[apify.tiktok-profile-scraper runId:lZbzqXMwZsaEeCWl5][0m -> 2026-08-14T10:49:32.741Z [32mINFO[39m  Got 20 videos for _sqriisq_44 with page: 1
[36m[apify.tiktok-profile-scraper runId:lZbzqXMwZsaEeCWl5][0m -> 2026-08-14T10:49:33.006Z [32mINFO[39m  Got 14 videos for zuqqiixc_ with page: 1
[36m[apify.tiktok-profile-scraper runId:lZbzqXMwZsaEeCWl5][0m -> 2026-08-14T10:49:33.206Z [32mINFO[39m  Got 20 videos for bam___04 with page: 1
[36m[apify.tiktok-profile-scraper runId:lZbzqXMwZsaEeCWl5][0m -> 2026-08-14T10:49:33.406Z [32mINFO[39m  Got 20 videos for woranuch196 with page: 1
[36m[apify.tiktok-profile-scraper runId:lZbzqXMwZsaEeCWl5][0m -> 2026-08-14T10:49:35.207Z [32mINFO[39m  Got 20 videos for king_254725 with page: 2
[36m[apify.tiktok-profile-scraper runId:lZbzqXMwZsaEeCWl5][0m -> 2026-08-14T10:49:35.306Z [32mINFO[39m  Got 20 videos for fahfee26 with page: 2
[36m[apify.tiktok-profile-scraper runId:lZbzqXMwZsaEeCWl5][0m -> 2026-08-14T10:49:35.405Z [32mINFO[39m  Got 18 videos for siriwimonzx13 with page: 2
[36m[apify.tiktok-profile-scraper runId:lZbzqXMwZsaEeCWl5][0m -> 2026-08-14T10:49:35.503Z [32mINFO[39m  Got 20 videos for peaxchy_____10 with page: 1
[36m[apify.tiktok-profile-scraper runId:lZbzqXMwZsaEeCWl5][0m -> 2026-08-14T10:49:35.604Z [32mINFO[39m  Got 20 videos for mas59_0 with page: 1
[36m[apify.tiktok-profile-scraper runId:lZbzqXMwZsaEeCWl5][0m -> 2026-08-14T10:49:35.704Z [32mINFO[39m  Got 20 videos for patiparnnantasaen with page: 2
[36m[apify.tiktok-profile-scraper runId:lZbzqXMwZsaEeCWl5][0m -> 2026-08-14T10:49:35.906Z [32mINFO[39m  Got 20 videos for ratti_21 with page: 2
[36m[apify.tiktok-profile-scraper runId:lZbzqXMwZsaEeCWl5][0m -> 2026-08-14T10:49:36.504Z [32mINFO[39m  Got 20 videos for creammmmmmmmmmmc with page: 2
[36m[apify.tiktok-profile-scraper runId:lZbzqXMwZsaEeCWl5][0m -> 2026-08-14T10:49:36.707Z [32mINFO[39m  Got 20 videos for 2610bx with page: 2
[36m[apify.tiktok-profile-scraper runId:lZbzqXMwZsaEeCWl5][0m -> 2026-08-14T10:49:36.806Z [32mINFO[39m  Got 20 videos for benz010942 with page: 2
[36m[apify.tiktok-profile-scraper runId:lZbzqXMwZsaEeCWl5][0m -> 2026-08-14T10:49:37.104Z [32mINFO[39m  Got 6 videos for user78740714636038 with page: 2
[36m[apify.tiktok-profile-scraper runId:lZbzqXMwZsaEeCWl5][0m -> 2026-08-14T10:49:37.744Z [32mINFO[39m  Got 20 videos for mildnat08 with page: 2
[36m[apify.tiktok-profile-scraper runId:lZbzqXMwZsaEeCWl5][0m -> 2026-08-14T10:49:37.904Z [32mINFO[39m  Got 16 videos for mildmint.tt0 with page: 2
[36m[apify.tiktok-profile-scraper runId:lZbzqXMwZsaEeCWl5][0m -> 2026-08-14T10:49:38.169Z [32mINFO[39m  Got 20 videos for _sqriisq_44 with page: 2
[36m[apify.tiktok-profile-scraper runId:lZbzqXMwZsaEeCWl5][0m -> 2026-08-14T10:49:38.405Z [32mINFO[39m  Got 20 videos for chanep45 with page: 2
[36m[apify.tiktok-profile-scraper runId:lZbzqXMwZsaEeCWl5][0m -> 2026-08-14T10:49:39.905Z [32mINFO[39m  Got 9 videos for siriwimonzx13 with page: 3
[36m[apify.tiktok-profile-scraper runId:lZbzqXMwZsaEeCWl5][0m -> 2026-08-14T10:49:40.008Z [32mINFO[39m  Got 20 videos for fahfee26 with page: 3
[36m[apify.tiktok-profile-scraper runId:lZbzqXMwZsaEeCWl5][0m -> 2026-08-14T10:49:40.207Z [32mINFO[39m  Got 16 videos for mas59_0 with page: 2
[36m[apify.tiktok-profile-scraper runId:lZbzqXMwZsaEeCWl5][0m -> 2026-08-14T10:49:40.304Z [32mINFO[39m  Got 20 videos for daruni_08 with page: 2
[36m[apify.tiktok-profile-scraper runId:lZbzqXMwZsaEeCWl5][0m -> 2026-08-14T10:49:40.307Z [32mINFO[39m  Got 20 videos for king_254725 with page: 3
[36m[apify.tiktok-profile-scraper runId:lZbzqXMwZsaEeCWl5][0m -> 2026-08-14T10:49:40.405Z [32mINFO[39m  Got 20 videos for woranuch196 with page: 2
[36m[apify.tiktok-profile-scraper runId:lZbzqXMwZsaEeCWl5][0m -> 2026-08-14T10:49:40.504Z [32mINFO[39m  Got 20 videos for bam___04 with page: 2
[36m[apify.tiktok-profile-scraper runId:lZbzqXMwZsaEeCWl5][0m -> 2026-08-14T10:49:40.507Z [32mINFO[39m  Got 16 videos for peaxchy_____10 with page: 2
[36m[apify.tiktok-profile-scraper runId:lZbzqXMwZsaEeCWl5][0m -> 2026-08-14T10:49:40.707Z [32mINFO[39m  Got 13 videos for patiparnnantasaen with page: 3
[36m[apify.tiktok-profile-scraper runId:lZbzqXMwZsaEeCWl5][0m -> 2026-08-14T10:49:41.210Z [32mINFO[39m  Got 20 videos for m_motajit90 with page: 2
[36m[apify.tiktok-profile-scraper runId:lZbzqXMwZsaEeCWl5][0m -> 2026-08-14T10:49:41.438Z [32mINFO[39m  Got 20 videos for ratti_21 with page: 3
[36m[apify.tiktok-profile-scraper runId:lZbzqXMwZsaEeCWl5][0m -> Status: RUNNING, Message: Your run has finished.
[36m[apify.tiktok-profile-scraper runId:lZbzqXMwZsaEeCWl5][0m -> 2026-08-14T10:49:41.440Z [32mINFO[39m  [Status message]: Your run has finished.
[36m[apify.tiktok-profile-scraper runId:lZbzqXMwZsaEeCWl5][0m -> Status: SUCCEEDED, Message: Your run has finished.
[17:49:54]   run lZbzqXMwZsaEeCWl5 SUCCEEDED -> 750 videos
[17:49:54]   actor says: Your run has finished.
[17:49:54] profiles 51-75 of 100
[36m[apify.tiktok-profile-scraper runId:wpcVRwFQq9W5DqMzn][0m -> Status: RUNNING, Message: 
[36m[apify.tiktok-profile-scraper runId:wpcVRwFQq9W5DqMzn][0m -> 2026-08-14T10:49:55.386Z [33mACTOR: [39mPulling container image of build 52ZYo0NCY0dgAAAiS from registry.
[36m[apify.tiktok-profile-scraper runId:wpcVRwFQq9W5DqMzn][0m -> 2026-08-14T10:49:55.389Z [33mACTOR: [39mCreating container.
[36m[apify.tiktok-profile-scraper runId:wpcVRwFQq9W5DqMzn][0m -> 2026-08-14T10:49:55.434Z [33mACTOR: [39mStarting container.
[36m[apify.tiktok-profile-scraper runId:wpcVRwFQq9W5DqMzn][0m -> 2026-08-14T10:49:55.436Z [33mACTOR: [39mRunning under "LIMITED_PERMISSIONS".
[36m[apify.tiktok-profile-scraper runId:wpcVRwFQq9W5DqMzn][0m -> 2026-08-14T10:49:57.113Z [32mINFO[39m  System info[90m {"apifyVersion":"3.4.2","apifyClientVersion":"2.12.4","crawleeVersion":"3.13.5","osType":"Linux","nodeVersion":"v22.23.2"}[39m
[36m[apify.tiktok-profile-scraper runId:wpcVRwFQq9W5DqMzn][0m -> 2026-08-14T10:49:57.179Z [32mINFO[39m  PHASE -- STARTING ACTOR.
[36m[apify.tiktok-profile-scraper runId:wpcVRwFQq9W5DqMzn][0m -> 2026-08-14T10:49:58.543Z [32mINFO[39m  PHASE -- SETTING UP CRAWLER.
[36m[apify.tiktok-profile-scraper runId:wpcVRwFQq9W5DqMzn][0m -> 2026-08-14T10:49:58.545Z [32mINFO[39m  [Status message]: Your run has started.
[36m[apify.tiktok-profile-scraper runId:wpcVRwFQq9W5DqMzn][0m -> 2026-08-14T10:49:58.631Z [33mWARN[39m  ###############################
[36m[apify.tiktok-profile-scraper runId:wpcVRwFQq9W5DqMzn][0m -> 2026-08-14T10:49:58.633Z [33mWARN[39m  Your run has started.
[36m[apify.tiktok-profile-scraper runId:wpcVRwFQq9W5DqMzn][0m -> 2026-08-14T10:49:58.634Z [33mWARN[39m  ###############################
[36m[apify.tiktok-profile-scraper runId:wpcVRwFQq9W5DqMzn][0m -> Status: RUNNING, Message: Your run has started.
[36m[apify.tiktok-profile-scraper runId:wpcVRwFQq9W5DqMzn][0m -> 2026-08-14T10:49:58.636Z [32mINFO[39m  PHASE -- CRAWLER STARTED.
[36m[apify.tiktok-profile-scraper runId:wpcVRwFQq9W5DqMzn][0m -> 2026-08-14T10:50:00.545Z [32mINFO[39m  Got 20 videos for sukanyapomsak with page: 1
[36m[apify.tiktok-profile-scraper runId:wpcVRwFQq9W5DqMzn][0m -> 2026-08-14T10:50:00.643Z [32mINFO[39m  Got 8 videos for tyd_pn20 with page: 1
[36m[apify.tiktok-profile-scraper runId:wpcVRwFQq9W5DqMzn][0m -> 2026-08-14T10:50:00.664Z [32mINFO[39m  Got 20 videos for smtmj33 with page: 1
[36m[apify.tiktok-profile-scraper runId:wpcVRwFQq9W5DqMzn][0m -> 2026-08-14T10:50:00.881Z [32mINFO[39m  Got 20 videos for seppae96 with page: 1
[36m[apify.tiktok-profile-scraper runId:wpcVRwFQq9W5DqMzn][0m -> 2026-08-14T10:50:01.700Z [32mINFO[39m  Got 20 videos for nutkanda2 with page: 1
[36m[apify.tiktok-profile-scraper runId:wpcVRwFQq9W5DqMzn][0m -> 2026-08-14T10:50:02.241Z [32mINFO[39m  Got 20 videos for nanthawanphetkin7 with page: 1
[36m[apify.tiktok-profile-scraper runId:wpcVRwFQq9W5DqMzn][0m -> 2026-08-14T10:50:02.341Z [32mINFO[39m  Got 20 videos for benzzzzz2544_ with page: 1
[36m[apify.tiktok-profile-scraper runId:wpcVRwFQq9W5DqMzn][0m -> 2026-08-14T10:50:02.382Z [32mINFO[39m  Got 20 videos for kit.ch18 with page: 1
[36m[apify.tiktok-profile-scraper runId:wpcVRwFQq9W5DqMzn][0m -> 2026-08-14T10:50:02.394Z [32mINFO[39m  Got 19 videos for panpinyo with page: 1
[36m[apify.tiktok-profile-scraper runId:wpcVRwFQq9W5DqMzn][0m -> 2026-08-14T10:50:02.452Z [32mINFO[39m  Got 17 videos for jjd.1998 with page: 1
[36m[apify.tiktok-profile-scraper runId:wpcVRwFQq9W5DqMzn][0m -> 2026-08-14T10:50:03.063Z [32mINFO[39m  Got 19 videos for khawfang_527 with page: 1
[36m[apify.tiktok-profile-scraper runId:wpcVRwFQq9W5DqMzn][0m -> 2026-08-14T10:50:03.147Z [32mINFO[39m  Got 6 videos for fa_rxdx with page: 1
[36m[apify.tiktok-profile-scraper runId:wpcVRwFQq9W5DqMzn][0m -> 2026-08-14T10:50:03.542Z [32mINFO[39m  Got 20 videos for nungsave with page: 1
[36m[apify.tiktok-profile-scraper runId:wpcVRwFQq9W5DqMzn][0m -> 2026-08-14T10:50:03.714Z [32mINFO[39m  Got 20 videos for aon_laddawan19 with page: 1
[36m[apify.tiktok-profile-scraper runId:wpcVRwFQq9W5DqMzn][0m -> 2026-08-14T10:50:03.779Z [32mINFO[39m  Got 7 videos for p.pppilaiwxn with page: 1
[36m[apify.tiktok-profile-scraper runId:wpcVRwFQq9W5DqMzn][0m -> 2026-08-14T10:50:04.134Z [32mINFO[39m  Got 11 videos for orathai23_06 with page: 1
[36m[apify.tiktok-profile-scraper runId:wpcVRwFQq9W5DqMzn][0m -> 2026-08-14T10:50:04.210Z [32mINFO[39m  Got 20 videos for 020644jang with page: 1
[36m[apify.tiktok-profile-scraper runId:wpcVRwFQq9W5DqMzn][0m -> 2026-08-14T10:50:04.615Z [32mINFO[39m  Got 20 videos for _aomsinnnnn07 with page: 1
[36m[apify.tiktok-profile-scraper runId:wpcVRwFQq9W5DqMzn][0m -> 2026-08-14T10:50:04.897Z [32mINFO[39m  Got 14 videos for bbaa_455 with page: 1
[36m[apify.tiktok-profile-scraper runId:wpcVRwFQq9W5DqMzn][0m -> 2026-08-14T10:50:05.382Z [32mINFO[39m  Got 20 videos for wit_chayada with page: 1
[36m[apify.tiktok-profile-scraper runId:wpcVRwFQq9W5DqMzn][0m -> 2026-08-14T10:50:05.400Z [32mINFO[39m  Got 19 videos for sukanyapomsak with page: 2
[36m[apify.tiktok-profile-scraper runId:wpcVRwFQq9W5DqMzn][0m -> 2026-08-14T10:50:05.526Z [32mINFO[39m  Got 20 videos for duan3844 with page: 1
[36m[apify.tiktok-profile-scraper runId:wpcVRwFQq9W5DqMzn][0m -> 2026-08-14T10:50:06.107Z [32mINFO[39m  Got 20 videos for pat.sar28 with page: 1
[36m[apify.tiktok-profile-scraper runId:wpcVRwFQq9W5DqMzn][0m -> 2026-08-14T10:50:06.451Z [32mINFO[39m  Got 20 videos for seppae96 with page: 2
[36m[apify.tiktok-profile-scraper runId:wpcVRwFQq9W5DqMzn][0m -> 2026-08-14T10:50:06.754Z [32mINFO[39m  Got 20 videos for zegame_ with page: 1
[36m[apify.tiktok-profile-scraper runId:wpcVRwFQq9W5DqMzn][0m -> 2026-08-14T10:50:06.951Z [32mINFO[39m  Got 19 videos for smtmj33 with page: 2
[36m[apify.tiktok-profile-scraper runId:wpcVRwFQq9W5DqMzn][0m -> 2026-08-14T10:50:07.155Z [32mINFO[39m  Got 20 videos for imaeg_v2 with page: 1
[36m[apify.tiktok-profile-scraper runId:wpcVRwFQq9W5DqMzn][0m -> 2026-08-14T10:50:07.454Z [32mINFO[39m  Got 20 videos for nutkanda2 with page: 2
[36m[apify.tiktok-profile-scraper runId:wpcVRwFQq9W5DqMzn][0m -> 2026-08-14T10:50:08.052Z [32mINFO[39m  Got 19 videos for nanthawanphetkin7 with page: 2
[36m[apify.tiktok-profile-scraper runId:wpcVRwFQq9W5DqMzn][0m -> 2026-08-14T10:50:08.155Z [32mINFO[39m  Got 11 videos for panpinyo with page: 2
[36m[apify.tiktok-profile-scraper runId:wpcVRwFQq9W5DqMzn][0m -> 2026-08-14T10:50:08.353Z [32mINFO[39m  Got 20 videos for benzzzzz2544_ with page: 2
[36m[apify.tiktok-profile-scraper runId:wpcVRwFQq9W5DqMzn][0m -> 2026-08-14T10:50:08.852Z [32mINFO[39m  Got 20 videos for pimspiration with page: 1
[36m[apify.tiktok-profile-scraper runId:wpcVRwFQq9W5DqMzn][0m -> 2026-08-14T10:50:09.051Z [32mINFO[39m  Got 20 videos for aon_laddawan19 with page: 2
[36m[apify.tiktok-profile-scraper runId:wpcVRwFQq9W5DqMzn][0m -> 2026-08-14T10:50:09.254Z [32mINFO[39m  Got 18 videos for kit.ch18 with page: 2
[36m[apify.tiktok-profile-scraper runId:wpcVRwFQq9W5DqMzn][0m -> 2026-08-14T10:50:09.354Z [32mINFO[39m  Got 9 videos for jjd.1998 with page: 2
[36m[apify.tiktok-profile-scraper runId:wpcVRwFQq9W5DqMzn][0m -> 2026-08-14T10:50:11.854Z [32mINFO[39m  Got 6 videos for pat.sar28 with page: 2
[36m[apify.tiktok-profile-scraper runId:wpcVRwFQq9W5DqMzn][0m -> 2026-08-14T10:50:12.152Z [32mINFO[39m  Got 20 videos for wit_chayada with page: 2
[36m[apify.tiktok-profile-scraper runId:wpcVRwFQq9W5DqMzn][0m -> 2026-08-14T10:50:12.260Z [32mINFO[39m  Got 20 videos for sukanyapomsak with page: 3
[36m[apify.tiktok-profile-scraper runId:wpcVRwFQq9W5DqMzn][0m -> 2026-08-14T10:50:12.356Z [32mINFO[39m  Got 20 videos for duan3844 with page: 2
[36m[apify.tiktok-profile-scraper runId:wpcVRwFQq9W5DqMzn][0m -> 2026-08-14T10:50:12.454Z [32mINFO[39m  Got 20 videos for _aomsinnnnn07 with page: 2
[36m[apify.tiktok-profile-scraper runId:wpcVRwFQq9W5DqMzn][0m -> 2026-08-14T10:50:12.553Z [32mINFO[39m  Got 20 videos for khawfang_527 with page: 2
[36m[apify.tiktok-profile-scraper runId:wpcVRwFQq9W5DqMzn][0m -> 2026-08-14T10:50:12.655Z [32mINFO[39m  Got 17 videos for 020644jang with page: 2
[36m[apify.tiktok-profile-scraper runId:wpcVRwFQq9W5DqMzn][0m -> 2026-08-14T10:50:13.453Z [32mINFO[39m  Got 20 videos for nungsave with page: 2
[36m[apify.tiktok-profile-scraper runId:wpcVRwFQq9W5DqMzn][0m -> 2026-08-14T10:50:13.854Z [32mINFO[39m  Got 4 videos for zegame_ with page: 2
[36m[apify.tiktok-profile-scraper runId:wpcVRwFQq9W5DqMzn][0m -> 2026-08-14T10:50:13.953Z [32mINFO[39m  Got 20 videos for smtmj33 with page: 3
[36m[apify.tiktok-profile-scraper runId:wpcVRwFQq9W5DqMzn][0m -> 2026-08-14T10:50:13.956Z [32mINFO[39m  Got 20 videos for imaeg_v2 with page: 2
[36m[apify.tiktok-profile-scraper runId:wpcVRwFQq9W5DqMzn][0m -> 2026-08-14T10:50:14.129Z [32mINFO[39m  Got 20 videos for nanthawanphetkin7 with page: 3
[36m[apify.tiktok-profile-scraper runId:wpcVRwFQq9W5DqMzn][0m -> 2026-08-14T10:50:14.389Z [32mINFO[39m  Got 20 videos for benzzzzz2544_ with page: 3
[36m[apify.tiktok-profile-scraper runId:wpcVRwFQq9W5DqMzn][0m -> 2026-08-14T10:50:14.656Z [32mINFO[39m  Got 20 videos for aon_laddawan19 with page: 3
[36m[apify.tiktok-profile-scraper runId:wpcVRwFQq9W5DqMzn][0m -> 2026-08-14T10:50:14.761Z [32mINFO[39m  Got 19 videos for nutkanda2 with page: 3
[36m[apify.tiktok-profile-scraper runId:wpcVRwFQq9W5DqMzn][0m -> 2026-08-14T10:50:14.952Z [32mINFO[39m  Got 20 videos for pimspiration with page: 2
[36m[apify.tiktok-profile-scraper runId:wpcVRwFQq9W5DqMzn][0m -> 2026-08-14T10:50:16.021Z [32mINFO[39m  Got 20 videos for kit.ch18 with page: 3
[36m[apify.tiktok-profile-scraper runId:wpcVRwFQq9W5DqMzn][0m -> Status: RUNNING, Message: Your run has finished.
[36m[apify.tiktok-profile-scraper runId:wpcVRwFQq9W5DqMzn][0m -> 2026-08-14T10:50:16.023Z [32mINFO[39m  [Status message]: Your run has finished.
[36m[apify.tiktok-profile-scraper runId:wpcVRwFQq9W5DqMzn][0m -> Status: SUCCEEDED, Message: Your run has finished.
[17:50:26]   run wpcVRwFQq9W5DqMzn SUCCEEDED -> 750 videos
[17:50:26]   actor says: Your run has finished.
[17:50:26] profiles 76-100 of 100
[36m[apify.tiktok-profile-scraper runId:kfMr6VUDN289oeufZ][0m -> Status: RUNNING, Message: 
[36m[apify.tiktok-profile-scraper runId:kfMr6VUDN289oeufZ][0m -> 2026-08-14T10:50:27.543Z [33mACTOR: [39mPulling container image of build 52ZYo0NCY0dgAAAiS from registry.
[36m[apify.tiktok-profile-scraper runId:kfMr6VUDN289oeufZ][0m -> 2026-08-14T10:50:27.546Z [33mACTOR: [39mCreating container.
[36m[apify.tiktok-profile-scraper runId:kfMr6VUDN289oeufZ][0m -> 2026-08-14T10:50:27.612Z [33mACTOR: [39mStarting container.
[36m[apify.tiktok-profile-scraper runId:kfMr6VUDN289oeufZ][0m -> 2026-08-14T10:50:27.614Z [33mACTOR: [39mRunning under "LIMITED_PERMISSIONS".
[36m[apify.tiktok-profile-scraper runId:kfMr6VUDN289oeufZ][0m -> 2026-08-14T10:50:29.599Z [32mINFO[39m  System info[90m {"apifyVersion":"3.4.2","apifyClientVersion":"2.12.4","crawleeVersion":"3.13.5","osType":"Linux","nodeVersion":"v22.23.2"}[39m
[36m[apify.tiktok-profile-scraper runId:kfMr6VUDN289oeufZ][0m -> 2026-08-14T10:50:29.666Z [32mINFO[39m  PHASE -- STARTING ACTOR.
[36m[apify.tiktok-profile-scraper runId:kfMr6VUDN289oeufZ][0m -> 2026-08-14T10:50:58.174Z [32mINFO[39m  PHASE -- SETTING UP CRAWLER.
[36m[apify.tiktok-profile-scraper runId:kfMr6VUDN289oeufZ][0m -> 2026-08-14T10:50:58.175Z [32mINFO[39m  [Status message]: Your run has started.
[36m[apify.tiktok-profile-scraper runId:kfMr6VUDN289oeufZ][0m -> Status: RUNNING, Message: Your run has started.
[36m[apify.tiktok-profile-scraper runId:kfMr6VUDN289oeufZ][0m -> 2026-08-14T10:50:58.575Z [33mWARN[39m  ###############################
[36m[apify.tiktok-profile-scraper runId:kfMr6VUDN289oeufZ][0m -> 2026-08-14T10:50:58.576Z [33mWARN[39m  Your run has started.
[36m[apify.tiktok-profile-scraper runId:kfMr6VUDN289oeufZ][0m -> 2026-08-14T10:50:58.576Z [33mWARN[39m  ###############################
[36m[apify.tiktok-profile-scraper runId:kfMr6VUDN289oeufZ][0m -> 2026-08-14T10:50:58.577Z [32mINFO[39m  PHASE -- CRAWLER STARTED.
[36m[apify.tiktok-profile-scraper runId:kfMr6VUDN289oeufZ][0m -> 2026-08-14T10:51:01.575Z [32mINFO[39m  Got 19 videos for mimew0506 with page: 1
[36m[apify.tiktok-profile-scraper runId:kfMr6VUDN289oeufZ][0m -> 2026-08-14T10:51:01.876Z [32mINFO[39m  Got 1 videos for gx.2051 with page: 1
[36m[apify.tiktok-profile-scraper runId:kfMr6VUDN289oeufZ][0m -> 2026-08-14T10:51:02.476Z [32mINFO[39m  Got 20 videos for nay_sahaphat with page: 1
[36m[apify.tiktok-profile-scraper runId:kfMr6VUDN289oeufZ][0m -> 2026-08-14T10:51:02.786Z [32mINFO[39m  Got 20 videos for nithan_prakan with page: 1
[36m[apify.tiktok-profile-scraper runId:kfMr6VUDN289oeufZ][0m -> 2026-08-14T10:51:02.882Z [32mINFO[39m  Got 20 videos for 0512.np with page: 1
[36m[apify.tiktok-profile-scraper runId:kfMr6VUDN289oeufZ][0m -> 2026-08-14T10:51:03.174Z [32mINFO[39m  Got 20 videos for user2979194929865 with page: 1
[36m[apify.tiktok-profile-scraper runId:kfMr6VUDN289oeufZ][0m -> 2026-08-14T10:51:03.576Z [32mINFO[39m  Got 20 videos for funnyfern.channel with page: 1
[36m[apify.tiktok-profile-scraper runId:kfMr6VUDN289oeufZ][0m -> 2026-08-14T10:51:05.674Z [32mINFO[39m  Got 20 videos for chalitajantharasi with page: 1
[36m[apify.tiktok-profile-scraper runId:kfMr6VUDN289oeufZ][0m -> 2026-08-14T10:51:05.778Z [32mINFO[39m  Got 20 videos for jpuntita with page: 1
[36m[apify.tiktok-profile-scraper runId:kfMr6VUDN289oeufZ][0m -> 2026-08-14T10:51:06.074Z [32mINFO[39m  Got 20 videos for nametai00 with page: 1
[36m[apify.tiktok-profile-scraper runId:kfMr6VUDN289oeufZ][0m -> 2026-08-14T10:51:06.274Z [32mINFO[39m  Got 20 videos for kif2204 with page: 1
[36m[apify.tiktok-profile-scraper runId:kfMr6VUDN289oeufZ][0m -> 2026-08-14T10:51:06.975Z [32mINFO[39m  Got 20 videos for nooin2222 with page: 1
[36m[apify.tiktok-profile-scraper runId:kfMr6VUDN289oeufZ][0m -> 2026-08-14T10:51:07.078Z [32mINFO[39m  Got 20 videos for talll_45 with page: 1
[36m[apify.tiktok-profile-scraper runId:kfMr6VUDN289oeufZ][0m -> 2026-08-14T10:51:07.874Z [32mINFO[39m  Got 20 videos for kaew_kan19 with page: 1
[36m[apify.tiktok-profile-scraper runId:kfMr6VUDN289oeufZ][0m -> 2026-08-14T10:51:08.176Z [32mINFO[39m  Got 3 videos for sornbook0 with page: 1
[36m[apify.tiktok-profile-scraper runId:kfMr6VUDN289oeufZ][0m -> 2026-08-14T10:51:08.478Z [32mINFO[39m  Got 20 videos for biwkanok_ with page: 1
[36m[apify.tiktok-profile-scraper runId:kfMr6VUDN289oeufZ][0m -> 2026-08-14T10:51:08.676Z [32mINFO[39m  Got 20 videos for niphada.250627 with page: 1
[36m[apify.tiktok-profile-scraper runId:kfMr6VUDN289oeufZ][0m -> 2026-08-14T10:51:09.275Z [32mINFO[39m  Got 0 videos for arraksin15 with page: 1
[36m[apify.tiktok-profile-scraper runId:kfMr6VUDN289oeufZ][0m -> 2026-08-14T10:51:09.675Z [32mINFO[39m  Got 20 videos for pradtana_miw with page: 1
[36m[apify.tiktok-profile-scraper runId:kfMr6VUDN289oeufZ][0m -> 2026-08-14T10:51:09.678Z [32mINFO[39m  Got 20 videos for banana_891 with page: 1
[36m[apify.tiktok-profile-scraper runId:kfMr6VUDN289oeufZ][0m -> 2026-08-14T10:51:09.977Z [32mINFO[39m  Got 20 videos for amstelkiki with page: 1
[36m[apify.tiktok-profile-scraper runId:kfMr6VUDN289oeufZ][0m -> 2026-08-14T10:51:10.278Z [32mINFO[39m  Got 20 videos for mimew0506 with page: 2
[36m[apify.tiktok-profile-scraper runId:kfMr6VUDN289oeufZ][0m -> 2026-08-14T10:51:10.589Z [32mINFO[39m  Got 20 videos for natty092538 with page: 1
[36m[apify.tiktok-profile-scraper runId:kfMr6VUDN289oeufZ][0m -> 2026-08-14T10:51:10.975Z [32mINFO[39m  Got 20 videos for nay_sahaphat with page: 2
[36m[apify.tiktok-profile-scraper runId:kfMr6VUDN289oeufZ][0m -> 2026-08-14T10:51:11.274Z [32mINFO[39m  Got 20 videos for user2979194929865 with page: 2
[36m[apify.tiktok-profile-scraper runId:kfMr6VUDN289oeufZ][0m -> 2026-08-14T10:51:11.379Z [32mINFO[39m  Got 20 videos for nithan_prakan with page: 2
[36m[apify.tiktok-profile-scraper runId:kfMr6VUDN289oeufZ][0m -> 2026-08-14T10:51:11.577Z [32mINFO[39m  Got 8 videos for aechu_92 with page: 1
[36m[apify.tiktok-profile-scraper runId:kfMr6VUDN289oeufZ][0m -> 2026-08-14T10:51:13.489Z [32mINFO[39m  Got 20 videos for chalitajantharasi with page: 2
[36m[apify.tiktok-profile-scraper runId:kfMr6VUDN289oeufZ][0m -> 2026-08-14T10:51:13.775Z [32mINFO[39m  Got 15 videos for nametai00 with page: 2
[36m[apify.tiktok-profile-scraper runId:kfMr6VUDN289oeufZ][0m -> 2026-08-14T10:51:13.879Z [32mINFO[39m  Got 19 videos for funnyfern.channel with page: 2
[36m[apify.tiktok-profile-scraper runId:kfMr6VUDN289oeufZ][0m -> 2026-08-14T10:51:14.077Z [32mINFO[39m  Got 20 videos for uopie0 with page: 1
[36m[apify.tiktok-profile-scraper runId:kfMr6VUDN289oeufZ][0m -> 2026-08-14T10:51:14.175Z [32mINFO[39m  Got 20 videos for beebee_4304 with page: 1
[36m[apify.tiktok-profile-scraper runId:kfMr6VUDN289oeufZ][0m -> 2026-08-14T10:51:14.374Z [32mINFO[39m  Got 19 videos for nooin2222 with page: 2
[36m[apify.tiktok-profile-scraper runId:kfMr6VUDN289oeufZ][0m -> 2026-08-14T10:51:14.574Z [32mINFO[39m  Got 18 videos for jpuntita with page: 2
[36m[apify.tiktok-profile-scraper runId:kfMr6VUDN289oeufZ][0m -> 2026-08-14T10:51:14.877Z [32mINFO[39m  Got 20 videos for 0512.np with page: 2
[36m[apify.tiktok-profile-scraper runId:kfMr6VUDN289oeufZ][0m -> 2026-08-14T10:51:15.174Z [32mINFO[39m  Got 20 videos for talll_45 with page: 2
[36m[apify.tiktok-profile-scraper runId:kfMr6VUDN289oeufZ][0m -> 2026-08-14T10:51:15.663Z [32mINFO[39m  Got 6 videos for amstelkiki with page: 2
[36m[apify.tiktok-profile-scraper runId:kfMr6VUDN289oeufZ][0m -> 2026-08-14T10:51:15.906Z [32mINFO[39m  Got 20 videos for kif2204 with page: 2
[36m[apify.tiktok-profile-scraper runId:kfMr6VUDN289oeufZ][0m -> 2026-08-14T10:51:16.120Z [32mINFO[39m  Got 20 videos for biwkanok_ with page: 2
[36m[apify.tiktok-profile-scraper runId:kfMr6VUDN289oeufZ][0m -> 2026-08-14T10:51:16.570Z [32mINFO[39m  Got 20 videos for natty092538 with page: 2
[36m[apify.tiktok-profile-scraper runId:kfMr6VUDN289oeufZ][0m -> 2026-08-14T10:51:16.684Z [32mINFO[39m  Got 20 videos for mimew0506 with page: 3
[36m[apify.tiktok-profile-scraper runId:kfMr6VUDN289oeufZ][0m -> 2026-08-14T10:51:17.277Z [32mINFO[39m  Got 20 videos for nithan_prakan with page: 3
[36m[apify.tiktok-profile-scraper runId:kfMr6VUDN289oeufZ][0m -> 2026-08-14T10:51:17.490Z [32mINFO[39m  Got 20 videos for niphada.250627 with page: 2
[36m[apify.tiktok-profile-scraper runId:kfMr6VUDN289oeufZ][0m -> 2026-08-14T10:51:17.774Z [32mINFO[39m  Got 20 videos for pradtana_miw with page: 2
[36m[apify.tiktok-profile-scraper runId:kfMr6VUDN289oeufZ][0m -> 2026-08-14T10:51:17.875Z [32mINFO[39m  Got 20 videos for nay_sahaphat with page: 3
[36m[apify.tiktok-profile-scraper runId:kfMr6VUDN289oeufZ][0m -> 2026-08-14T10:51:17.889Z [32mINFO[39m  Got 13 videos for beebee_4304 with page: 2
[36m[apify.tiktok-profile-scraper runId:kfMr6VUDN289oeufZ][0m -> 2026-08-14T10:51:17.975Z [32mINFO[39m  Got 20 videos for funnyfern.channel with page: 3
[36m[apify.tiktok-profile-scraper runId:kfMr6VUDN289oeufZ][0m -> 2026-08-14T10:51:18.396Z [32mINFO[39m  Got 20 videos for chalitajantharasi with page: 3
[36m[apify.tiktok-profile-scraper runId:kfMr6VUDN289oeufZ][0m -> 2026-08-14T10:51:18.475Z [32mINFO[39m  Got 20 videos for user2979194929865 with page: 3
[36m[apify.tiktok-profile-scraper runId:kfMr6VUDN289oeufZ][0m -> 2026-08-14T10:51:19.251Z [32mINFO[39m  Got 16 videos for banana_891 with page: 2
[36m[apify.tiktok-profile-scraper runId:kfMr6VUDN289oeufZ][0m -> 2026-08-14T10:51:19.673Z [32mINFO[39m  Got 20 videos for uopie0 with page: 2
[36m[apify.tiktok-profile-scraper runId:kfMr6VUDN289oeufZ][0m -> 2026-08-14T10:51:20.367Z [32mINFO[39m  Got 20 videos for kaew_kan19 with page: 2
[36m[apify.tiktok-profile-scraper runId:kfMr6VUDN289oeufZ][0m -> Status: RUNNING, Message: Your run has finished.
[36m[apify.tiktok-profile-scraper runId:kfMr6VUDN289oeufZ][0m -> 2026-08-14T10:51:20.369Z [32mINFO[39m  [Status message]: Your run has finished.
[36m[apify.tiktok-profile-scraper runId:kfMr6VUDN289oeufZ][0m -> Status: SUCCEEDED, Message: Your run has finished.
[17:51:29]   run kfMr6VUDN289oeufZ SUCCEEDED -> 750 videos
[17:51:29]   actor says: Your run has finished.
[17:51:29] filter: kept 823 of 3000
[17:51:29] 
[17:51:29] accounts:  99/100 returned videos
[17:51:29]   EMPTY (1): arraksin15
[17:51:29] videos:    3000 scraped, 823 kept, 2177 filtered out
[17:51:29] comments:  0 from 0/823 videos
[17:51:29]   822 videos returned no comments (may genuinely have none)
[17:51:29] done in 6.6 min -> /home/sapon/Desktop/Projects/sl-tiktok/out/
