[15:27:34] 5 accounts, up to 30 videos each
[15:27:34] profiles 1-5 of 5
[36m[apify.tiktok-profile-scraper runId:vFNFpjo6NVW1boEWt][0m -> Status: RUNNING, Message: 
[36m[apify.tiktok-profile-scraper runId:vFNFpjo6NVW1boEWt][0m -> 2026-08-14T08:27:35.899Z [33mACTOR: [39mPulling container image of build Mk8INM8R24kwENZKZ from registry.
[36m[apify.tiktok-profile-scraper runId:vFNFpjo6NVW1boEWt][0m -> 2026-08-14T08:27:35.901Z [33mACTOR: [39mCreating container.
[36m[apify.tiktok-profile-scraper runId:vFNFpjo6NVW1boEWt][0m -> 2026-08-14T08:27:36.223Z [33mACTOR: [39mStarting container.
[36m[apify.tiktok-profile-scraper runId:vFNFpjo6NVW1boEWt][0m -> 2026-08-14T08:27:36.228Z [33mACTOR: [39mRunning under "LIMITED_PERMISSIONS".
[36m[apify.tiktok-profile-scraper runId:vFNFpjo6NVW1boEWt][0m -> 2026-08-14T08:27:36.633Z Running on architecture: x86_64
[36m[apify.tiktok-profile-scraper runId:vFNFpjo6NVW1boEWt][0m -> 2026-08-14T08:27:36.635Z Will run command: xvfb-run -a -s "-ac -screen 0 1920x1080x24+32 -nolisten tcp" /bin/bash -o pipefail -c bash -c "    java         --enable-native-access=ALL-UNNAMED         -cp classes-test:classes-main:lib/*         com.zhiliaoapp.musically.MetaSec         > /dev/null &     node dist/src/entrypoint.js "
[36m[apify.tiktok-profile-scraper runId:vFNFpjo6NVW1boEWt][0m -> 2026-08-14T08:27:38.259Z [32mINFO[39m  System info[90m {"apifyVersion":"3.7.0","apifyClientVersion":"2.23.0","crawleeVersion":"3.16.0","osType":"Linux","nodeVersion":"v24.19.0"}[39m
[36m[apify.tiktok-profile-scraper runId:vFNFpjo6NVW1boEWt][0m -> Status: RUNNING, Message: Starting the crawler.
[36m[apify.tiktok-profile-scraper runId:vFNFpjo6NVW1boEWt][0m -> 2026-08-14T08:27:39.102Z [32mINFO[39m [33m CheerioCrawler:[39m Starting the crawler.
[36m[apify.tiktok-profile-scraper runId:vFNFpjo6NVW1boEWt][0m -> 2026-08-14T08:27:39.720Z [32mINFO[39m  Loaded profile info[90m {"url":"https://www.tiktok.com/@chalita_mungkhot"}[39m
[36m[apify.tiktok-profile-scraper runId:vFNFpjo6NVW1boEWt][0m -> 2026-08-14T08:27:40.003Z [32mINFO[39m  Loaded profile info[90m {"url":"https://www.tiktok.com/@wannaphainta2542"}[39m
[36m[apify.tiktok-profile-scraper runId:vFNFpjo6NVW1boEWt][0m -> 2026-08-14T08:27:40.965Z [33mWARN[39m [33m CheerioCrawler:[39m Reclaiming failed request back to the list or queue. Failed to parse TikTok response: Unexpected end of JSON input --- https://www.tiktok.com/@wannaphainta2542
[36m[apify.tiktok-profile-scraper runId:vFNFpjo6NVW1boEWt][0m -> 2026-08-14T08:27:40.967Z     at makeWebApiCall (file:///home/myuser/dist/src/tools/api/web/make-web-api-call.js:114:23)[90m {"id":"3r5Qt4ost9Ml6yu","url":"https://www.tiktok.com/@wannaphainta2542","retryCount":1}[39m
[36m[apify.tiktok-profile-scraper runId:vFNFpjo6NVW1boEWt][0m -> 2026-08-14T08:27:41.055Z [33mWARN[39m [33m CheerioCrawler:[39m Reclaiming failed request back to the list or queue. Failed to parse TikTok response: Unexpected end of JSON input --- https://www.tiktok.com/@chalita_mungkhot
[36m[apify.tiktok-profile-scraper runId:vFNFpjo6NVW1boEWt][0m -> 2026-08-14T08:27:41.056Z     at makeWebApiCall (file:///home/myuser/dist/src/tools/api/web/make-web-api-call.js:114:23)[90m {"id":"ACf0T1QAYNSEGrf","url":"https://www.tiktok.com/@chalita_mungkhot","retryCount":1}[39m
[36m[apify.tiktok-profile-scraper runId:vFNFpjo6NVW1boEWt][0m -> 2026-08-14T08:27:41.240Z [32mINFO[39m  Loaded profile info[90m {"url":"https://www.tiktok.com/@n_kacha629"}[39m
[36m[apify.tiktok-profile-scraper runId:vFNFpjo6NVW1boEWt][0m -> 2026-08-14T08:27:41.446Z [32mINFO[39m  Loaded profile info[90m {"url":"https://www.tiktok.com/@noonanduanglada"}[39m
[36m[apify.tiktok-profile-scraper runId:vFNFpjo6NVW1boEWt][0m -> 2026-08-14T08:27:42.100Z [33mWARN[39m [33m CheerioCrawler:[39m Reclaiming failed request back to the list or queue. Failed to parse TikTok response: Unexpected end of JSON input --- https://www.tiktok.com/@chalita_mungkhot
[36m[apify.tiktok-profile-scraper runId:vFNFpjo6NVW1boEWt][0m -> 2026-08-14T08:27:42.102Z     at makeWebApiCall (file:///home/myuser/dist/src/tools/api/web/make-web-api-call.js:114:23)[90m {"id":"YoUBrJLs1YBjNON","url":"https://www.tiktok.com/@chalita_mungkhot","retryCount":1}[39m
[36m[apify.tiktok-profile-scraper runId:vFNFpjo6NVW1boEWt][0m -> 2026-08-14T08:27:42.598Z [32mINFO[39m  Loaded profile info[90m {"url":"https://www.tiktok.com/@pitch_087"}[39m
[36m[apify.tiktok-profile-scraper runId:vFNFpjo6NVW1boEWt][0m -> 2026-08-14T08:27:42.724Z [33mWARN[39m [33m CheerioCrawler:[39m Reclaiming failed request back to the list or queue. Failed to parse TikTok response: Unexpected end of JSON input --- https://www.tiktok.com/@n_kacha629
[36m[apify.tiktok-profile-scraper runId:vFNFpjo6NVW1boEWt][0m -> 2026-08-14T08:27:42.726Z     at makeWebApiCall (file:///home/myuser/dist/src/tools/api/web/make-web-api-call.js:114:23)[90m {"id":"3FEazC61h0Tcej7","url":"https://www.tiktok.com/@n_kacha629","retryCount":1}[39m
[36m[apify.tiktok-profile-scraper runId:vFNFpjo6NVW1boEWt][0m -> 2026-08-14T08:27:43.033Z [33mWARN[39m [33m CheerioCrawler:[39m Reclaiming failed request back to the list or queue. Failed to parse TikTok response: Unexpected end of JSON input --- https://www.tiktok.com/@wannaphainta2542
[36m[apify.tiktok-profile-scraper runId:vFNFpjo6NVW1boEWt][0m -> 2026-08-14T08:27:43.034Z     at makeWebApiCall (file:///home/myuser/dist/src/tools/api/web/make-web-api-call.js:114:23)[90m {"id":"DrX7PJcrX2E9CLp","url":"https://www.tiktok.com/@wannaphainta2542","retryCount":1}[39m
[36m[apify.tiktok-profile-scraper runId:vFNFpjo6NVW1boEWt][0m -> 2026-08-14T08:27:43.366Z [33mWARN[39m [33m CheerioCrawler:[39m Reclaiming failed request back to the list or queue. Failed to parse TikTok response: Unexpected end of JSON input --- https://www.tiktok.com/@wannaphainta2542
[36m[apify.tiktok-profile-scraper runId:vFNFpjo6NVW1boEWt][0m -> 2026-08-14T08:27:43.369Z     at makeWebApiCall (file:///home/myuser/dist/src/tools/api/web/make-web-api-call.js:114:23)[90m {"id":"sKJUGHboW3bPwEw","url":"https://www.tiktok.com/@wannaphainta2542","retryCount":1}[39m
[36m[apify.tiktok-profile-scraper runId:vFNFpjo6NVW1boEWt][0m -> 2026-08-14T08:27:43.855Z [33mWARN[39m [33m CheerioCrawler:[39m Reclaiming failed request back to the list or queue. Failed to parse TikTok response: Unexpected end of JSON input --- https://www.tiktok.com/@chalita_mungkhot
[36m[apify.tiktok-profile-scraper runId:vFNFpjo6NVW1boEWt][0m -> 2026-08-14T08:27:43.856Z     at makeWebApiCall (file:///home/myuser/dist/src/tools/api/web/make-web-api-call.js:114:23)[90m {"id":"5clOpkLREKf8EH1","url":"https://www.tiktok.com/@chalita_mungkhot","retryCount":1}[39m
[36m[apify.tiktok-profile-scraper runId:vFNFpjo6NVW1boEWt][0m -> 2026-08-14T08:27:43.904Z [33mWARN[39m [33m CheerioCrawler:[39m Reclaiming failed request back to the list or queue. Failed to parse TikTok response: Unexpected end of JSON input --- https://www.tiktok.com/@noonanduanglada
[36m[apify.tiktok-profile-scraper runId:vFNFpjo6NVW1boEWt][0m -> 2026-08-14T08:27:43.906Z     at makeWebApiCall (file:///home/myuser/dist/src/tools/api/web/make-web-api-call.js:114:23)[90m {"id":"hyxJveyRxoclL1o","url":"https://www.tiktok.com/@noonanduanglada","retryCount":1}[39m
[36m[apify.tiktok-profile-scraper runId:vFNFpjo6NVW1boEWt][0m -> 2026-08-14T08:27:43.970Z [33mWARN[39m [33m CheerioCrawler:[39m Reclaiming failed request back to the list or queue. Failed to parse TikTok response: Unexpected end of JSON input --- https://www.tiktok.com/@wannaphainta2542
[36m[apify.tiktok-profile-scraper runId:vFNFpjo6NVW1boEWt][0m -> 2026-08-14T08:27:43.972Z     at makeWebApiCall (file:///home/myuser/dist/src/tools/api/web/make-web-api-call.js:114:23)[90m {"id":"Dgkt46rfEYUcOSI","url":"https://www.tiktok.com/@wannaphainta2542","retryCount":1}[39m
[36m[apify.tiktok-profile-scraper runId:vFNFpjo6NVW1boEWt][0m -> 2026-08-14T08:27:44.903Z [33mWARN[39m [33m CheerioCrawler:[39m Reclaiming failed request back to the list or queue. Failed to parse TikTok response: Unexpected end of JSON input --- https://www.tiktok.com/@pitch_087
[36m[apify.tiktok-profile-scraper runId:vFNFpjo6NVW1boEWt][0m -> 2026-08-14T08:27:44.904Z     at makeWebApiCall (file:///home/myuser/dist/src/tools/api/web/make-web-api-call.js:114:23)[90m {"id":"f7O9HO4qXIEc8Sc","url":"https://www.tiktok.com/@pitch_087","retryCount":1}[39m
[36m[apify.tiktok-profile-scraper runId:vFNFpjo6NVW1boEWt][0m -> 2026-08-14T08:27:45.270Z [33mWARN[39m [33m CheerioCrawler:[39m Reclaiming failed request back to the list or queue. Failed to parse TikTok response: Unexpected end of JSON input --- https://www.tiktok.com/@pitch_087
[36m[apify.tiktok-profile-scraper runId:vFNFpjo6NVW1boEWt][0m -> 2026-08-14T08:27:45.272Z     at makeWebApiCall (file:///home/myuser/dist/src/tools/api/web/make-web-api-call.js:114:23)[90m {"id":"rRZQ8kywLGQaOnb","url":"https://www.tiktok.com/@pitch_087","retryCount":1}[39m
[36m[apify.tiktok-profile-scraper runId:vFNFpjo6NVW1boEWt][0m -> 2026-08-14T08:27:45.491Z [33mWARN[39m [33m CheerioCrawler:[39m Reclaiming failed request back to the list or queue. Failed to parse TikTok response: Unexpected end of JSON input --- https://www.tiktok.com/@pitch_087
[36m[apify.tiktok-profile-scraper runId:vFNFpjo6NVW1boEWt][0m -> 2026-08-14T08:27:45.494Z     at makeWebApiCall (file:///home/myuser/dist/src/tools/api/web/make-web-api-call.js:114:23)[90m {"id":"7zbGL8qM5FZDzhs","url":"https://www.tiktok.com/@pitch_087","retryCount":1}[39m
[36m[apify.tiktok-profile-scraper runId:vFNFpjo6NVW1boEWt][0m -> 2026-08-14T08:27:45.643Z [33mWARN[39m [33m CheerioCrawler:[39m Reclaiming failed request back to the list or queue. Failed to parse TikTok response: Unexpected end of JSON input --- https://www.tiktok.com/@chalita_mungkhot
[36m[apify.tiktok-profile-scraper runId:vFNFpjo6NVW1boEWt][0m -> 2026-08-14T08:27:45.645Z     at makeWebApiCall (file:///home/myuser/dist/src/tools/api/web/make-web-api-call.js:114:23)[90m {"id":"gW1rR1p3i9Qk4mn","url":"https://www.tiktok.com/@chalita_mungkhot","retryCount":1}[39m
[36m[apify.tiktok-profile-scraper runId:vFNFpjo6NVW1boEWt][0m -> 2026-08-14T08:27:46.087Z [33mWARN[39m [33m CheerioCrawler:[39m Reclaiming failed request back to the list or queue. Failed to parse TikTok response: Unexpected end of JSON input --- https://www.tiktok.com/@noonanduanglada
[36m[apify.tiktok-profile-scraper runId:vFNFpjo6NVW1boEWt][0m -> 2026-08-14T08:27:46.089Z     at makeWebApiCall (file:///home/myuser/dist/src/tools/api/web/make-web-api-call.js:114:23)[90m {"id":"WpJ6qIGEMOc1jPO","url":"https://www.tiktok.com/@noonanduanglada","retryCount":1}[39m
[36m[apify.tiktok-profile-scraper runId:vFNFpjo6NVW1boEWt][0m -> 2026-08-14T08:27:46.443Z [33mWARN[39m [33m CheerioCrawler:[39m Reclaiming failed request back to the list or queue. Failed to parse TikTok response: Unexpected end of JSON input --- https://www.tiktok.com/@noonanduanglada
[36m[apify.tiktok-profile-scraper runId:vFNFpjo6NVW1boEWt][0m -> 2026-08-14T08:27:46.445Z     at makeWebApiCall (file:///home/myuser/dist/src/tools/api/web/make-web-api-call.js:114:23)[90m {"id":"Owmv1PoJcWfUjZu","url":"https://www.tiktok.com/@noonanduanglada","retryCount":1}[39m
[36m[apify.tiktok-profile-scraper runId:vFNFpjo6NVW1boEWt][0m -> 2026-08-14T08:27:47.136Z [33mWARN[39m [33m CheerioCrawler:[39m Reclaiming failed request back to the list or queue. Failed to parse TikTok response: Unexpected end of JSON input --- https://www.tiktok.com/@noonanduanglada
[36m[apify.tiktok-profile-scraper runId:vFNFpjo6NVW1boEWt][0m -> 2026-08-14T08:27:47.140Z     at makeWebApiCall (file:///home/myuser/dist/src/tools/api/web/make-web-api-call.js:114:23)[90m {"id":"fyi24wwk2n5N4cl","url":"https://www.tiktok.com/@noonanduanglada","retryCount":1}[39m
[36m[apify.tiktok-profile-scraper runId:vFNFpjo6NVW1boEWt][0m -> 2026-08-14T08:27:47.274Z [33mWARN[39m [33m CheerioCrawler:[39m Reclaiming failed request back to the list or queue. Failed to parse TikTok response: Unexpected end of JSON input --- https://www.tiktok.com/@pitch_087
[36m[apify.tiktok-profile-scraper runId:vFNFpjo6NVW1boEWt][0m -> 2026-08-14T08:27:47.276Z     at makeWebApiCall (file:///home/myuser/dist/src/tools/api/web/make-web-api-call.js:114:23)[90m {"id":"FLwEcz7FMbnvYuA","url":"https://www.tiktok.com/@pitch_087","retryCount":1}[39m
[36m[apify.tiktok-profile-scraper runId:vFNFpjo6NVW1boEWt][0m -> 2026-08-14T08:27:47.956Z [33mWARN[39m [33m CheerioCrawler:[39m Reclaiming failed request back to the list or queue. Failed to parse TikTok response: Unexpected end of JSON input --- https://www.tiktok.com/@n_kacha629
[36m[apify.tiktok-profile-scraper runId:vFNFpjo6NVW1boEWt][0m -> 2026-08-14T08:27:47.957Z     at makeWebApiCall (file:///home/myuser/dist/src/tools/api/web/make-web-api-call.js:114:23)[90m {"id":"ZBEWRiNN8xmOXrb","url":"https://www.tiktok.com/@n_kacha629","retryCount":1}[39m
[36m[apify.tiktok-profile-scraper runId:vFNFpjo6NVW1boEWt][0m -> 2026-08-14T08:27:48.068Z [33mWARN[39m [33m CheerioCrawler:[39m Reclaiming failed request back to the list or queue. Failed to parse TikTok response: Unexpected end of JSON input --- https://www.tiktok.com/@wannaphainta2542
[36m[apify.tiktok-profile-scraper runId:vFNFpjo6NVW1boEWt][0m -> 2026-08-14T08:27:48.070Z     at makeWebApiCall (file:///home/myuser/dist/src/tools/api/web/make-web-api-call.js:114:23)[90m {"id":"PsSFe8QjBPyipYY","url":"https://www.tiktok.com/@wannaphainta2542","retryCount":1}[39m
[36m[apify.tiktok-profile-scraper runId:vFNFpjo6NVW1boEWt][0m -> 2026-08-14T08:27:48.138Z [33mWARN[39m [33m CheerioCrawler:[39m Reclaiming failed request back to the list or queue. Failed to parse TikTok response: Unexpected end of JSON input --- https://www.tiktok.com/@n_kacha629
[36m[apify.tiktok-profile-scraper runId:vFNFpjo6NVW1boEWt][0m -> 2026-08-14T08:27:48.140Z     at makeWebApiCall (file:///home/myuser/dist/src/tools/api/web/make-web-api-call.js:114:23)[90m {"id":"R1QJu9Id5jXOPSc","url":"https://www.tiktok.com/@n_kacha629","retryCount":1}[39m
[36m[apify.tiktok-profile-scraper runId:vFNFpjo6NVW1boEWt][0m -> 2026-08-14T08:27:48.967Z [32mINFO[39m  [Status message]: Scraped 0/5 profiles
[36m[apify.tiktok-profile-scraper runId:vFNFpjo6NVW1boEWt][0m -> 2026-08-14T08:27:49.235Z [33mWARN[39m [33m CheerioCrawler:[39m Reclaiming failed request back to the list or queue. Failed to parse TikTok response: Unexpected end of JSON input --- https://www.tiktok.com/@wannaphainta2542
[36m[apify.tiktok-profile-scraper runId:vFNFpjo6NVW1boEWt][0m -> 2026-08-14T08:27:49.237Z     at makeWebApiCall (file:///home/myuser/dist/src/tools/api/web/make-web-api-call.js:114:23)[90m {"id":"3r5Qt4ost9Ml6yu","url":"https://www.tiktok.com/@wannaphainta2542","retryCount":2}[39m
[36m[apify.tiktok-profile-scraper runId:vFNFpjo6NVW1boEWt][0m -> 2026-08-14T08:27:49.238Z [33mWARN[39m [33m CheerioCrawler:[39m Reclaiming failed request back to the list or queue. Failed to parse TikTok response: Unexpected end of JSON input --- https://www.tiktok.com/@noonanduanglada
[36m[apify.tiktok-profile-scraper runId:vFNFpjo6NVW1boEWt][0m -> 2026-08-14T08:27:49.240Z     at makeWebApiCall (file:///home/myuser/dist/src/tools/api/web/make-web-api-call.js:114:23)[90m {"id":"zcLioExri2lTNhL","url":"https://www.tiktok.com/@noonanduanglada","retryCount":1}[39m
[36m[apify.tiktok-profile-scraper runId:vFNFpjo6NVW1boEWt][0m -> 2026-08-14T08:27:49.358Z [33mWARN[39m [33m CheerioCrawler:[39m Reclaiming failed request back to the list or queue. Failed to parse TikTok response: Unexpected end of JSON input --- https://www.tiktok.com/@pitch_087
[36m[apify.tiktok-profile-scraper runId:vFNFpjo6NVW1boEWt][0m -> 2026-08-14T08:27:49.360Z     at makeWebApiCall (file:///home/myuser/dist/src/tools/api/web/make-web-api-call.js:114:23)[90m {"id":"IkWZjS3Sbqr98Xg","url":"https://www.tiktok.com/@pitch_087","retryCount":1}[39m
[36m[apify.tiktok-profile-scraper runId:vFNFpjo6NVW1boEWt][0m -> 2026-08-14T08:27:49.636Z [33mWARN[39m [33m CheerioCrawler:[39m Reclaiming failed request back to the list or queue. Failed to parse TikTok response: Unexpected end of JSON input --- https://www.tiktok.com/@chalita_mungkhot
[36m[apify.tiktok-profile-scraper runId:vFNFpjo6NVW1boEWt][0m -> Status: RUNNING, Message: Crawled 5/30 pages, 0 failed requests, desired concurrency 10.
[36m[apify.tiktok-profile-scraper runId:vFNFpjo6NVW1boEWt][0m -> 2026-08-14T08:27:49.638Z     at makeWebApiCall (file:///home/myuser/dist/src/tools/api/web/make-web-api-call.js:114:23)[90m {"id":"ACf0T1QAYNSEGrf","url":"https://www.tiktok.com/@chalita_mungkhot","retryCount":2}[39m
[36m[apify.tiktok-profile-scraper runId:vFNFpjo6NVW1boEWt][0m -> 2026-08-14T08:27:50.580Z [33mWARN[39m [33m CheerioCrawler:[39m Reclaiming failed request back to the list or queue. Failed to send API request with exit code: CURLE_RECV_ERROR (56), retrying
[36m[apify.tiktok-profile-scraper runId:vFNFpjo6NVW1boEWt][0m -> 2026-08-14T08:27:50.644Z     at async sendCurlRequest (file:///home/myuser/dist/src/tools/api/curl-request.js:27:43)[90m {"id":"Dgkt46rfEYUcOSI","url":"https://www.tiktok.com/@wannaphainta2542","retryCount":2}[39m
[36m[apify.tiktok-profile-scraper runId:vFNFpjo6NVW1boEWt][0m -> 2026-08-14T08:27:50.727Z [33mWARN[39m [33m CheerioCrawler:[39m Reclaiming failed request back to the list or queue. Failed to send API request with exit code: CURLE_RECV_ERROR (56), retrying
[36m[apify.tiktok-profile-scraper runId:vFNFpjo6NVW1boEWt][0m -> 2026-08-14T08:27:50.761Z     at async sendCurlRequest (file:///home/myuser/dist/src/tools/api/curl-request.js:27:43)[90m {"id":"5clOpkLREKf8EH1","url":"https://www.tiktok.com/@chalita_mungkhot","retryCount":2}[39m
[36m[apify.tiktok-profile-scraper runId:vFNFpjo6NVW1boEWt][0m -> 2026-08-14T08:27:50.765Z [33mWARN[39m [33m CheerioCrawler:[39m Reclaiming failed request back to the list or queue. Failed to send API request with exit code: CURLE_RECV_ERROR (56), retrying
[36m[apify.tiktok-profile-scraper runId:vFNFpjo6NVW1boEWt][0m -> 2026-08-14T08:27:50.767Z     at async sendCurlRequest (file:///home/myuser/dist/src/tools/api/curl-request.js:27:43)[90m {"id":"7zbGL8qM5FZDzhs","url":"https://www.tiktok.com/@pitch_087","retryCount":2}[39m
[36m[apify.tiktok-profile-scraper runId:vFNFpjo6NVW1boEWt][0m -> 2026-08-14T08:27:50.769Z [33mWARN[39m [33m CheerioCrawler:[39m Reclaiming failed request back to the list or queue. Failed to send API request with exit code: CURLE_RECV_ERROR (56), retrying
[36m[apify.tiktok-profile-scraper runId:vFNFpjo6NVW1boEWt][0m -> 2026-08-14T08:27:50.771Z     at async sendCurlRequest (file:///home/myuser/dist/src/tools/api/curl-request.js:27:43)[90m {"id":"YoUBrJLs1YBjNON","url":"https://www.tiktok.com/@chalita_mungkhot","retryCount":2}[39m
[36m[apify.tiktok-profile-scraper runId:vFNFpjo6NVW1boEWt][0m -> 2026-08-14T08:27:50.987Z [33mWARN[39m [33m CheerioCrawler:[39m Reclaiming failed request back to the list or queue. Failed to send API request with exit code: CURLE_RECV_ERROR (56), retrying
[36m[apify.tiktok-profile-scraper runId:vFNFpjo6NVW1boEWt][0m -> 2026-08-14T08:27:50.988Z     at async sendCurlRequest (file:///home/myuser/dist/src/tools/api/curl-request.js:27:43)[90m {"id":"WpJ6qIGEMOc1jPO","url":"https://www.tiktok.com/@noonanduanglada","retryCount":2}[39m
[36m[apify.tiktok-profile-scraper runId:vFNFpjo6NVW1boEWt][0m -> 2026-08-14T08:27:50.990Z [33mWARN[39m [33m CheerioCrawler:[39m Reclaiming failed request back to the list or queue. Failed to send API request with exit code: CURLE_RECV_ERROR (56), retrying
[36m[apify.tiktok-profile-scraper runId:vFNFpjo6NVW1boEWt][0m -> 2026-08-14T08:27:50.992Z     at async sendCurlRequest (file:///home/myuser/dist/src/tools/api/curl-request.js:27:43)[90m {"id":"gW1rR1p3i9Qk4mn","url":"https://www.tiktok.com/@chalita_mungkhot","retryCount":2}[39m
[36m[apify.tiktok-profile-scraper runId:vFNFpjo6NVW1boEWt][0m -> 2026-08-14T08:27:51.065Z [33mWARN[39m [33m CheerioCrawler:[39m Reclaiming failed request back to the list or queue. Failed to send API request with exit code: CURLE_RECV_ERROR (56), retrying
[36m[apify.tiktok-profile-scraper runId:vFNFpjo6NVW1boEWt][0m -> 2026-08-14T08:27:51.066Z     at async sendCurlRequest (file:///home/myuser/dist/src/tools/api/curl-request.js:27:43)[90m {"id":"f7O9HO4qXIEc8Sc","url":"https://www.tiktok.com/@pitch_087","retryCount":2}[39m
[36m[apify.tiktok-profile-scraper runId:vFNFpjo6NVW1boEWt][0m -> 2026-08-14T08:27:51.068Z [33mWARN[39m [33m CheerioCrawler:[39m Reclaiming failed request back to the list or queue. Failed to send API request with exit code: CURLE_RECV_ERROR (56), retrying
[36m[apify.tiktok-profile-scraper runId:vFNFpjo6NVW1boEWt][0m -> 2026-08-14T08:27:51.070Z     at async sendCurlRequest (file:///home/myuser/dist/src/tools/api/curl-request.js:27:43)[90m {"id":"sKJUGHboW3bPwEw","url":"https://www.tiktok.com/@wannaphainta2542","retryCount":2}[39m
[36m[apify.tiktok-profile-scraper runId:vFNFpjo6NVW1boEWt][0m -> 2026-08-14T08:27:51.071Z [33mWARN[39m [33m CheerioCrawler:[39m Reclaiming failed request back to the list or queue. Failed to send API request with exit code: CURLE_RECV_ERROR (56), retrying
[36m[apify.tiktok-profile-scraper runId:vFNFpjo6NVW1boEWt][0m -> 2026-08-14T08:27:51.073Z     at async sendCurlRequest (file:///home/myuser/dist/src/tools/api/curl-request.js:27:43)[90m {"id":"hyxJveyRxoclL1o","url":"https://www.tiktok.com/@noonanduanglada","retryCount":2}[39m
[36m[apify.tiktok-profile-scraper runId:vFNFpjo6NVW1boEWt][0m -> 2026-08-14T08:27:51.074Z [33mWARN[39m [33m CheerioCrawler:[39m Reclaiming failed request back to the list or queue. Failed to send API request with exit code: CURLE_RECV_ERROR (56), retrying
[36m[apify.tiktok-profile-scraper runId:vFNFpjo6NVW1boEWt][0m -> 2026-08-14T08:27:51.076Z     at async sendCurlRequest (file:///home/myuser/dist/src/tools/api/curl-request.js:27:43)[90m {"id":"rRZQ8kywLGQaOnb","url":"https://www.tiktok.com/@pitch_087","retryCount":2}[39m
[36m[apify.tiktok-profile-scraper runId:vFNFpjo6NVW1boEWt][0m -> 2026-08-14T08:27:51.078Z [33mWARN[39m [33m CheerioCrawler:[39m Reclaiming failed request back to the list or queue. Failed to send API request with exit code: CURLE_RECV_ERROR (56), retrying
[36m[apify.tiktok-profile-scraper runId:vFNFpjo6NVW1boEWt][0m -> 2026-08-14T08:27:51.079Z     at async sendCurlRequest (file:///home/myuser/dist/src/tools/api/curl-request.js:27:43)[90m {"id":"3FEazC61h0Tcej7","url":"https://www.tiktok.com/@n_kacha629","retryCount":2}[39m
[36m[apify.tiktok-profile-scraper runId:vFNFpjo6NVW1boEWt][0m -> 2026-08-14T08:27:51.081Z [33mWARN[39m [33m CheerioCrawler:[39m Reclaiming failed request back to the list or queue. Failed to send API request with exit code: CURLE_RECV_ERROR (56), retrying
[36m[apify.tiktok-profile-scraper runId:vFNFpjo6NVW1boEWt][0m -> 2026-08-14T08:27:51.082Z     at async sendCurlRequest (file:///home/myuser/dist/src/tools/api/curl-request.js:27:43)[90m {"id":"HXELivGGetdb3Pr","url":"https://www.tiktok.com/@n_kacha629","retryCount":1}[39m
[36m[apify.tiktok-profile-scraper runId:vFNFpjo6NVW1boEWt][0m -> 2026-08-14T08:27:51.391Z [33mWARN[39m [33m CheerioCrawler:[39m Reclaiming failed request back to the list or queue. Failed to send API request with exit code: CURLE_RECV_ERROR (56), retrying
[36m[apify.tiktok-profile-scraper runId:vFNFpjo6NVW1boEWt][0m -> 2026-08-14T08:27:51.393Z     at async sendCurlRequest (file:///home/myuser/dist/src/tools/api/curl-request.js:27:43)[90m {"id":"Owmv1PoJcWfUjZu","url":"https://www.tiktok.com/@noonanduanglada","retryCount":2}[39m
[36m[apify.tiktok-profile-scraper runId:vFNFpjo6NVW1boEWt][0m -> 2026-08-14T08:27:51.394Z [33mWARN[39m [33m CheerioCrawler:[39m Reclaiming failed request back to the list or queue. Failed to parse TikTok response: Unexpected end of JSON input --- https://www.tiktok.com/@n_kacha629
[36m[apify.tiktok-profile-scraper runId:vFNFpjo6NVW1boEWt][0m -> 2026-08-14T08:27:51.396Z     at makeWebApiCall (file:///home/myuser/dist/src/tools/api/web/make-web-api-call.js:114:23)[90m {"id":"CrgCJMIdrftG3wy","url":"https://www.tiktok.com/@n_kacha629","retryCount":1}[39m
[36m[apify.tiktok-profile-scraper runId:vFNFpjo6NVW1boEWt][0m -> 2026-08-14T08:27:51.398Z [33mWARN[39m [33m CheerioCrawler:[39m Reclaiming failed request back to the list or queue. Failed to send API request with exit code: CURLE_RECV_ERROR (56), retrying
[36m[apify.tiktok-profile-scraper runId:vFNFpjo6NVW1boEWt][0m -> 2026-08-14T08:27:51.400Z     at async sendCurlRequest (file:///home/myuser/dist/src/tools/api/curl-request.js:27:43)[90m {"id":"fyi24wwk2n5N4cl","url":"https://www.tiktok.com/@noonanduanglada","retryCount":2}[39m
[36m[apify.tiktok-profile-scraper runId:vFNFpjo6NVW1boEWt][0m -> 2026-08-14T08:27:51.460Z [33mWARN[39m [33m CheerioCrawler:[39m Reclaiming failed request back to the list or queue. Failed to send API request with exit code: CURLE_RECV_ERROR (56), retrying
[36m[apify.tiktok-profile-scraper runId:vFNFpjo6NVW1boEWt][0m -> 2026-08-14T08:27:51.462Z     at async sendCurlRequest (file:///home/myuser/dist/src/tools/api/curl-request.js:27:43)[90m {"id":"ZBEWRiNN8xmOXrb","url":"https://www.tiktok.com/@n_kacha629","retryCount":2}[39m
[36m[apify.tiktok-profile-scraper runId:vFNFpjo6NVW1boEWt][0m -> 2026-08-14T08:27:51.464Z [33mWARN[39m [33m CheerioCrawler:[39m Reclaiming failed request back to the list or queue. Failed to send API request with exit code: CURLE_RECV_ERROR (56), retrying
[36m[apify.tiktok-profile-scraper runId:vFNFpjo6NVW1boEWt][0m -> 2026-08-14T08:27:51.465Z     at async sendCurlRequest (file:///home/myuser/dist/src/tools/api/curl-request.js:27:43)[90m {"id":"FLwEcz7FMbnvYuA","url":"https://www.tiktok.com/@pitch_087","retryCount":2}[39m
[36m[apify.tiktok-profile-scraper runId:vFNFpjo6NVW1boEWt][0m -> 2026-08-14T08:27:51.649Z [33mWARN[39m [33m CheerioCrawler:[39m Reclaiming failed request back to the list or queue. Failed to send API request with exit code: CURLE_RECV_ERROR (56), retrying
[36m[apify.tiktok-profile-scraper runId:vFNFpjo6NVW1boEWt][0m -> 2026-08-14T08:27:51.650Z     at async sendCurlRequest (file:///home/myuser/dist/src/tools/api/curl-request.js:27:43)[90m {"id":"PsSFe8QjBPyipYY","url":"https://www.tiktok.com/@wannaphainta2542","retryCount":2}[39m
[36m[apify.tiktok-profile-scraper runId:vFNFpjo6NVW1boEWt][0m -> 2026-08-14T08:27:51.653Z [33mWARN[39m [33m CheerioCrawler:[39m Reclaiming failed request back to the list or queue. Failed to send API request with exit code: CURLE_RECV_ERROR (56), retrying
[36m[apify.tiktok-profile-scraper runId:vFNFpjo6NVW1boEWt][0m -> 2026-08-14T08:27:51.655Z     at async sendCurlRequest (file:///home/myuser/dist/src/tools/api/curl-request.js:27:43)[90m {"id":"R1QJu9Id5jXOPSc","url":"https://www.tiktok.com/@n_kacha629","retryCount":2}[39m
[36m[apify.tiktok-profile-scraper runId:vFNFpjo6NVW1boEWt][0m -> 2026-08-14T08:27:52.425Z [33mWARN[39m [33m CheerioCrawler:[39m Reclaiming failed request back to the list or queue. Failed to send API request with exit code: CURLE_RECV_ERROR (56), retrying
[36m[apify.tiktok-profile-scraper runId:vFNFpjo6NVW1boEWt][0m -> 2026-08-14T08:27:52.427Z     at async sendCurlRequest (file:///home/myuser/dist/src/tools/api/curl-request.js:27:43)[90m {"id":"DrX7PJcrX2E9CLp","url":"https://www.tiktok.com/@wannaphainta2542","retryCount":2}[39m
[36m[apify.tiktok-profile-scraper runId:vFNFpjo6NVW1boEWt][0m -> 2026-08-14T08:27:52.589Z [33mWARN[39m [33m CheerioCrawler:[39m Reclaiming failed request back to the list or queue. Failed to send API request with exit code: CURLE_RECV_ERROR (56), retrying
[36m[apify.tiktok-profile-scraper runId:vFNFpjo6NVW1boEWt][0m -> 2026-08-14T08:27:52.592Z     at async sendCurlRequest (file:///home/myuser/dist/src/tools/api/curl-request.js:27:43)[90m {"id":"zcLioExri2lTNhL","url":"https://www.tiktok.com/@noonanduanglada","retryCount":2}[39m
[36m[apify.tiktok-profile-scraper runId:vFNFpjo6NVW1boEWt][0m -> 2026-08-14T08:27:52.594Z [33mWARN[39m [33m CheerioCrawler:[39m Reclaiming failed request back to the list or queue. Failed to send API request with exit code: CURLE_RECV_ERROR (56), retrying
[36m[apify.tiktok-profile-scraper runId:vFNFpjo6NVW1boEWt][0m -> 2026-08-14T08:27:52.596Z     at async sendCurlRequest (file:///home/myuser/dist/src/tools/api/curl-request.js:27:43)[90m {"id":"3r5Qt4ost9Ml6yu","url":"https://www.tiktok.com/@wannaphainta2542","retryCount":3}[39m
[36m[apify.tiktok-profile-scraper runId:vFNFpjo6NVW1boEWt][0m -> 2026-08-14T08:27:52.626Z [33mWARN[39m [33m CheerioCrawler:[39m Reclaiming failed request back to the list or queue. Failed to send API request with exit code: CURLE_RECV_ERROR (56), retrying
[36m[apify.tiktok-profile-scraper runId:vFNFpjo6NVW1boEWt][0m -> 2026-08-14T08:27:52.627Z     at async sendCurlRequest (file:///home/myuser/dist/src/tools/api/curl-request.js:27:43)[90m {"id":"IkWZjS3Sbqr98Xg","url":"https://www.tiktok.com/@pitch_087","retryCount":2}[39m
[36m[apify.tiktok-profile-scraper runId:vFNFpjo6NVW1boEWt][0m -> 2026-08-14T08:27:53.085Z [33mWARN[39m [33m CheerioCrawler:[39m Reclaiming failed request back to the list or queue. Failed to send API request with exit code: CURLE_RECV_ERROR (56), retrying
[36m[apify.tiktok-profile-scraper runId:vFNFpjo6NVW1boEWt][0m -> 2026-08-14T08:27:53.087Z     at async sendCurlRequest (file:///home/myuser/dist/src/tools/api/curl-request.js:27:43)[90m {"id":"ACf0T1QAYNSEGrf","url":"https://www.tiktok.com/@chalita_mungkhot","retryCount":3}[39m
[36m[apify.tiktok-profile-scraper runId:vFNFpjo6NVW1boEWt][0m -> 2026-08-14T08:27:53.699Z [33mWARN[39m [33m CheerioCrawler:[39m Reclaiming failed request back to the list or queue. Failed to send API request with exit code: CURLE_RECV_ERROR (56), retrying
[36m[apify.tiktok-profile-scraper runId:vFNFpjo6NVW1boEWt][0m -> 2026-08-14T08:27:53.701Z     at async sendCurlRequest (file:///home/myuser/dist/src/tools/api/curl-request.js:27:43)[90m {"id":"Dgkt46rfEYUcOSI","url":"https://www.tiktok.com/@wannaphainta2542","retryCount":3}[39m
[36m[apify.tiktok-profile-scraper runId:vFNFpjo6NVW1boEWt][0m -> 2026-08-14T08:27:53.702Z [33mWARN[39m [33m CheerioCrawler:[39m Reclaiming failed request back to the list or queue. Failed to send API request with exit code: CURLE_RECV_ERROR (56), retrying
[36m[apify.tiktok-profile-scraper runId:vFNFpjo6NVW1boEWt][0m -> 2026-08-14T08:27:53.704Z     at async sendCurlRequest (file:///home/myuser/dist/src/tools/api/curl-request.js:27:43)[90m {"id":"5clOpkLREKf8EH1","url":"https://www.tiktok.com/@chalita_mungkhot","retryCount":3}[39m
[36m[apify.tiktok-profile-scraper runId:vFNFpjo6NVW1boEWt][0m -> 2026-08-14T08:27:53.944Z [33mWARN[39m [33m CheerioCrawler:[39m Reclaiming failed request back to the list or queue. Failed to send API request with exit code: CURLE_RECV_ERROR (56), retrying
[36m[apify.tiktok-profile-scraper runId:vFNFpjo6NVW1boEWt][0m -> 2026-08-14T08:27:53.946Z     at async sendCurlRequest (file:///home/myuser/dist/src/tools/api/curl-request.js:27:43)[90m {"id":"7zbGL8qM5FZDzhs","url":"https://www.tiktok.com/@pitch_087","retryCount":3}[39m
[36m[apify.tiktok-profile-scraper runId:vFNFpjo6NVW1boEWt][0m -> 2026-08-14T08:27:53.948Z [33mWARN[39m [33m CheerioCrawler:[39m Reclaiming failed request back to the list or queue. Failed to send API request with exit code: CURLE_RECV_ERROR (56), retrying
[36m[apify.tiktok-profile-scraper runId:vFNFpjo6NVW1boEWt][0m -> 2026-08-14T08:27:53.949Z     at async sendCurlRequest (file:///home/myuser/dist/src/tools/api/curl-request.js:27:43)[90m {"id":"YoUBrJLs1YBjNON","url":"https://www.tiktok.com/@chalita_mungkhot","retryCount":3}[39m
[36m[apify.tiktok-profile-scraper runId:vFNFpjo6NVW1boEWt][0m -> 2026-08-14T08:27:54.054Z [33mWARN[39m [33m CheerioCrawler:[39m Reclaiming failed request back to the list or queue. Failed to send API request with exit code: CURLE_RECV_ERROR (56), retrying
[36m[apify.tiktok-profile-scraper runId:vFNFpjo6NVW1boEWt][0m -> 2026-08-14T08:27:54.056Z     at async sendCurlRequest (file:///home/myuser/dist/src/tools/api/curl-request.js:27:43)[90m {"id":"nFJ8MIRdCgCZHo6","url":"https://www.tiktok.com/@chalita_mungkhot","retryCount":1}[39m
[36m[apify.tiktok-profile-scraper runId:vFNFpjo6NVW1boEWt][0m -> 2026-08-14T08:27:54.440Z [33mWARN[39m [33m CheerioCrawler:[39m Reclaiming failed request back to the list or queue. Failed to send API request with exit code: CURLE_RECV_ERROR (56), retrying
[36m[apify.tiktok-profile-scraper runId:vFNFpjo6NVW1boEWt][0m -> 2026-08-14T08:27:54.441Z     at async sendCurlRequest (file:///home/myuser/dist/src/tools/api/curl-request.js:27:43)[90m {"id":"WpJ6qIGEMOc1jPO","url":"https://www.tiktok.com/@noonanduanglada","retryCount":3}[39m
[36m[apify.tiktok-profile-scraper runId:vFNFpjo6NVW1boEWt][0m -> 2026-08-14T08:27:54.443Z [33mWARN[39m [33m CheerioCrawler:[39m Reclaiming failed request back to the list or queue. Failed to send API request with exit code: CURLE_RECV_ERROR (56), retrying
[36m[apify.tiktok-profile-scraper runId:vFNFpjo6NVW1boEWt][0m -> 2026-08-14T08:27:54.445Z     at async sendCurlRequest (file:///home/myuser/dist/src/tools/api/curl-request.js:27:43)[90m {"id":"sKJUGHboW3bPwEw","url":"https://www.tiktok.com/@wannaphainta2542","retryCount":3}[39m
[36m[apify.tiktok-profile-scraper runId:vFNFpjo6NVW1boEWt][0m -> 2026-08-14T08:27:54.469Z [33mWARN[39m [33m CheerioCrawler:[39m Reclaiming failed request back to the list or queue. Failed to send API request with exit code: CURLE_RECV_ERROR (56), retrying
[36m[apify.tiktok-profile-scraper runId:vFNFpjo6NVW1boEWt][0m -> 2026-08-14T08:27:54.471Z     at async sendCurlRequest (file:///home/myuser/dist/src/tools/api/curl-request.js:27:43)[90m {"id":"f7O9HO4qXIEc8Sc","url":"https://www.tiktok.com/@pitch_087","retryCount":3}[39m
[36m[apify.tiktok-profile-scraper runId:vFNFpjo6NVW1boEWt][0m -> 2026-08-14T08:27:54.473Z [33mWARN[39m [33m CheerioCrawler:[39m Reclaiming failed request back to the list or queue. Failed to send API request with exit code: CURLE_RECV_ERROR (56), retrying
[36m[apify.tiktok-profile-scraper runId:vFNFpjo6NVW1boEWt][0m -> 2026-08-14T08:27:54.474Z     at async sendCurlRequest (file:///home/myuser/dist/src/tools/api/curl-request.js:27:43)[90m {"id":"gW1rR1p3i9Qk4mn","url":"https://www.tiktok.com/@chalita_mungkhot","retryCount":3}[39m
[36m[apify.tiktok-profile-scraper runId:vFNFpjo6NVW1boEWt][0m -> 2026-08-14T08:27:54.476Z [33mWARN[39m [33m CheerioCrawler:[39m Reclaiming failed request back to the list or queue. Failed to send API request with exit code: CURLE_RECV_ERROR (56), retrying
[36m[apify.tiktok-profile-scraper runId:vFNFpjo6NVW1boEWt][0m -> 2026-08-14T08:27:54.479Z     at async sendCurlRequest (file:///home/myuser/dist/src/tools/api/curl-request.js:27:43)[90m {"id":"hyxJveyRxoclL1o","url":"https://www.tiktok.com/@noonanduanglada","retryCount":3}[39m
[36m[apify.tiktok-profile-scraper runId:vFNFpjo6NVW1boEWt][0m -> 2026-08-14T08:27:54.481Z [33mWARN[39m [33m CheerioCrawler:[39m Reclaiming failed request back to the list or queue. Failed to send API request with exit code: CURLE_RECV_ERROR (56), retrying
[36m[apify.tiktok-profile-scraper runId:vFNFpjo6NVW1boEWt][0m -> 2026-08-14T08:27:54.482Z     at async sendCurlRequest (file:///home/myuser/dist/src/tools/api/curl-request.js:27:43)[90m {"id":"rRZQ8kywLGQaOnb","url":"https://www.tiktok.com/@pitch_087","retryCount":3}[39m
[36m[apify.tiktok-profile-scraper runId:vFNFpjo6NVW1boEWt][0m -> 2026-08-14T08:27:54.592Z [33mWARN[39m [33m CheerioCrawler:[39m Reclaiming failed request back to the list or queue. Failed to send API request with exit code: CURLE_RECV_ERROR (56), retrying
[36m[apify.tiktok-profile-scraper runId:vFNFpjo6NVW1boEWt][0m -> 2026-08-14T08:27:54.594Z     at async sendCurlRequest (file:///home/myuser/dist/src/tools/api/curl-request.js:27:43)[90m {"id":"3FEazC61h0Tcej7","url":"https://www.tiktok.com/@n_kacha629","retryCount":3}[39m
[36m[apify.tiktok-profile-scraper runId:vFNFpjo6NVW1boEWt][0m -> 2026-08-14T08:27:54.635Z [33mWARN[39m [33m CheerioCrawler:[39m Reclaiming failed request back to the list or queue. Failed to send API request with exit code: CURLE_RECV_ERROR (56), retrying
[36m[apify.tiktok-profile-scraper runId:vFNFpjo6NVW1boEWt][0m -> 2026-08-14T08:27:54.640Z     at async sendCurlRequest (file:///home/myuser/dist/src/tools/api/curl-request.js:27:43)[90m {"id":"HXELivGGetdb3Pr","url":"https://www.tiktok.com/@n_kacha629","retryCount":2}[39m
[36m[apify.tiktok-profile-scraper runId:vFNFpjo6NVW1boEWt][0m -> 2026-08-14T08:27:55.145Z [33mWARN[39m [33m CheerioCrawler:[39m Reclaiming failed request back to the list or queue. Failed to send API request with exit code: CURLE_RECV_ERROR (56), retrying
[36m[apify.tiktok-profile-scraper runId:vFNFpjo6NVW1boEWt][0m -> 2026-08-14T08:27:55.147Z     at async sendCurlRequest (file:///home/myuser/dist/src/tools/api/curl-request.js:27:43)[90m {"id":"ZBEWRiNN8xmOXrb","url":"https://www.tiktok.com/@n_kacha629","retryCount":3}[39m
[36m[apify.tiktok-profile-scraper runId:vFNFpjo6NVW1boEWt][0m -> 2026-08-14T08:27:55.148Z [33mWARN[39m [33m CheerioCrawler:[39m Reclaiming failed request back to the list or queue. Failed to send API request with exit code: CURLE_RECV_ERROR (56), retrying
[36m[apify.tiktok-profile-scraper runId:vFNFpjo6NVW1boEWt][0m -> 2026-08-14T08:27:55.150Z     at async sendCurlRequest (file:///home/myuser/dist/src/tools/api/curl-request.js:27:43)[90m {"id":"fyi24wwk2n5N4cl","url":"https://www.tiktok.com/@noonanduanglada","retryCount":3}[39m
[36m[apify.tiktok-profile-scraper runId:vFNFpjo6NVW1boEWt][0m -> 2026-08-14T08:27:55.151Z [33mWARN[39m [33m CheerioCrawler:[39m Reclaiming failed request back to the list or queue. Failed to send API request with exit code: CURLE_RECV_ERROR (56), retrying
[36m[apify.tiktok-profile-scraper runId:vFNFpjo6NVW1boEWt][0m -> 2026-08-14T08:27:55.153Z     at async sendCurlRequest (file:///home/myuser/dist/src/tools/api/curl-request.js:27:43)[90m {"id":"PsSFe8QjBPyipYY","url":"https://www.tiktok.com/@wannaphainta2542","retryCount":3}[39m
[36m[apify.tiktok-profile-scraper runId:vFNFpjo6NVW1boEWt][0m -> 2026-08-14T08:27:55.156Z [33mWARN[39m [33m CheerioCrawler:[39m Reclaiming failed request back to the list or queue. Failed to send API request with exit code: CURLE_RECV_ERROR (56), retrying
[36m[apify.tiktok-profile-scraper runId:vFNFpjo6NVW1boEWt][0m -> 2026-08-14T08:27:55.158Z     at async sendCurlRequest (file:///home/myuser/dist/src/tools/api/curl-request.js:27:43)[90m {"id":"CrgCJMIdrftG3wy","url":"https://www.tiktok.com/@n_kacha629","retryCount":2}[39m
[36m[apify.tiktok-profile-scraper runId:vFNFpjo6NVW1boEWt][0m -> 2026-08-14T08:27:55.159Z [33mWARN[39m [33m CheerioCrawler:[39m Reclaiming failed request back to the list or queue. Failed to send API request with exit code: CURLE_RECV_ERROR (56), retrying
[36m[apify.tiktok-profile-scraper runId:vFNFpjo6NVW1boEWt][0m -> 2026-08-14T08:27:55.161Z     at async sendCurlRequest (file:///home/myuser/dist/src/tools/api/curl-request.js:27:43)[90m {"id":"FLwEcz7FMbnvYuA","url":"https://www.tiktok.com/@pitch_087","retryCount":3}[39m
[36m[apify.tiktok-profile-scraper runId:vFNFpjo6NVW1boEWt][0m -> 2026-08-14T08:27:55.163Z [33mWARN[39m [33m CheerioCrawler:[39m Reclaiming failed request back to the list or queue. Failed to send API request with exit code: CURLE_RECV_ERROR (56), retrying
[36m[apify.tiktok-profile-scraper runId:vFNFpjo6NVW1boEWt][0m -> 2026-08-14T08:27:55.165Z     at async sendCurlRequest (file:///home/myuser/dist/src/tools/api/curl-request.js:27:43)[90m {"id":"Owmv1PoJcWfUjZu","url":"https://www.tiktok.com/@noonanduanglada","retryCount":3}[39m
[36m[apify.tiktok-profile-scraper runId:vFNFpjo6NVW1boEWt][0m -> 2026-08-14T08:27:55.166Z [33mWARN[39m [33m CheerioCrawler:[39m Reclaiming failed request back to the list or queue. Failed to send API request with exit code: CURLE_RECV_ERROR (56), retrying
[36m[apify.tiktok-profile-scraper runId:vFNFpjo6NVW1boEWt][0m -> 2026-08-14T08:27:55.168Z     at async sendCurlRequest (file:///home/myuser/dist/src/tools/api/curl-request.js:27:43)[90m {"id":"R1QJu9Id5jXOPSc","url":"https://www.tiktok.com/@n_kacha629","retryCount":3}[39m
[36m[apify.tiktok-profile-scraper runId:vFNFpjo6NVW1boEWt][0m -> 2026-08-14T08:27:55.750Z [33mWARN[39m [33m CheerioCrawler:[39m Reclaiming failed request back to the list or queue. Failed to send API request with exit code: CURLE_RECV_ERROR (56), retrying
[36m[apify.tiktok-profile-scraper runId:vFNFpjo6NVW1boEWt][0m -> 2026-08-14T08:27:55.751Z     at async sendCurlRequest (file:///home/myuser/dist/src/tools/api/curl-request.js:27:43)[90m {"id":"3r5Qt4ost9Ml6yu","url":"https://www.tiktok.com/@wannaphainta2542","retryCount":4}[39m
[36m[apify.tiktok-profile-scraper runId:vFNFpjo6NVW1boEWt][0m -> 2026-08-14T08:27:55.753Z [33mWARN[39m [33m CheerioCrawler:[39m Reclaiming failed request back to the list or queue. Failed to send API request with exit code: CURLE_RECV_ERROR (56), retrying
[36m[apify.tiktok-profile-scraper runId:vFNFpjo6NVW1boEWt][0m -> 2026-08-14T08:27:55.755Z     at async sendCurlRequest (file:///home/myuser/dist/src/tools/api/curl-request.js:27:43)[90m {"id":"IkWZjS3Sbqr98Xg","url":"https://www.tiktok.com/@pitch_087","retryCount":3}[39m
[36m[apify.tiktok-profile-scraper runId:vFNFpjo6NVW1boEWt][0m -> 2026-08-14T08:27:55.858Z [33mWARN[39m [33m CheerioCrawler:[39m Reclaiming failed request back to the list or queue. Failed to send API request with exit code: CURLE_RECV_ERROR (56), retrying
[36m[apify.tiktok-profile-scraper runId:vFNFpjo6NVW1boEWt][0m -> 2026-08-14T08:27:55.860Z     at async sendCurlRequest (file:///home/myuser/dist/src/tools/api/curl-request.js:27:43)[90m {"id":"zcLioExri2lTNhL","url":"https://www.tiktok.com/@noonanduanglada","retryCount":3}[39m
[36m[apify.tiktok-profile-scraper runId:vFNFpjo6NVW1boEWt][0m -> 2026-08-14T08:27:55.935Z [33mWARN[39m [33m CheerioCrawler:[39m Reclaiming failed request back to the list or queue. Failed to send API request with exit code: CURLE_RECV_ERROR (56), retrying
[36m[apify.tiktok-profile-scraper runId:vFNFpjo6NVW1boEWt][0m -> 2026-08-14T08:27:55.937Z     at async sendCurlRequest (file:///home/myuser/dist/src/tools/api/curl-request.js:27:43)[90m {"id":"DrX7PJcrX2E9CLp","url":"https://www.tiktok.com/@wannaphainta2542","retryCount":3}[39m
[36m[apify.tiktok-profile-scraper runId:vFNFpjo6NVW1boEWt][0m -> 2026-08-14T08:27:56.532Z [33mWARN[39m [33m CheerioCrawler:[39m Reclaiming failed request back to the list or queue. Failed to send API request with exit code: CURLE_RECV_ERROR (56), retrying
[36m[apify.tiktok-profile-scraper runId:vFNFpjo6NVW1boEWt][0m -> 2026-08-14T08:27:56.534Z     at async sendCurlRequest (file:///home/myuser/dist/src/tools/api/curl-request.js:27:43)[90m {"id":"ACf0T1QAYNSEGrf","url":"https://www.tiktok.com/@chalita_mungkhot","retryCount":4}[39m
[36m[apify.tiktok-profile-scraper runId:vFNFpjo6NVW1boEWt][0m -> 2026-08-14T08:27:57.347Z [33mWARN[39m [33m CheerioCrawler:[39m Reclaiming failed request back to the list or queue. Failed to send API request with exit code: CURLE_RECV_ERROR (56), retrying
[36m[apify.tiktok-profile-scraper runId:vFNFpjo6NVW1boEWt][0m -> 2026-08-14T08:27:57.348Z     at async sendCurlRequest (file:///home/myuser/dist/src/tools/api/curl-request.js:27:43)[90m {"id":"5clOpkLREKf8EH1","url":"https://www.tiktok.com/@chalita_mungkhot","retryCount":4}[39m
[36m[apify.tiktok-profile-scraper runId:vFNFpjo6NVW1boEWt][0m -> 2026-08-14T08:27:57.350Z [33mWARN[39m [33m CheerioCrawler:[39m Reclaiming failed request back to the list or queue. Failed to send API request with exit code: CURLE_RECV_ERROR (56), retrying
[36m[apify.tiktok-profile-scraper runId:vFNFpjo6NVW1boEWt][0m -> 2026-08-14T08:27:57.352Z     at async sendCurlRequest (file:///home/myuser/dist/src/tools/api/curl-request.js:27:43)[90m {"id":"Dgkt46rfEYUcOSI","url":"https://www.tiktok.com/@wannaphainta2542","retryCount":4}[39m
[36m[apify.tiktok-profile-scraper runId:vFNFpjo6NVW1boEWt][0m -> 2026-08-14T08:27:57.534Z [33mWARN[39m [33m CheerioCrawler:[39m Reclaiming failed request back to the list or queue. Failed to send API request with exit code: CURLE_RECV_ERROR (56), retrying
[36m[apify.tiktok-profile-scraper runId:vFNFpjo6NVW1boEWt][0m -> 2026-08-14T08:27:57.536Z     at async sendCurlRequest (file:///home/myuser/dist/src/tools/api/curl-request.js:27:43)[90m {"id":"YoUBrJLs1YBjNON","url":"https://www.tiktok.com/@chalita_mungkhot","retryCount":4}[39m
[36m[apify.tiktok-profile-scraper runId:vFNFpjo6NVW1boEWt][0m -> 2026-08-14T08:27:57.537Z [33mWARN[39m [33m CheerioCrawler:[39m Reclaiming failed request back to the list or queue. Failed to send API request with exit code: CURLE_RECV_ERROR (56), retrying
[36m[apify.tiktok-profile-scraper runId:vFNFpjo6NVW1boEWt][0m -> 2026-08-14T08:27:57.539Z     at async sendCurlRequest (file:///home/myuser/dist/src/tools/api/curl-request.js:27:43)[90m {"id":"7zbGL8qM5FZDzhs","url":"https://www.tiktok.com/@pitch_087","retryCount":4}[39m
[36m[apify.tiktok-profile-scraper runId:vFNFpjo6NVW1boEWt][0m -> 2026-08-14T08:27:57.544Z [33mWARN[39m [33m CheerioCrawler:[39m Reclaiming failed request back to the list or queue. Failed to send API request with exit code: CURLE_RECV_ERROR (56), retrying
[36m[apify.tiktok-profile-scraper runId:vFNFpjo6NVW1boEWt][0m -> 2026-08-14T08:27:57.546Z     at async sendCurlRequest (file:///home/myuser/dist/src/tools/api/curl-request.js:27:43)[90m {"id":"nFJ8MIRdCgCZHo6","url":"https://www.tiktok.com/@chalita_mungkhot","retryCount":2}[39m
[36m[apify.tiktok-profile-scraper runId:vFNFpjo6NVW1boEWt][0m -> 2026-08-14T08:27:57.746Z [33mWARN[39m [33m CheerioCrawler:[39m Reclaiming failed request back to the list or queue. Failed to send API request with exit code: CURLE_RECV_ERROR (56), retrying
[36m[apify.tiktok-profile-scraper runId:vFNFpjo6NVW1boEWt][0m -> 2026-08-14T08:27:57.749Z     at async sendCurlRequest (file:///home/myuser/dist/src/tools/api/curl-request.js:27:43)[90m {"id":"WpJ6qIGEMOc1jPO","url":"https://www.tiktok.com/@noonanduanglada","retryCount":4}[39m
[36m[apify.tiktok-profile-scraper runId:vFNFpjo6NVW1boEWt][0m -> 2026-08-14T08:27:57.843Z [33mWARN[39m [33m CheerioCrawler:[39m Reclaiming failed request back to the list or queue. Failed to send API request with exit code: CURLE_RECV_ERROR (56), retrying
[36m[apify.tiktok-profile-scraper runId:vFNFpjo6NVW1boEWt][0m -> 2026-08-14T08:27:57.844Z     at async sendCurlRequest (file:///home/myuser/dist/src/tools/api/curl-request.js:27:43)[90m {"id":"f7O9HO4qXIEc8Sc","url":"https://www.tiktok.com/@pitch_087","retryCount":4}[39m
[36m[apify.tiktok-profile-scraper runId:vFNFpjo6NVW1boEWt][0m -> 2026-08-14T08:27:57.846Z [33mWARN[39m [33m CheerioCrawler:[39m Reclaiming failed request back to the list or queue. Failed to send API request with exit code: CURLE_RECV_ERROR (56), retrying
[36m[apify.tiktok-profile-scraper runId:vFNFpjo6NVW1boEWt][0m -> 2026-08-14T08:27:57.849Z     at async sendCurlRequest (file:///home/myuser/dist/src/tools/api/curl-request.js:27:43)[90m {"id":"gW1rR1p3i9Qk4mn","url":"https://www.tiktok.com/@chalita_mungkhot","retryCount":4}[39m
[36m[apify.tiktok-profile-scraper runId:vFNFpjo6NVW1boEWt][0m -> 2026-08-14T08:27:57.850Z [33mWARN[39m [33m CheerioCrawler:[39m Reclaiming failed request back to the list or queue. Failed to send API request with exit code: CURLE_RECV_ERROR (56), retrying
[36m[apify.tiktok-profile-scraper runId:vFNFpjo6NVW1boEWt][0m -> 2026-08-14T08:27:57.852Z     at async sendCurlRequest (file:///home/myuser/dist/src/tools/api/curl-request.js:27:43)[90m {"id":"hyxJveyRxoclL1o","url":"https://www.tiktok.com/@noonanduanglada","retryCount":4}[39m
[36m[apify.tiktok-profile-scraper runId:vFNFpjo6NVW1boEWt][0m -> 2026-08-14T08:27:57.854Z [33mWARN[39m [33m CheerioCrawler:[39m Reclaiming failed request back to the list or queue. Failed to send API request with exit code: CURLE_RECV_ERROR (56), retrying
[36m[apify.tiktok-profile-scraper runId:vFNFpjo6NVW1boEWt][0m -> 2026-08-14T08:27:57.855Z     at async sendCurlRequest (file:///home/myuser/dist/src/tools/api/curl-request.js:27:43)[90m {"id":"sKJUGHboW3bPwEw","url":"https://www.tiktok.com/@wannaphainta2542","retryCount":4}[39m
[36m[apify.tiktok-profile-scraper runId:vFNFpjo6NVW1boEWt][0m -> 2026-08-14T08:27:57.857Z [33mWARN[39m [33m CheerioCrawler:[39m Reclaiming failed request back to the list or queue. Failed to send API request with exit code: CURLE_RECV_ERROR (56), retrying
[36m[apify.tiktok-profile-scraper runId:vFNFpjo6NVW1boEWt][0m -> 2026-08-14T08:27:57.859Z     at async sendCurlRequest (file:///home/myuser/dist/src/tools/api/curl-request.js:27:43)[90m {"id":"rRZQ8kywLGQaOnb","url":"https://www.tiktok.com/@pitch_087","retryCount":4}[39m
[36m[apify.tiktok-profile-scraper runId:vFNFpjo6NVW1boEWt][0m -> 2026-08-14T08:27:58.082Z [33mWARN[39m [33m CheerioCrawler:[39m Reclaiming failed request back to the list or queue. Failed to send API request with exit code: CURLE_RECV_ERROR (56), retrying
[36m[apify.tiktok-profile-scraper runId:vFNFpjo6NVW1boEWt][0m -> 2026-08-14T08:27:58.084Z     at async sendCurlRequest (file:///home/myuser/dist/src/tools/api/curl-request.js:27:43)[90m {"id":"HXELivGGetdb3Pr","url":"https://www.tiktok.com/@n_kacha629","retryCount":3}[39m
[36m[apify.tiktok-profile-scraper runId:vFNFpjo6NVW1boEWt][0m -> 2026-08-14T08:27:58.086Z [33mWARN[39m [33m CheerioCrawler:[39m Reclaiming failed request back to the list or queue. Failed to send API request with exit code: CURLE_RECV_ERROR (56), retrying
[36m[apify.tiktok-profile-scraper runId:vFNFpjo6NVW1boEWt][0m -> 2026-08-14T08:27:58.088Z     at async sendCurlRequest (file:///home/myuser/dist/src/tools/api/curl-request.js:27:43)[90m {"id":"3FEazC61h0Tcej7","url":"https://www.tiktok.com/@n_kacha629","retryCount":4}[39m
[36m[apify.tiktok-profile-scraper runId:vFNFpjo6NVW1boEWt][0m -> 2026-08-14T08:27:58.994Z [32mINFO[39m  [Status message]: Scraped 0/5 profiles
[36m[apify.tiktok-profile-scraper runId:vFNFpjo6NVW1boEWt][0m -> 2026-08-14T08:27:59.002Z [33mWARN[39m [33m CheerioCrawler:[39m Reclaiming failed request back to the list or queue. Failed to send API request with exit code: CURLE_RECV_ERROR (56), retrying
[36m[apify.tiktok-profile-scraper runId:vFNFpjo6NVW1boEWt][0m -> 2026-08-14T08:27:59.005Z     at async sendCurlRequest (file:///home/myuser/dist/src/tools/api/curl-request.js:27:43)[90m {"id":"FLwEcz7FMbnvYuA","url":"https://www.tiktok.com/@pitch_087","retryCount":4}[39m
[36m[apify.tiktok-profile-scraper runId:vFNFpjo6NVW1boEWt][0m -> 2026-08-14T08:27:59.034Z [33mWARN[39m [33m CheerioCrawler:[39m Reclaiming failed request back to the list or queue. Failed to send API request with exit code: CURLE_RECV_ERROR (56), retrying
[36m[apify.tiktok-profile-scraper runId:vFNFpjo6NVW1boEWt][0m -> 2026-08-14T08:27:59.037Z     at async sendCurlRequest (file:///home/myuser/dist/src/tools/api/curl-request.js:27:43)[90m {"id":"PsSFe8QjBPyipYY","url":"https://www.tiktok.com/@wannaphainta2542","retryCount":4}[39m
[36m[apify.tiktok-profile-scraper runId:vFNFpjo6NVW1boEWt][0m -> 2026-08-14T08:27:59.038Z [33mWARN[39m [33m CheerioCrawler:[39m Reclaiming failed request back to the list or queue. Failed to send API request with exit code: CURLE_RECV_ERROR (56), retrying
[36m[apify.tiktok-profile-scraper runId:vFNFpjo6NVW1boEWt][0m -> 2026-08-14T08:27:59.040Z     at async sendCurlRequest (file:///home/myuser/dist/src/tools/api/curl-request.js:27:43)[90m {"id":"ZBEWRiNN8xmOXrb","url":"https://www.tiktok.com/@n_kacha629","retryCount":4}[39m
[36m[apify.tiktok-profile-scraper runId:vFNFpjo6NVW1boEWt][0m -> 2026-08-14T08:27:59.042Z [33mWARN[39m [33m CheerioCrawler:[39m Reclaiming failed request back to the list or queue. Failed to send API request with exit code: CURLE_RECV_ERROR (56), retrying
[36m[apify.tiktok-profile-scraper runId:vFNFpjo6NVW1boEWt][0m -> 2026-08-14T08:27:59.044Z     at async sendCurlRequest (file:///home/myuser/dist/src/tools/api/curl-request.js:27:43)[90m {"id":"Owmv1PoJcWfUjZu","url":"https://www.tiktok.com/@noonanduanglada","retryCount":4}[39m
[36m[apify.tiktok-profile-scraper runId:vFNFpjo6NVW1boEWt][0m -> 2026-08-14T08:27:59.045Z [33mWARN[39m [33m CheerioCrawler:[39m Reclaiming failed request back to the list or queue. Failed to send API request with exit code: CURLE_RECV_ERROR (56), retrying
[36m[apify.tiktok-profile-scraper runId:vFNFpjo6NVW1boEWt][0m -> 2026-08-14T08:27:59.047Z     at async sendCurlRequest (file:///home/myuser/dist/src/tools/api/curl-request.js:27:43)[90m {"id":"R1QJu9Id5jXOPSc","url":"https://www.tiktok.com/@n_kacha629","retryCount":4}[39m
[36m[apify.tiktok-profile-scraper runId:vFNFpjo6NVW1boEWt][0m -> 2026-08-14T08:27:59.049Z [33mWARN[39m [33m CheerioCrawler:[39m Reclaiming failed request back to the list or queue. Failed to send API request with exit code: CURLE_RECV_ERROR (56), retrying
[36m[apify.tiktok-profile-scraper runId:vFNFpjo6NVW1boEWt][0m -> 2026-08-14T08:27:59.050Z     at async sendCurlRequest (file:///home/myuser/dist/src/tools/api/curl-request.js:27:43)[90m {"id":"fyi24wwk2n5N4cl","url":"https://www.tiktok.com/@noonanduanglada","retryCount":4}[39m
[36m[apify.tiktok-profile-scraper runId:vFNFpjo6NVW1boEWt][0m -> 2026-08-14T08:27:59.052Z [33mWARN[39m [33m CheerioCrawler:[39m Reclaiming failed request back to the list or queue. Failed to send API request with exit code: CURLE_RECV_ERROR (56), retrying
[36m[apify.tiktok-profile-scraper runId:vFNFpjo6NVW1boEWt][0m -> 2026-08-14T08:27:59.054Z     at async sendCurlRequest (file:///home/myuser/dist/src/tools/api/curl-request.js:27:43)[90m {"id":"CrgCJMIdrftG3wy","url":"https://www.tiktok.com/@n_kacha629","retryCount":3}[39m
[36m[apify.tiktok-profile-scraper runId:vFNFpjo6NVW1boEWt][0m -> 2026-08-14T08:27:59.368Z [33mWARN[39m [33m CheerioCrawler:[39m Reclaiming failed request back to the list or queue. Failed to send API request with exit code: CURLE_RECV_ERROR (56), retrying
[36m[apify.tiktok-profile-scraper runId:vFNFpjo6NVW1boEWt][0m -> 2026-08-14T08:27:59.370Z     at async sendCurlRequest (file:///home/myuser/dist/src/tools/api/curl-request.js:27:43)[90m {"id":"3r5Qt4ost9Ml6yu","url":"https://www.tiktok.com/@wannaphainta2542","retryCount":5}[39m
[36m[apify.tiktok-profile-scraper runId:vFNFpjo6NVW1boEWt][0m -> 2026-08-14T08:27:59.372Z [33mWARN[39m [33m CheerioCrawler:[39m Reclaiming failed request back to the list or queue. Failed to send API request with exit code: CURLE_RECV_ERROR (56), retrying
[36m[apify.tiktok-profile-scraper runId:vFNFpjo6NVW1boEWt][0m -> 2026-08-14T08:27:59.373Z     at async sendCurlRequest (file:///home/myuser/dist/src/tools/api/curl-request.js:27:43)[90m {"id":"zcLioExri2lTNhL","url":"https://www.tiktok.com/@noonanduanglada","retryCount":4}[39m
[36m[apify.tiktok-profile-scraper runId:vFNFpjo6NVW1boEWt][0m -> 2026-08-14T08:27:59.375Z [33mWARN[39m [33m CheerioCrawler:[39m Reclaiming failed request back to the list or queue. Failed to send API request with exit code: CURLE_RECV_ERROR (56), retrying
[36m[apify.tiktok-profile-scraper runId:vFNFpjo6NVW1boEWt][0m -> 2026-08-14T08:27:59.376Z     at async sendCurlRequest (file:///home/myuser/dist/src/tools/api/curl-request.js:27:43)[90m {"id":"DrX7PJcrX2E9CLp","url":"https://www.tiktok.com/@wannaphainta2542","retryCount":4}[39m
[36m[apify.tiktok-profile-scraper runId:vFNFpjo6NVW1boEWt][0m -> 2026-08-14T08:27:59.378Z [33mWARN[39m [33m CheerioCrawler:[39m Reclaiming failed request back to the list or queue. Failed to send API request with exit code: CURLE_RECV_ERROR (56), retrying
[36m[apify.tiktok-profile-scraper runId:vFNFpjo6NVW1boEWt][0m -> 2026-08-14T08:27:59.380Z     at async sendCurlRequest (file:///home/myuser/dist/src/tools/api/curl-request.js:27:43)[90m {"id":"IkWZjS3Sbqr98Xg","url":"https://www.tiktok.com/@pitch_087","retryCount":4}[39m
[36m[apify.tiktok-profile-scraper runId:vFNFpjo6NVW1boEWt][0m -> 2026-08-14T08:27:59.734Z [33mWARN[39m [33m CheerioCrawler:[39m Reclaiming failed request back to the list or queue. Failed to send API request with exit code: CURLE_RECV_ERROR (56), retrying
[36m[apify.tiktok-profile-scraper runId:vFNFpjo6NVW1boEWt][0m -> Status: RUNNING, Message: Crawled 5/30 pages, 0 failed requests, desired concurrency 11.
[36m[apify.tiktok-profile-scraper runId:vFNFpjo6NVW1boEWt][0m -> 2026-08-14T08:27:59.736Z     at async sendCurlRequest (file:///home/myuser/dist/src/tools/api/curl-request.js:27:43)[90m {"id":"ACf0T1QAYNSEGrf","url":"https://www.tiktok.com/@chalita_mungkhot","retryCount":5}[39m
[36m[apify.tiktok-profile-scraper runId:vFNFpjo6NVW1boEWt][0m -> 2026-08-14T08:28:01.709Z [33mWARN[39m [33m CheerioCrawler:[39m Reclaiming failed request back to the list or queue. Failed to parse TikTok response: Unexpected end of JSON input --- https://www.tiktok.com/@chalita_mungkhot
[36m[apify.tiktok-profile-scraper runId:vFNFpjo6NVW1boEWt][0m -> 2026-08-14T08:28:01.711Z     at makeWebApiCall (file:///home/myuser/dist/src/tools/api/web/make-web-api-call.js:114:23)[90m {"id":"nFJ8MIRdCgCZHo6","url":"https://www.tiktok.com/@chalita_mungkhot","retryCount":3}[39m
[36m[apify.tiktok-profile-scraper runId:vFNFpjo6NVW1boEWt][0m -> 2026-08-14T08:28:02.441Z [33mWARN[39m [33m CheerioCrawler:[39m Reclaiming failed request back to the list or queue. Failed to send API request with exit code: CURLE_RECV_ERROR (56), retrying
[36m[apify.tiktok-profile-scraper runId:vFNFpjo6NVW1boEWt][0m -> 2026-08-14T08:28:02.443Z     at async sendCurlRequest (file:///home/myuser/dist/src/tools/api/curl-request.js:27:43)[90m {"id":"YoUBrJLs1YBjNON","url":"https://www.tiktok.com/@chalita_mungkhot","retryCount":5}[39m
[36m[apify.tiktok-profile-scraper runId:vFNFpjo6NVW1boEWt][0m -> 2026-08-14T08:28:02.672Z [33mWARN[39m [33m CheerioCrawler:[39m Reclaiming failed request back to the list or queue. Failed to parse TikTok response: Unexpected end of JSON input --- https://www.tiktok.com/@wannaphainta2542
[36m[apify.tiktok-profile-scraper runId:vFNFpjo6NVW1boEWt][0m -> 2026-08-14T08:28:02.674Z     at makeWebApiCall (file:///home/myuser/dist/src/tools/api/web/make-web-api-call.js:114:23)[90m {"id":"Dgkt46rfEYUcOSI","url":"https://www.tiktok.com/@wannaphainta2542","retryCount":5}[39m
[36m[apify.tiktok-profile-scraper runId:vFNFpjo6NVW1boEWt][0m -> 2026-08-14T08:28:03.057Z [33mWARN[39m [33m CheerioCrawler:[39m Reclaiming failed request back to the list or queue. Failed to parse TikTok response: Unexpected end of JSON input --- https://www.tiktok.com/@chalita_mungkhot
[36m[apify.tiktok-profile-scraper runId:vFNFpjo6NVW1boEWt][0m -> 2026-08-14T08:28:03.059Z     at makeWebApiCall (file:///home/myuser/dist/src/tools/api/web/make-web-api-call.js:114:23)[90m {"id":"5clOpkLREKf8EH1","url":"https://www.tiktok.com/@chalita_mungkhot","retryCount":5}[39m
[36m[apify.tiktok-profile-scraper runId:vFNFpjo6NVW1boEWt][0m -> 2026-08-14T08:28:03.317Z [33mWARN[39m [33m CheerioCrawler:[39m Reclaiming failed request back to the list or queue. Failed to parse TikTok response: Unexpected end of JSON input --- https://www.tiktok.com/@noonanduanglada
[36m[apify.tiktok-profile-scraper runId:vFNFpjo6NVW1boEWt][0m -> 2026-08-14T08:28:03.320Z     at makeWebApiCall (file:///home/myuser/dist/src/tools/api/web/make-web-api-call.js:114:23)[90m {"id":"hyxJveyRxoclL1o","url":"https://www.tiktok.com/@noonanduanglada","retryCount":5}[39m
[36m[apify.tiktok-profile-scraper runId:vFNFpjo6NVW1boEWt][0m -> 2026-08-14T08:28:03.430Z [33mWARN[39m [33m CheerioCrawler:[39m Reclaiming failed request back to the list or queue. Failed to parse TikTok response: Unexpected end of JSON input --- https://www.tiktok.com/@chalita_mungkhot
[36m[apify.tiktok-profile-scraper runId:vFNFpjo6NVW1boEWt][0m -> 2026-08-14T08:28:03.432Z     at makeWebApiCall (file:///home/myuser/dist/src/tools/api/web/make-web-api-call.js:114:23)[90m {"id":"gW1rR1p3i9Qk4mn","url":"https://www.tiktok.com/@chalita_mungkhot","retryCount":5}[39m
[36m[apify.tiktok-profile-scraper runId:vFNFpjo6NVW1boEWt][0m -> 2026-08-14T08:28:03.698Z [33mWARN[39m [33m CheerioCrawler:[39m Reclaiming failed request back to the list or queue. Failed to parse TikTok response: Unexpected end of JSON input --- https://www.tiktok.com/@noonanduanglada
[36m[apify.tiktok-profile-scraper runId:vFNFpjo6NVW1boEWt][0m -> 2026-08-14T08:28:03.700Z     at makeWebApiCall (file:///home/myuser/dist/src/tools/api/web/make-web-api-call.js:114:23)[90m {"id":"WpJ6qIGEMOc1jPO","url":"https://www.tiktok.com/@noonanduanglada","retryCount":5}[39m
[36m[apify.tiktok-profile-scraper runId:vFNFpjo6NVW1boEWt][0m -> 2026-08-14T08:28:04.035Z [33mWARN[39m [33m CheerioCrawler:[39m Reclaiming failed request back to the list or queue. Failed to parse TikTok response: Unexpected end of JSON input --- https://www.tiktok.com/@pitch_087
[36m[apify.tiktok-profile-scraper runId:vFNFpjo6NVW1boEWt][0m -> 2026-08-14T08:28:04.038Z     at makeWebApiCall (file:///home/myuser/dist/src/tools/api/web/make-web-api-call.js:114:23)[90m {"id":"FLwEcz7FMbnvYuA","url":"https://www.tiktok.com/@pitch_087","retryCount":5}[39m
[36m[apify.tiktok-profile-scraper runId:vFNFpjo6NVW1boEWt][0m -> 2026-08-14T08:28:04.241Z [33mWARN[39m [33m CheerioCrawler:[39m Reclaiming failed request back to the list or queue. Failed to parse TikTok response: Unexpected end of JSON input --- https://www.tiktok.com/@n_kacha629
[36m[apify.tiktok-profile-scraper runId:vFNFpjo6NVW1boEWt][0m -> 2026-08-14T08:28:04.243Z     at makeWebApiCall (file:///home/myuser/dist/src/tools/api/web/make-web-api-call.js:114:23)[90m {"id":"3FEazC61h0Tcej7","url":"https://www.tiktok.com/@n_kacha629","retryCount":5}[39m
[36m[apify.tiktok-profile-scraper runId:vFNFpjo6NVW1boEWt][0m -> 2026-08-14T08:28:04.476Z [33mWARN[39m [33m CheerioCrawler:[39m Reclaiming failed request back to the list or queue. Failed to parse TikTok response: Unexpected end of JSON input --- https://www.tiktok.com/@wannaphainta2542
[36m[apify.tiktok-profile-scraper runId:vFNFpjo6NVW1boEWt][0m -> 2026-08-14T08:28:04.478Z     at makeWebApiCall (file:///home/myuser/dist/src/tools/api/web/make-web-api-call.js:114:23)[90m {"id":"sKJUGHboW3bPwEw","url":"https://www.tiktok.com/@wannaphainta2542","retryCount":5}[39m
[36m[apify.tiktok-profile-scraper runId:vFNFpjo6NVW1boEWt][0m -> 2026-08-14T08:28:04.548Z [33mWARN[39m [33m CheerioCrawler:[39m Reclaiming failed request back to the list or queue. Failed to parse TikTok response: Unexpected end of JSON input --- https://www.tiktok.com/@pitch_087
[36m[apify.tiktok-profile-scraper runId:vFNFpjo6NVW1boEWt][0m -> 2026-08-14T08:28:04.550Z     at makeWebApiCall (file:///home/myuser/dist/src/tools/api/web/make-web-api-call.js:114:23)[90m {"id":"rRZQ8kywLGQaOnb","url":"https://www.tiktok.com/@pitch_087","retryCount":5}[39m
[36m[apify.tiktok-profile-scraper runId:vFNFpjo6NVW1boEWt][0m -> 2026-08-14T08:28:04.586Z [33mWARN[39m [33m CheerioCrawler:[39m Reclaiming failed request back to the list or queue. Failed to parse TikTok response: Unexpected end of JSON input --- https://www.tiktok.com/@n_kacha629
[36m[apify.tiktok-profile-scraper runId:vFNFpjo6NVW1boEWt][0m -> 2026-08-14T08:28:04.589Z     at makeWebApiCall (file:///home/myuser/dist/src/tools/api/web/make-web-api-call.js:114:23)[90m {"id":"CrgCJMIdrftG3wy","url":"https://www.tiktok.com/@n_kacha629","retryCount":4}[39m
[36m[apify.tiktok-profile-scraper runId:vFNFpjo6NVW1boEWt][0m -> 2026-08-14T08:28:05.015Z [33mWARN[39m [33m CheerioCrawler:[39m Reclaiming failed request back to the list or queue. Failed to parse TikTok response: Unexpected end of JSON input --- https://www.tiktok.com/@n_kacha629
[36m[apify.tiktok-profile-scraper runId:vFNFpjo6NVW1boEWt][0m -> 2026-08-14T08:28:05.017Z     at makeWebApiCall (file:///home/myuser/dist/src/tools/api/web/make-web-api-call.js:114:23)[90m {"id":"ZBEWRiNN8xmOXrb","url":"https://www.tiktok.com/@n_kacha629","retryCount":5}[39m
[36m[apify.tiktok-profile-scraper runId:vFNFpjo6NVW1boEWt][0m -> 2026-08-14T08:28:05.019Z [33mWARN[39m [33m CheerioCrawler:[39m Reclaiming failed request back to the list or queue. Failed to parse TikTok response: Unexpected end of JSON input --- https://www.tiktok.com/@n_kacha629
[36m[apify.tiktok-profile-scraper runId:vFNFpjo6NVW1boEWt][0m -> 2026-08-14T08:28:05.022Z     at makeWebApiCall (file:///home/myuser/dist/src/tools/api/web/make-web-api-call.js:114:23)[90m {"id":"R1QJu9Id5jXOPSc","url":"https://www.tiktok.com/@n_kacha629","retryCount":5}[39m
[36m[apify.tiktok-profile-scraper runId:vFNFpjo6NVW1boEWt][0m -> 2026-08-14T08:28:05.116Z [33mWARN[39m [33m CheerioCrawler:[39m Reclaiming failed request back to the list or queue. Failed to parse TikTok response: Unexpected end of JSON input --- https://www.tiktok.com/@pitch_087
[36m[apify.tiktok-profile-scraper runId:vFNFpjo6NVW1boEWt][0m -> 2026-08-14T08:28:05.118Z     at makeWebApiCall (file:///home/myuser/dist/src/tools/api/web/make-web-api-call.js:114:23)[90m {"id":"f7O9HO4qXIEc8Sc","url":"https://www.tiktok.com/@pitch_087","retryCount":5}[39m
[36m[apify.tiktok-profile-scraper runId:vFNFpjo6NVW1boEWt][0m -> 2026-08-14T08:28:05.458Z [33mWARN[39m [33m CheerioCrawler:[39m Reclaiming failed request back to the list or queue. Failed to parse TikTok response: Unexpected end of JSON input --- https://www.tiktok.com/@pitch_087
[36m[apify.tiktok-profile-scraper runId:vFNFpjo6NVW1boEWt][0m -> 2026-08-14T08:28:05.460Z     at makeWebApiCall (file:///home/myuser/dist/src/tools/api/web/make-web-api-call.js:114:23)[90m {"id":"7zbGL8qM5FZDzhs","url":"https://www.tiktok.com/@pitch_087","retryCount":5}[39m
[36m[apify.tiktok-profile-scraper runId:vFNFpjo6NVW1boEWt][0m -> 2026-08-14T08:28:05.924Z [32mINFO[39m  [PROFILE_VIDEO_CONTINUATION] Scraped 30 videos --- https://www.tiktok.com/@n_kacha629 (videos tab)
[36m[apify.tiktok-profile-scraper runId:vFNFpjo6NVW1boEWt][0m -> 2026-08-14T08:28:06.042Z [33mWARN[39m [33m CheerioCrawler:[39m Reclaiming failed request back to the list or queue. Failed to parse TikTok response: Unexpected end of JSON input --- https://www.tiktok.com/@noonanduanglada
[36m[apify.tiktok-profile-scraper runId:vFNFpjo6NVW1boEWt][0m -> 2026-08-14T08:28:06.044Z     at makeWebApiCall (file:///home/myuser/dist/src/tools/api/web/make-web-api-call.js:114:23)[90m {"id":"fyi24wwk2n5N4cl","url":"https://www.tiktok.com/@noonanduanglada","retryCount":5}[39m
[36m[apify.tiktok-profile-scraper runId:vFNFpjo6NVW1boEWt][0m -> 2026-08-14T08:28:06.109Z [33mWARN[39m [33m CheerioCrawler:[39m Reclaiming failed request back to the list or queue. Failed to parse TikTok response: Unexpected end of JSON input --- https://www.tiktok.com/@wannaphainta2542
[36m[apify.tiktok-profile-scraper runId:vFNFpjo6NVW1boEWt][0m -> 2026-08-14T08:28:06.111Z     at makeWebApiCall (file:///home/myuser/dist/src/tools/api/web/make-web-api-call.js:114:23)[90m {"id":"DrX7PJcrX2E9CLp","url":"https://www.tiktok.com/@wannaphainta2542","retryCount":5}[39m
[36m[apify.tiktok-profile-scraper runId:vFNFpjo6NVW1boEWt][0m -> 2026-08-14T08:28:06.186Z [33mWARN[39m [33m CheerioCrawler:[39m Reclaiming failed request back to the list or queue. Failed to send API request with exit code: CURLE_RECV_ERROR (56), retrying
[36m[apify.tiktok-profile-scraper runId:vFNFpjo6NVW1boEWt][0m -> 2026-08-14T08:28:06.188Z     at async sendCurlRequest (file:///home/myuser/dist/src/tools/api/curl-request.js:27:43)[90m {"id":"nFJ8MIRdCgCZHo6","url":"https://www.tiktok.com/@chalita_mungkhot","retryCount":4}[39m
[36m[apify.tiktok-profile-scraper runId:vFNFpjo6NVW1boEWt][0m -> 2026-08-14T08:28:06.323Z [33mWARN[39m [33m CheerioCrawler:[39m Reclaiming failed request back to the list or queue. Failed to parse TikTok response: Unexpected end of JSON input --- https://www.tiktok.com/@pitch_087
[36m[apify.tiktok-profile-scraper runId:vFNFpjo6NVW1boEWt][0m -> 2026-08-14T08:28:06.326Z     at makeWebApiCall (file:///home/myuser/dist/src/tools/api/web/make-web-api-call.js:114:23)[90m {"id":"IkWZjS3Sbqr98Xg","url":"https://www.tiktok.com/@pitch_087","retryCount":5}[39m
[36m[apify.tiktok-profile-scraper runId:vFNFpjo6NVW1boEWt][0m -> 2026-08-14T08:28:06.573Z [33mWARN[39m [33m CheerioCrawler:[39m Reclaiming failed request back to the list or queue. Failed to parse TikTok response: Unexpected end of JSON input --- https://www.tiktok.com/@wannaphainta2542
[36m[apify.tiktok-profile-scraper runId:vFNFpjo6NVW1boEWt][0m -> 2026-08-14T08:28:06.575Z     at makeWebApiCall (file:///home/myuser/dist/src/tools/api/web/make-web-api-call.js:114:23)[90m {"id":"PsSFe8QjBPyipYY","url":"https://www.tiktok.com/@wannaphainta2542","retryCount":5}[39m
[36m[apify.tiktok-profile-scraper runId:vFNFpjo6NVW1boEWt][0m -> 2026-08-14T08:28:06.825Z [33mWARN[39m [33m CheerioCrawler:[39m Reclaiming failed request back to the list or queue. Failed to parse TikTok response: Unexpected end of JSON input --- https://www.tiktok.com/@chalita_mungkhot
[36m[apify.tiktok-profile-scraper runId:vFNFpjo6NVW1boEWt][0m -> 2026-08-14T08:28:06.826Z     at makeWebApiCall (file:///home/myuser/dist/src/tools/api/web/make-web-api-call.js:114:23)[90m {"id":"YoUBrJLs1YBjNON","url":"https://www.tiktok.com/@chalita_mungkhot","retryCount":6}[39m
[36m[apify.tiktok-profile-scraper runId:vFNFpjo6NVW1boEWt][0m -> 2026-08-14T08:28:07.178Z [33mWARN[39m [33m CheerioCrawler:[39m Reclaiming failed request back to the list or queue. Failed to parse TikTok response: Unexpected end of JSON input --- https://www.tiktok.com/@noonanduanglada
[36m[apify.tiktok-profile-scraper runId:vFNFpjo6NVW1boEWt][0m -> 2026-08-14T08:28:07.180Z     at makeWebApiCall (file:///home/myuser/dist/src/tools/api/web/make-web-api-call.js:114:23)[90m {"id":"zcLioExri2lTNhL","url":"https://www.tiktok.com/@noonanduanglada","retryCount":5}[39m
[36m[apify.tiktok-profile-scraper runId:vFNFpjo6NVW1boEWt][0m -> 2026-08-14T08:28:07.319Z [33mWARN[39m [33m CheerioCrawler:[39m Reclaiming failed request back to the list or queue. Failed to parse TikTok response: Unexpected end of JSON input --- https://www.tiktok.com/@noonanduanglada
[36m[apify.tiktok-profile-scraper runId:vFNFpjo6NVW1boEWt][0m -> 2026-08-14T08:28:07.322Z     at makeWebApiCall (file:///home/myuser/dist/src/tools/api/web/make-web-api-call.js:114:23)[90m {"id":"hyxJveyRxoclL1o","url":"https://www.tiktok.com/@noonanduanglada","retryCount":6}[39m
[36m[apify.tiktok-profile-scraper runId:vFNFpjo6NVW1boEWt][0m -> 2026-08-14T08:28:08.065Z [33mWARN[39m [33m CheerioCrawler:[39m Reclaiming failed request back to the list or queue. Failed to parse TikTok response: Unexpected end of JSON input --- https://www.tiktok.com/@noonanduanglada
[36m[apify.tiktok-profile-scraper runId:vFNFpjo6NVW1boEWt][0m -> 2026-08-14T08:28:08.067Z     at makeWebApiCall (file:///home/myuser/dist/src/tools/api/web/make-web-api-call.js:114:23)[90m {"id":"Owmv1PoJcWfUjZu","url":"https://www.tiktok.com/@noonanduanglada","retryCount":5}[39m
[36m[apify.tiktok-profile-scraper runId:vFNFpjo6NVW1boEWt][0m -> 2026-08-14T08:28:08.068Z [33mWARN[39m [33m CheerioCrawler:[39m Reclaiming failed request back to the list or queue. Failed to parse TikTok response: Unexpected end of JSON input --- https://www.tiktok.com/@wannaphainta2542
[36m[apify.tiktok-profile-scraper runId:vFNFpjo6NVW1boEWt][0m -> 2026-08-14T08:28:08.070Z     at makeWebApiCall (file:///home/myuser/dist/src/tools/api/web/make-web-api-call.js:114:23)[90m {"id":"3r5Qt4ost9Ml6yu","url":"https://www.tiktok.com/@wannaphainta2542","retryCount":6}[39m
[36m[apify.tiktok-profile-scraper runId:vFNFpjo6NVW1boEWt][0m -> 2026-08-14T08:28:08.640Z [33mWARN[39m [33m CheerioCrawler:[39m Reclaiming failed request back to the list or queue. Failed to parse TikTok response: Unexpected end of JSON input --- https://www.tiktok.com/@chalita_mungkhot
[36m[apify.tiktok-profile-scraper runId:vFNFpjo6NVW1boEWt][0m -> 2026-08-14T08:28:08.642Z     at makeWebApiCall (file:///home/myuser/dist/src/tools/api/web/make-web-api-call.js:114:23)[90m {"id":"gW1rR1p3i9Qk4mn","url":"https://www.tiktok.com/@chalita_mungkhot","retryCount":6}[39m
[36m[apify.tiktok-profile-scraper runId:vFNFpjo6NVW1boEWt][0m -> 2026-08-14T08:28:08.753Z [33mWARN[39m [33m CheerioCrawler:[39m Reclaiming failed request back to the list or queue. Failed to send API request with exit code: CURLE_SSL_CONNECT_ERROR (35), retrying
[36m[apify.tiktok-profile-scraper runId:vFNFpjo6NVW1boEWt][0m -> 2026-08-14T08:28:08.754Z     at async sendCurlRequest (file:///home/myuser/dist/src/tools/api/curl-request.js:27:43)[90m {"id":"5clOpkLREKf8EH1","url":"https://www.tiktok.com/@chalita_mungkhot","retryCount":6}[39m
[36m[apify.tiktok-profile-scraper runId:vFNFpjo6NVW1boEWt][0m -> Status: RUNNING, Message: Scraped 1/5 profiles
[36m[apify.tiktok-profile-scraper runId:vFNFpjo6NVW1boEWt][0m -> 2026-08-14T08:28:09.053Z [32mINFO[39m  [Status message]: Scraped 1/5 profiles
[36m[apify.tiktok-profile-scraper runId:vFNFpjo6NVW1boEWt][0m -> 2026-08-14T08:28:09.146Z [33mWARN[39m [33m CheerioCrawler:[39m Reclaiming failed request back to the list or queue. Failed to parse TikTok response: Unexpected end of JSON input --- https://www.tiktok.com/@pitch_087
[36m[apify.tiktok-profile-scraper runId:vFNFpjo6NVW1boEWt][0m -> 2026-08-14T08:28:09.148Z     at makeWebApiCall (file:///home/myuser/dist/src/tools/api/web/make-web-api-call.js:114:23)[90m {"id":"FLwEcz7FMbnvYuA","url":"https://www.tiktok.com/@pitch_087","retryCount":6}[39m
[36m[apify.tiktok-profile-scraper runId:vFNFpjo6NVW1boEWt][0m -> 2026-08-14T08:28:09.236Z [33mWARN[39m [33m CheerioCrawler:[39m Reclaiming failed request back to the list or queue. Failed to parse TikTok response: Unexpected end of JSON input --- https://www.tiktok.com/@chalita_mungkhot
[36m[apify.tiktok-profile-scraper runId:vFNFpjo6NVW1boEWt][0m -> 2026-08-14T08:28:09.238Z     at makeWebApiCall (file:///home/myuser/dist/src/tools/api/web/make-web-api-call.js:114:23)[90m {"id":"ACf0T1QAYNSEGrf","url":"https://www.tiktok.com/@chalita_mungkhot","retryCount":6}[39m
[36m[apify.tiktok-profile-scraper runId:vFNFpjo6NVW1boEWt][0m -> 2026-08-14T08:28:09.563Z [33mWARN[39m [33m CheerioCrawler:[39m Reclaiming failed request back to the list or queue. Failed to parse TikTok response: Unexpected end of JSON input --- https://www.tiktok.com/@n_kacha629
[36m[apify.tiktok-profile-scraper runId:vFNFpjo6NVW1boEWt][0m -> 2026-08-14T08:28:09.564Z     at makeWebApiCall (file:///home/myuser/dist/src/tools/api/web/make-web-api-call.js:114:23)[90m {"id":"3FEazC61h0Tcej7","url":"https://www.tiktok.com/@n_kacha629","retryCount":6}[39m
[36m[apify.tiktok-profile-scraper runId:vFNFpjo6NVW1boEWt][0m -> 2026-08-14T08:28:09.828Z [33mWARN[39m [33m CheerioCrawler:[39m Reclaiming failed request back to the list or queue. Failed to parse TikTok response: Unexpected end of JSON input --- https://www.tiktok.com/@wannaphainta2542
[36m[apify.tiktok-profile-scraper runId:vFNFpjo6NVW1boEWt][0m -> 2026-08-14T08:28:09.830Z     at makeWebApiCall (file:///home/myuser/dist/src/tools/api/web/make-web-api-call.js:114:23)[90m {"id":"Dgkt46rfEYUcOSI","url":"https://www.tiktok.com/@wannaphainta2542","retryCount":6}[39m
[36m[apify.tiktok-profile-scraper runId:vFNFpjo6NVW1boEWt][0m -> 2026-08-14T08:28:09.851Z [33mWARN[39m [33m CheerioCrawler:[39m Reclaiming failed request back to the list or queue. Failed to parse TikTok response: Unexpected end of JSON input --- https://www.tiktok.com/@wannaphainta2542
[36m[apify.tiktok-profile-scraper runId:vFNFpjo6NVW1boEWt][0m -> 2026-08-14T08:28:09.853Z     at makeWebApiCall (file:///home/myuser/dist/src/tools/api/web/make-web-api-call.js:114:23)[90m {"id":"sKJUGHboW3bPwEw","url":"https://www.tiktok.com/@wannaphainta2542","retryCount":6}[39m
[36m[apify.tiktok-profile-scraper runId:vFNFpjo6NVW1boEWt][0m -> 2026-08-14T08:28:10.055Z [33mWARN[39m [33m CheerioCrawler:[39m Reclaiming failed request back to the list or queue. Failed to parse TikTok response: Unexpected end of JSON input --- https://www.tiktok.com/@n_kacha629
[36m[apify.tiktok-profile-scraper runId:vFNFpjo6NVW1boEWt][0m -> Status: RUNNING, Message: Crawled 6/30 pages, 0 failed requests, desired concurrency 11.
[36m[apify.tiktok-profile-scraper runId:vFNFpjo6NVW1boEWt][0m -> 2026-08-14T08:28:10.056Z     at makeWebApiCall (file:///home/myuser/dist/src/tools/api/web/make-web-api-call.js:114:23)[90m {"id":"R1QJu9Id5jXOPSc","url":"https://www.tiktok.com/@n_kacha629","retryCount":6}[39m
[36m[apify.tiktok-profile-scraper runId:vFNFpjo6NVW1boEWt][0m -> 2026-08-14T08:28:10.368Z [33mWARN[39m [33m CheerioCrawler:[39m Reclaiming failed request back to the list or queue. Failed to parse TikTok response: Unexpected end of JSON input --- https://www.tiktok.com/@n_kacha629
[36m[apify.tiktok-profile-scraper runId:vFNFpjo6NVW1boEWt][0m -> 2026-08-14T08:28:10.370Z     at makeWebApiCall (file:///home/myuser/dist/src/tools/api/web/make-web-api-call.js:114:23)[90m {"id":"CrgCJMIdrftG3wy","url":"https://www.tiktok.com/@n_kacha629","retryCount":5}[39m
[36m[apify.tiktok-profile-scraper runId:vFNFpjo6NVW1boEWt][0m -> 2026-08-14T08:28:10.472Z [33mWARN[39m [33m CheerioCrawler:[39m Reclaiming failed request back to the list or queue. Failed to parse TikTok response: Unexpected end of JSON input --- https://www.tiktok.com/@pitch_087
[36m[apify.tiktok-profile-scraper runId:vFNFpjo6NVW1boEWt][0m -> 2026-08-14T08:28:10.474Z     at makeWebApiCall (file:///home/myuser/dist/src/tools/api/web/make-web-api-call.js:114:23)[90m {"id":"rRZQ8kywLGQaOnb","url":"https://www.tiktok.com/@pitch_087","retryCount":6}[39m
[36m[apify.tiktok-profile-scraper runId:vFNFpjo6NVW1boEWt][0m -> 2026-08-14T08:28:10.863Z [33mWARN[39m [33m CheerioCrawler:[39m Reclaiming failed request back to the list or queue. Failed to parse TikTok response: Unexpected end of JSON input --- https://www.tiktok.com/@noonanduanglada
[36m[apify.tiktok-profile-scraper runId:vFNFpjo6NVW1boEWt][0m -> 2026-08-14T08:28:10.865Z     at makeWebApiCall (file:///home/myuser/dist/src/tools/api/web/make-web-api-call.js:114:23)[90m {"id":"WpJ6qIGEMOc1jPO","url":"https://www.tiktok.com/@noonanduanglada","retryCount":6}[39m
[36m[apify.tiktok-profile-scraper runId:vFNFpjo6NVW1boEWt][0m -> 2026-08-14T08:28:10.962Z [33mWARN[39m [33m CheerioCrawler:[39m Reclaiming failed request back to the list or queue. Failed to parse TikTok response: Unexpected end of JSON input --- https://www.tiktok.com/@pitch_087
[36m[apify.tiktok-profile-scraper runId:vFNFpjo6NVW1boEWt][0m -> 2026-08-14T08:28:10.964Z     at makeWebApiCall (file:///home/myuser/dist/src/tools/api/web/make-web-api-call.js:114:23)[90m {"id":"f7O9HO4qXIEc8Sc","url":"https://www.tiktok.com/@pitch_087","retryCount":6}[39m
[36m[apify.tiktok-profile-scraper runId:vFNFpjo6NVW1boEWt][0m -> 2026-08-14T08:28:11.153Z [33mWARN[39m [33m CheerioCrawler:[39m Reclaiming failed request back to the list or queue. Failed to parse TikTok response: Unexpected end of JSON input --- https://www.tiktok.com/@pitch_087
[36m[apify.tiktok-profile-scraper runId:vFNFpjo6NVW1boEWt][0m -> 2026-08-14T08:28:11.155Z     at makeWebApiCall (file:///home/myuser/dist/src/tools/api/web/make-web-api-call.js:114:23)[90m {"id":"7zbGL8qM5FZDzhs","url":"https://www.tiktok.com/@pitch_087","retryCount":6}[39m
[36m[apify.tiktok-profile-scraper runId:vFNFpjo6NVW1boEWt][0m -> 2026-08-14T08:28:11.481Z [33mWARN[39m [33m CheerioCrawler:[39m Reclaiming failed request back to the list or queue. Failed to parse TikTok response: Unexpected end of JSON input --- https://www.tiktok.com/@pitch_087
[36m[apify.tiktok-profile-scraper runId:vFNFpjo6NVW1boEWt][0m -> 2026-08-14T08:28:11.503Z     at makeWebApiCall (file:///home/myuser/dist/src/tools/api/web/make-web-api-call.js:114:23)[90m {"id":"IkWZjS3Sbqr98Xg","url":"https://www.tiktok.com/@pitch_087","retryCount":6}[39m
[36m[apify.tiktok-profile-scraper runId:vFNFpjo6NVW1boEWt][0m -> 2026-08-14T08:28:11.586Z [33mWARN[39m [33m CheerioCrawler:[39m Reclaiming failed request back to the list or queue. Failed to parse TikTok response: Unexpected end of JSON input --- https://www.tiktok.com/@noonanduanglada
[36m[apify.tiktok-profile-scraper runId:vFNFpjo6NVW1boEWt][0m -> 2026-08-14T08:28:11.587Z     at makeWebApiCall (file:///home/myuser/dist/src/tools/api/web/make-web-api-call.js:114:23)[90m {"id":"fyi24wwk2n5N4cl","url":"https://www.tiktok.com/@noonanduanglada","retryCount":6}[39m
[36m[apify.tiktok-profile-scraper runId:vFNFpjo6NVW1boEWt][0m -> 2026-08-14T08:28:11.781Z [33mWARN[39m [33m CheerioCrawler:[39m Reclaiming failed request back to the list or queue. Failed to parse TikTok response: Unexpected end of JSON input --- https://www.tiktok.com/@chalita_mungkhot
[36m[apify.tiktok-profile-scraper runId:vFNFpjo6NVW1boEWt][0m -> 2026-08-14T08:28:11.783Z     at makeWebApiCall (file:///home/myuser/dist/src/tools/api/web/make-web-api-call.js:114:23)[90m {"id":"YoUBrJLs1YBjNON","url":"https://www.tiktok.com/@chalita_mungkhot","retryCount":7}[39m
[36m[apify.tiktok-profile-scraper runId:vFNFpjo6NVW1boEWt][0m -> 2026-08-14T08:28:11.954Z [33mWARN[39m [33m CheerioCrawler:[39m Reclaiming failed request back to the list or queue. Failed to parse TikTok response: Unexpected end of JSON input --- https://www.tiktok.com/@chalita_mungkhot
[36m[apify.tiktok-profile-scraper runId:vFNFpjo6NVW1boEWt][0m -> 2026-08-14T08:28:11.956Z     at makeWebApiCall (file:///home/myuser/dist/src/tools/api/web/make-web-api-call.js:114:23)[90m {"id":"nFJ8MIRdCgCZHo6","url":"https://www.tiktok.com/@chalita_mungkhot","retryCount":5}[39m
[36m[apify.tiktok-profile-scraper runId:vFNFpjo6NVW1boEWt][0m -> 2026-08-14T08:28:12.246Z [33mWARN[39m [33m CheerioCrawler:[39m Reclaiming failed request back to the list or queue. Failed to parse TikTok response: Unexpected end of JSON input --- https://www.tiktok.com/@wannaphainta2542
[36m[apify.tiktok-profile-scraper runId:vFNFpjo6NVW1boEWt][0m -> 2026-08-14T08:28:12.253Z     at makeWebApiCall (file:///home/myuser/dist/src/tools/api/web/make-web-api-call.js:114:23)[90m {"id":"PsSFe8QjBPyipYY","url":"https://www.tiktok.com/@wannaphainta2542","retryCount":6}[39m
[36m[apify.tiktok-profile-scraper runId:vFNFpjo6NVW1boEWt][0m -> 2026-08-14T08:28:12.260Z [33mWARN[39m [33m CheerioCrawler:[39m Reclaiming failed request back to the list or queue. Failed to send API request with exit code: CURLE_RECV_ERROR (56), retrying
[36m[apify.tiktok-profile-scraper runId:vFNFpjo6NVW1boEWt][0m -> 2026-08-14T08:28:12.262Z     at async sendCurlRequest (file:///home/myuser/dist/src/tools/api/curl-request.js:27:43)[90m {"id":"3r5Qt4ost9Ml6yu","url":"https://www.tiktok.com/@wannaphainta2542","retryCount":7}[39m
[36m[apify.tiktok-profile-scraper runId:vFNFpjo6NVW1boEWt][0m -> 2026-08-14T08:28:12.341Z [33mWARN[39m [33m CheerioCrawler:[39m Reclaiming failed request back to the list or queue. Failed to parse TikTok response: Unexpected end of JSON input --- https://www.tiktok.com/@noonanduanglada
[36m[apify.tiktok-profile-scraper runId:vFNFpjo6NVW1boEWt][0m -> 2026-08-14T08:28:12.343Z     at makeWebApiCall (file:///home/myuser/dist/src/tools/api/web/make-web-api-call.js:114:23)[90m {"id":"hyxJveyRxoclL1o","url":"https://www.tiktok.com/@noonanduanglada","retryCount":7}[39m
[36m[apify.tiktok-profile-scraper runId:vFNFpjo6NVW1boEWt][0m -> 2026-08-14T08:28:12.647Z [33mWARN[39m [33m CheerioCrawler:[39m Reclaiming failed request back to the list or queue. Failed to parse TikTok response: Unexpected end of JSON input --- https://www.tiktok.com/@wannaphainta2542
[36m[apify.tiktok-profile-scraper runId:vFNFpjo6NVW1boEWt][0m -> 2026-08-14T08:28:12.649Z     at makeWebApiCall (file:///home/myuser/dist/src/tools/api/web/make-web-api-call.js:114:23)[90m {"id":"DrX7PJcrX2E9CLp","url":"https://www.tiktok.com/@wannaphainta2542","retryCount":6}[39m
[36m[apify.tiktok-profile-scraper runId:vFNFpjo6NVW1boEWt][0m -> 2026-08-14T08:28:12.986Z [33mWARN[39m [33m CheerioCrawler:[39m Reclaiming failed request back to the list or queue. Failed to parse TikTok response: Unexpected end of JSON input --- https://www.tiktok.com/@noonanduanglada
[36m[apify.tiktok-profile-scraper runId:vFNFpjo6NVW1boEWt][0m -> 2026-08-14T08:28:12.988Z     at makeWebApiCall (file:///home/myuser/dist/src/tools/api/web/make-web-api-call.js:114:23)[90m {"id":"Owmv1PoJcWfUjZu","url":"https://www.tiktok.com/@noonanduanglada","retryCount":6}[39m
[36m[apify.tiktok-profile-scraper runId:vFNFpjo6NVW1boEWt][0m -> 2026-08-14T08:28:13.116Z [33mWARN[39m [33m CheerioCrawler:[39m Reclaiming failed request back to the list or queue. Failed to parse TikTok response: Unexpected end of JSON input --- https://www.tiktok.com/@noonanduanglada
[36m[apify.tiktok-profile-scraper runId:vFNFpjo6NVW1boEWt][0m -> 2026-08-14T08:28:13.118Z     at makeWebApiCall (file:///home/myuser/dist/src/tools/api/web/make-web-api-call.js:114:23)[90m {"id":"zcLioExri2lTNhL","url":"https://www.tiktok.com/@noonanduanglada","retryCount":6}[39m
[36m[apify.tiktok-profile-scraper runId:vFNFpjo6NVW1boEWt][0m -> 2026-08-14T08:28:13.629Z [33mWARN[39m [33m CheerioCrawler:[39m Reclaiming failed request back to the list or queue. Failed to parse TikTok response: Unexpected end of JSON input --- https://www.tiktok.com/@pitch_087
[36m[apify.tiktok-profile-scraper runId:vFNFpjo6NVW1boEWt][0m -> 2026-08-14T08:28:13.631Z     at makeWebApiCall (file:///home/myuser/dist/src/tools/api/web/make-web-api-call.js:114:23)[90m {"id":"FLwEcz7FMbnvYuA","url":"https://www.tiktok.com/@pitch_087","retryCount":7}[39m
[36m[apify.tiktok-profile-scraper runId:vFNFpjo6NVW1boEWt][0m -> 2026-08-14T08:28:13.721Z [33mWARN[39m [33m CheerioCrawler:[39m Reclaiming failed request back to the list or queue. Failed to parse TikTok response: Unexpected end of JSON input --- https://www.tiktok.com/@chalita_mungkhot
[36m[apify.tiktok-profile-scraper runId:vFNFpjo6NVW1boEWt][0m -> 2026-08-14T08:28:13.723Z     at makeWebApiCall (file:///home/myuser/dist/src/tools/api/web/make-web-api-call.js:114:23)[90m {"id":"5clOpkLREKf8EH1","url":"https://www.tiktok.com/@chalita_mungkhot","retryCount":7}[39m
[36m[apify.tiktok-profile-scraper runId:vFNFpjo6NVW1boEWt][0m -> 2026-08-14T08:28:13.973Z [33mWARN[39m [33m CheerioCrawler:[39m Reclaiming failed request back to the list or queue. Failed to parse TikTok response: Unexpected end of JSON input --- https://www.tiktok.com/@n_kacha629
[36m[apify.tiktok-profile-scraper runId:vFNFpjo6NVW1boEWt][0m -> 2026-08-14T08:28:13.975Z     at makeWebApiCall (file:///home/myuser/dist/src/tools/api/web/make-web-api-call.js:114:23)[90m {"id":"ZBEWRiNN8xmOXrb","url":"https://www.tiktok.com/@n_kacha629","retryCount":6}[39m
[36m[apify.tiktok-profile-scraper runId:vFNFpjo6NVW1boEWt][0m -> 2026-08-14T08:28:14.264Z [33mWARN[39m [33m CheerioCrawler:[39m Reclaiming failed request back to the list or queue. Failed to parse TikTok response: Unexpected end of JSON input --- https://www.tiktok.com/@chalita_mungkhot
[36m[apify.tiktok-profile-scraper runId:vFNFpjo6NVW1boEWt][0m -> 2026-08-14T08:28:14.266Z     at makeWebApiCall (file:///home/myuser/dist/src/tools/api/web/make-web-api-call.js:114:23)[90m {"id":"ACf0T1QAYNSEGrf","url":"https://www.tiktok.com/@chalita_mungkhot","retryCount":7}[39m
[36m[apify.tiktok-profile-scraper runId:vFNFpjo6NVW1boEWt][0m -> 2026-08-14T08:28:14.347Z [33mWARN[39m [33m CheerioCrawler:[39m Reclaiming failed request back to the list or queue. Failed to parse TikTok response: Unexpected end of JSON input --- https://www.tiktok.com/@wannaphainta2542
[36m[apify.tiktok-profile-scraper runId:vFNFpjo6NVW1boEWt][0m -> 2026-08-14T08:28:14.348Z     at makeWebApiCall (file:///home/myuser/dist/src/tools/api/web/make-web-api-call.js:114:23)[90m {"id":"sKJUGHboW3bPwEw","url":"https://www.tiktok.com/@wannaphainta2542","retryCount":7}[39m
[36m[apify.tiktok-profile-scraper runId:vFNFpjo6NVW1boEWt][0m -> 2026-08-14T08:28:14.437Z [33mWARN[39m [33m CheerioCrawler:[39m Reclaiming failed request back to the list or queue. Failed to parse TikTok response: Unexpected end of JSON input --- https://www.tiktok.com/@chalita_mungkhot
[36m[apify.tiktok-profile-scraper runId:vFNFpjo6NVW1boEWt][0m -> 2026-08-14T08:28:14.439Z     at makeWebApiCall (file:///home/myuser/dist/src/tools/api/web/make-web-api-call.js:114:23)[90m {"id":"gW1rR1p3i9Qk4mn","url":"https://www.tiktok.com/@chalita_mungkhot","retryCount":7}[39m
[36m[apify.tiktok-profile-scraper runId:vFNFpjo6NVW1boEWt][0m -> 2026-08-14T08:28:15.158Z [33mWARN[39m [33m CheerioCrawler:[39m Reclaiming failed request back to the list or queue. Failed to parse TikTok response: Unexpected end of JSON input --- https://www.tiktok.com/@n_kacha629
[36m[apify.tiktok-profile-scraper runId:vFNFpjo6NVW1boEWt][0m -> 2026-08-14T08:28:15.161Z     at makeWebApiCall (file:///home/myuser/dist/src/tools/api/web/make-web-api-call.js:114:23)[90m {"id":"3FEazC61h0Tcej7","url":"https://www.tiktok.com/@n_kacha629","retryCount":7}[39m
[36m[apify.tiktok-profile-scraper runId:vFNFpjo6NVW1boEWt][0m -> 2026-08-14T08:28:15.231Z [33mWARN[39m [33m CheerioCrawler:[39m Reclaiming failed request back to the list or queue. Failed to send API request with exit code: CURLE_RECV_ERROR (56), retrying
[36m[apify.tiktok-profile-scraper runId:vFNFpjo6NVW1boEWt][0m -> 2026-08-14T08:28:15.232Z     at async sendCurlRequest (file:///home/myuser/dist/src/tools/api/curl-request.js:27:43)[90m {"id":"CrgCJMIdrftG3wy","url":"https://www.tiktok.com/@n_kacha629","retryCount":6}[39m
[36m[apify.tiktok-profile-scraper runId:vFNFpjo6NVW1boEWt][0m -> 2026-08-14T08:28:15.666Z [33mWARN[39m [33m CheerioCrawler:[39m Reclaiming failed request back to the list or queue. Failed to parse TikTok response: Unexpected end of JSON input --- https://www.tiktok.com/@noonanduanglada
[36m[apify.tiktok-profile-scraper runId:vFNFpjo6NVW1boEWt][0m -> 2026-08-14T08:28:15.668Z     at makeWebApiCall (file:///home/myuser/dist/src/tools/api/web/make-web-api-call.js:114:23)[90m {"id":"WpJ6qIGEMOc1jPO","url":"https://www.tiktok.com/@noonanduanglada","retryCount":7}[39m
[36m[apify.tiktok-profile-scraper runId:vFNFpjo6NVW1boEWt][0m -> 2026-08-14T08:28:15.727Z [33mWARN[39m [33m CheerioCrawler:[39m Reclaiming failed request back to the list or queue. Failed to parse TikTok response: Unexpected end of JSON input --- https://www.tiktok.com/@pitch_087
[36m[apify.tiktok-profile-scraper runId:vFNFpjo6NVW1boEWt][0m -> 2026-08-14T08:28:15.728Z     at makeWebApiCall (file:///home/myuser/dist/src/tools/api/web/make-web-api-call.js:114:23)[90m {"id":"7zbGL8qM5FZDzhs","url":"https://www.tiktok.com/@pitch_087","retryCount":7}[39m
[36m[apify.tiktok-profile-scraper runId:vFNFpjo6NVW1boEWt][0m -> 2026-08-14T08:28:16.064Z [33mWARN[39m [33m CheerioCrawler:[39m Reclaiming failed request back to the list or queue. Failed to parse TikTok response: Unexpected end of JSON input --- https://www.tiktok.com/@pitch_087
[36m[apify.tiktok-profile-scraper runId:vFNFpjo6NVW1boEWt][0m -> 2026-08-14T08:28:16.066Z     at makeWebApiCall (file:///home/myuser/dist/src/tools/api/web/make-web-api-call.js:114:23)[90m {"id":"f7O9HO4qXIEc8Sc","url":"https://www.tiktok.com/@pitch_087","retryCount":7}[39m
[36m[apify.tiktok-profile-scraper runId:vFNFpjo6NVW1boEWt][0m -> 2026-08-14T08:28:16.143Z [33mWARN[39m [33m CheerioCrawler:[39m Reclaiming failed request back to the list or queue. Failed to parse TikTok response: Unexpected end of JSON input --- https://www.tiktok.com/@wannaphainta2542
[36m[apify.tiktok-profile-scraper runId:vFNFpjo6NVW1boEWt][0m -> 2026-08-14T08:28:16.145Z     at makeWebApiCall (file:///home/myuser/dist/src/tools/api/web/make-web-api-call.js:114:23)[90m {"id":"Dgkt46rfEYUcOSI","url":"https://www.tiktok.com/@wannaphainta2542","retryCount":7}[39m
[36m[apify.tiktok-profile-scraper runId:vFNFpjo6NVW1boEWt][0m -> 2026-08-14T08:28:16.372Z [33mWARN[39m [33m CheerioCrawler:[39m Reclaiming failed request back to the list or queue. Failed to parse TikTok response: Unexpected end of JSON input --- https://www.tiktok.com/@n_kacha629
[36m[apify.tiktok-profile-scraper runId:vFNFpjo6NVW1boEWt][0m -> 2026-08-14T08:28:16.374Z     at makeWebApiCall (file:///home/myuser/dist/src/tools/api/web/make-web-api-call.js:114:23)[90m {"id":"R1QJu9Id5jXOPSc","url":"https://www.tiktok.com/@n_kacha629","retryCount":7}[39m
[36m[apify.tiktok-profile-scraper runId:vFNFpjo6NVW1boEWt][0m -> 2026-08-14T08:28:16.450Z [33mWARN[39m [33m CheerioCrawler:[39m Reclaiming failed request back to the list or queue. Failed to parse TikTok response: Unexpected end of JSON input --- https://www.tiktok.com/@noonanduanglada
[36m[apify.tiktok-profile-scraper runId:vFNFpjo6NVW1boEWt][0m -> 2026-08-14T08:28:16.452Z     at makeWebApiCall (file:///home/myuser/dist/src/tools/api/web/make-web-api-call.js:114:23)[90m {"id":"fyi24wwk2n5N4cl","url":"https://www.tiktok.com/@noonanduanglada","retryCount":7}[39m
[36m[apify.tiktok-profile-scraper runId:vFNFpjo6NVW1boEWt][0m -> 2026-08-14T08:28:16.939Z [33mWARN[39m [33m CheerioCrawler:[39m Reclaiming failed request back to the list or queue. Failed to parse TikTok response: Unexpected end of JSON input --- https://www.tiktok.com/@pitch_087
[36m[apify.tiktok-profile-scraper runId:vFNFpjo6NVW1boEWt][0m -> 2026-08-14T08:28:16.941Z     at makeWebApiCall (file:///home/myuser/dist/src/tools/api/web/make-web-api-call.js:114:23)[90m {"id":"IkWZjS3Sbqr98Xg","url":"https://www.tiktok.com/@pitch_087","retryCount":7}[39m
[36m[apify.tiktok-profile-scraper runId:vFNFpjo6NVW1boEWt][0m -> 2026-08-14T08:28:17.957Z [33mWARN[39m [33m CheerioCrawler:[39m Reclaiming failed request back to the list or queue. Failed to parse TikTok response: Unexpected end of JSON input --- https://www.tiktok.com/@wannaphainta2542
[36m[apify.tiktok-profile-scraper runId:vFNFpjo6NVW1boEWt][0m -> 2026-08-14T08:28:17.959Z     at makeWebApiCall (file:///home/myuser/dist/src/tools/api/web/make-web-api-call.js:114:23)[90m {"id":"DrX7PJcrX2E9CLp","url":"https://www.tiktok.com/@wannaphainta2542","retryCount":7}[39m
[36m[apify.tiktok-profile-scraper runId:vFNFpjo6NVW1boEWt][0m -> 2026-08-14T08:28:17.977Z [33mWARN[39m [33m CheerioCrawler:[39m Reclaiming failed request back to the list or queue. Failed to parse TikTok response: Unexpected end of JSON input --- https://www.tiktok.com/@chalita_mungkhot
[36m[apify.tiktok-profile-scraper runId:vFNFpjo6NVW1boEWt][0m -> 2026-08-14T08:28:17.979Z     at makeWebApiCall (file:///home/myuser/dist/src/tools/api/web/make-web-api-call.js:114:23)[90m {"id":"5clOpkLREKf8EH1","url":"https://www.tiktok.com/@chalita_mungkhot","retryCount":8}[39m
[36m[apify.tiktok-profile-scraper runId:vFNFpjo6NVW1boEWt][0m -> 2026-08-14T08:28:18.571Z [33mWARN[39m [33m CheerioCrawler:[39m Reclaiming failed request back to the list or queue. Failed to parse TikTok response: Unexpected end of JSON input --- https://www.tiktok.com/@n_kacha629
[36m[apify.tiktok-profile-scraper runId:vFNFpjo6NVW1boEWt][0m -> 2026-08-14T08:28:18.573Z     at makeWebApiCall (file:///home/myuser/dist/src/tools/api/web/make-web-api-call.js:114:23)[90m {"id":"ZBEWRiNN8xmOXrb","url":"https://www.tiktok.com/@n_kacha629","retryCount":7}[39m
[36m[apify.tiktok-profile-scraper runId:vFNFpjo6NVW1boEWt][0m -> 2026-08-14T08:28:18.667Z [33mWARN[39m [33m CheerioCrawler:[39m Reclaiming failed request back to the list or queue. Failed to parse TikTok response: Unexpected end of JSON input --- https://www.tiktok.com/@chalita_mungkhot
[36m[apify.tiktok-profile-scraper runId:vFNFpjo6NVW1boEWt][0m -> 2026-08-14T08:28:18.670Z     at makeWebApiCall (file:///home/myuser/dist/src/tools/api/web/make-web-api-call.js:114:23)[90m {"id":"YoUBrJLs1YBjNON","url":"https://www.tiktok.com/@chalita_mungkhot","retryCount":8}[39m
[36m[apify.tiktok-profile-scraper runId:vFNFpjo6NVW1boEWt][0m -> 2026-08-14T08:28:18.938Z [33mWARN[39m [33m CheerioCrawler:[39m Reclaiming failed request back to the list or queue. Failed to parse TikTok response: Unexpected end of JSON input --- https://www.tiktok.com/@wannaphainta2542
[36m[apify.tiktok-profile-scraper runId:vFNFpjo6NVW1boEWt][0m -> 2026-08-14T08:28:18.940Z     at makeWebApiCall (file:///home/myuser/dist/src/tools/api/web/make-web-api-call.js:114:23)[90m {"id":"3r5Qt4ost9Ml6yu","url":"https://www.tiktok.com/@wannaphainta2542","retryCount":8}[39m
[36m[apify.tiktok-profile-scraper runId:vFNFpjo6NVW1boEWt][0m -> 2026-08-14T08:28:18.945Z [33mWARN[39m [33m CheerioCrawler:[39m Reclaiming failed request back to the list or queue. Failed to parse TikTok response: Unexpected end of JSON input --- https://www.tiktok.com/@noonanduanglada
[36m[apify.tiktok-profile-scraper runId:vFNFpjo6NVW1boEWt][0m -> 2026-08-14T08:28:18.947Z     at makeWebApiCall (file:///home/myuser/dist/src/tools/api/web/make-web-api-call.js:114:23)[90m {"id":"zcLioExri2lTNhL","url":"https://www.tiktok.com/@noonanduanglada","retryCount":7}[39m
[36m[apify.tiktok-profile-scraper runId:vFNFpjo6NVW1boEWt][0m -> 2026-08-14T08:28:18.949Z [33mWARN[39m [33m CheerioCrawler:[39m Reclaiming failed request back to the list or queue. Failed to parse TikTok response: Unexpected end of JSON input --- https://www.tiktok.com/@pitch_087
[36m[apify.tiktok-profile-scraper runId:vFNFpjo6NVW1boEWt][0m -> 2026-08-14T08:28:18.952Z     at makeWebApiCall (file:///home/myuser/dist/src/tools/api/web/make-web-api-call.js:114:23)[90m {"id":"rRZQ8kywLGQaOnb","url":"https://www.tiktok.com/@pitch_087","retryCount":7}[39m
[36m[apify.tiktok-profile-scraper runId:vFNFpjo6NVW1boEWt][0m -> 2026-08-14T08:28:19.142Z [32mINFO[39m  [Status message]: Scraped 1/5 profiles
[36m[apify.tiktok-profile-scraper runId:vFNFpjo6NVW1boEWt][0m -> 2026-08-14T08:28:19.245Z [33mWARN[39m [33m CheerioCrawler:[39m Reclaiming failed request back to the list or queue. Failed to parse TikTok response: Unexpected end of JSON input --- https://www.tiktok.com/@pitch_087
[36m[apify.tiktok-profile-scraper runId:vFNFpjo6NVW1boEWt][0m -> Status: RUNNING, Message: Crawled 6/30 pages, 0 failed requests, desired concurrency 12.
[36m[apify.tiktok-profile-scraper runId:vFNFpjo6NVW1boEWt][0m -> 2026-08-14T08:28:19.247Z     at makeWebApiCall (file:///home/myuser/dist/src/tools/api/web/make-web-api-call.js:114:23)[90m {"id":"FLwEcz7FMbnvYuA","url":"https://www.tiktok.com/@pitch_087","retryCount":8}[39m
[36m[apify.tiktok-profile-scraper runId:vFNFpjo6NVW1boEWt][0m -> 2026-08-14T08:28:19.338Z [33mWARN[39m [33m CheerioCrawler:[39m Reclaiming failed request back to the list or queue. Failed to parse TikTok response: Unexpected end of JSON input --- https://www.tiktok.com/@chalita_mungkhot
[36m[apify.tiktok-profile-scraper runId:vFNFpjo6NVW1boEWt][0m -> 2026-08-14T08:28:19.339Z     at makeWebApiCall (file:///home/myuser/dist/src/tools/api/web/make-web-api-call.js:114:23)[90m {"id":"nFJ8MIRdCgCZHo6","url":"https://www.tiktok.com/@chalita_mungkhot","retryCount":6}[39m
[36m[apify.tiktok-profile-scraper runId:vFNFpjo6NVW1boEWt][0m -> 2026-08-14T08:28:20.352Z [33mWARN[39m [33m CheerioCrawler:[39m Reclaiming failed request back to the list or queue. Failed to parse TikTok response: Unexpected end of JSON input --- https://www.tiktok.com/@chalita_mungkhot
[36m[apify.tiktok-profile-scraper runId:vFNFpjo6NVW1boEWt][0m -> 2026-08-14T08:28:20.354Z     at makeWebApiCall (file:///home/myuser/dist/src/tools/api/web/make-web-api-call.js:114:23)[90m {"id":"gW1rR1p3i9Qk4mn","url":"https://www.tiktok.com/@chalita_mungkhot","retryCount":8}[39m
[36m[apify.tiktok-profile-scraper runId:vFNFpjo6NVW1boEWt][0m -> 2026-08-14T08:28:20.711Z [33mWARN[39m [33m CheerioCrawler:[39m Reclaiming failed request back to the list or queue. Failed to parse TikTok response: Unexpected end of JSON input --- https://www.tiktok.com/@chalita_mungkhot
[36m[apify.tiktok-profile-scraper runId:vFNFpjo6NVW1boEWt][0m -> 2026-08-14T08:28:20.713Z     at makeWebApiCall (file:///home/myuser/dist/src/tools/api/web/make-web-api-call.js:114:23)[90m {"id":"ACf0T1QAYNSEGrf","url":"https://www.tiktok.com/@chalita_mungkhot","retryCount":8}[39m
[36m[apify.tiktok-profile-scraper runId:vFNFpjo6NVW1boEWt][0m -> 2026-08-14T08:28:20.717Z [33mWARN[39m [33m CheerioCrawler:[39m Reclaiming failed request back to the list or queue. Failed to parse TikTok response: Unexpected end of JSON input --- https://www.tiktok.com/@n_kacha629
[36m[apify.tiktok-profile-scraper runId:vFNFpjo6NVW1boEWt][0m -> 2026-08-14T08:28:20.719Z     at makeWebApiCall (file:///home/myuser/dist/src/tools/api/web/make-web-api-call.js:114:23)[90m {"id":"CrgCJMIdrftG3wy","url":"https://www.tiktok.com/@n_kacha629","retryCount":7}[39m
[36m[apify.tiktok-profile-scraper runId:vFNFpjo6NVW1boEWt][0m -> 2026-08-14T08:28:20.837Z [33mWARN[39m [33m CheerioCrawler:[39m Reclaiming failed request back to the list or queue. Failed to parse TikTok response: Unexpected end of JSON input --- https://www.tiktok.com/@n_kacha629
[36m[apify.tiktok-profile-scraper runId:vFNFpjo6NVW1boEWt][0m -> 2026-08-14T08:28:20.839Z     at makeWebApiCall (file:///home/myuser/dist/src/tools/api/web/make-web-api-call.js:114:23)[90m {"id":"R1QJu9Id5jXOPSc","url":"https://www.tiktok.com/@n_kacha629","retryCount":8}[39m
[36m[apify.tiktok-profile-scraper runId:vFNFpjo6NVW1boEWt][0m -> 2026-08-14T08:28:20.856Z [33mWARN[39m [33m CheerioCrawler:[39m Reclaiming failed request back to the list or queue. Failed to parse TikTok response: Unexpected end of JSON input --- https://www.tiktok.com/@noonanduanglada
[36m[apify.tiktok-profile-scraper runId:vFNFpjo6NVW1boEWt][0m -> 2026-08-14T08:28:20.859Z     at makeWebApiCall (file:///home/myuser/dist/src/tools/api/web/make-web-api-call.js:114:23)[90m {"id":"Owmv1PoJcWfUjZu","url":"https://www.tiktok.com/@noonanduanglada","retryCount":7}[39m
[36m[apify.tiktok-profile-scraper runId:vFNFpjo6NVW1boEWt][0m -> 2026-08-14T08:28:20.977Z [33mWARN[39m [33m CheerioCrawler:[39m Reclaiming failed request back to the list or queue. Failed to parse TikTok response: Unexpected end of JSON input --- https://www.tiktok.com/@wannaphainta2542
[36m[apify.tiktok-profile-scraper runId:vFNFpjo6NVW1boEWt][0m -> 2026-08-14T08:28:20.997Z     at makeWebApiCall (file:///home/myuser/dist/src/tools/api/web/make-web-api-call.js:114:23)[90m {"id":"sKJUGHboW3bPwEw","url":"https://www.tiktok.com/@wannaphainta2542","retryCount":8}[39m
[36m[apify.tiktok-profile-scraper runId:vFNFpjo6NVW1boEWt][0m -> 2026-08-14T08:28:21.019Z [33mWARN[39m [33m CheerioCrawler:[39m Reclaiming failed request back to the list or queue. Failed to parse TikTok response: Unexpected end of JSON input --- https://www.tiktok.com/@noonanduanglada
[36m[apify.tiktok-profile-scraper runId:vFNFpjo6NVW1boEWt][0m -> 2026-08-14T08:28:21.050Z     at makeWebApiCall (file:///home/myuser/dist/src/tools/api/web/make-web-api-call.js:114:23)[90m {"id":"WpJ6qIGEMOc1jPO","url":"https://www.tiktok.com/@noonanduanglada","retryCount":8}[39m
[36m[apify.tiktok-profile-scraper runId:vFNFpjo6NVW1boEWt][0m -> 2026-08-14T08:28:21.065Z [33mWARN[39m [33m CheerioCrawler:[39m Reclaiming failed request back to the list or queue. Failed to parse TikTok response: Unexpected end of JSON input --- https://www.tiktok.com/@wannaphainta2542
[36m[apify.tiktok-profile-scraper runId:vFNFpjo6NVW1boEWt][0m -> 2026-08-14T08:28:21.073Z     at makeWebApiCall (file:///home/myuser/dist/src/tools/api/web/make-web-api-call.js:114:23)[90m {"id":"Dgkt46rfEYUcOSI","url":"https://www.tiktok.com/@wannaphainta2542","retryCount":8}[39m
[36m[apify.tiktok-profile-scraper runId:vFNFpjo6NVW1boEWt][0m -> 2026-08-14T08:28:21.279Z [33mWARN[39m [33m CheerioCrawler:[39m Reclaiming failed request back to the list or queue. Failed to parse TikTok response: Unexpected end of JSON input --- https://www.tiktok.com/@pitch_087
[36m[apify.tiktok-profile-scraper runId:vFNFpjo6NVW1boEWt][0m -> 2026-08-14T08:28:21.283Z     at makeWebApiCall (file:///home/myuser/dist/src/tools/api/web/make-web-api-call.js:114:23)[90m {"id":"7zbGL8qM5FZDzhs","url":"https://www.tiktok.com/@pitch_087","retryCount":8}[39m
[36m[apify.tiktok-profile-scraper runId:vFNFpjo6NVW1boEWt][0m -> 2026-08-14T08:28:21.545Z [33mWARN[39m [33m CheerioCrawler:[39m Reclaiming failed request back to the list or queue. Failed to parse TikTok response: Unexpected end of JSON input --- https://www.tiktok.com/@n_kacha629
[36m[apify.tiktok-profile-scraper runId:vFNFpjo6NVW1boEWt][0m -> 2026-08-14T08:28:21.547Z     at makeWebApiCall (file:///home/myuser/dist/src/tools/api/web/make-web-api-call.js:114:23)[90m {"id":"3FEazC61h0Tcej7","url":"https://www.tiktok.com/@n_kacha629","retryCount":8}[39m
[36m[apify.tiktok-profile-scraper runId:vFNFpjo6NVW1boEWt][0m -> 2026-08-14T08:28:21.869Z [33mWARN[39m [33m CheerioCrawler:[39m Reclaiming failed request back to the list or queue. Failed to parse TikTok response: Unexpected end of JSON input --- https://www.tiktok.com/@wannaphainta2542
[36m[apify.tiktok-profile-scraper runId:vFNFpjo6NVW1boEWt][0m -> 2026-08-14T08:28:21.872Z     at makeWebApiCall (file:///home/myuser/dist/src/tools/api/web/make-web-api-call.js:114:23)[90m {"id":"PsSFe8QjBPyipYY","url":"https://www.tiktok.com/@wannaphainta2542","retryCount":7}[39m
[36m[apify.tiktok-profile-scraper runId:vFNFpjo6NVW1boEWt][0m -> 2026-08-14T08:28:21.964Z [33mWARN[39m [33m CheerioCrawler:[39m Reclaiming failed request back to the list or queue. Failed to parse TikTok response: Unexpected end of JSON input --- https://www.tiktok.com/@pitch_087
[36m[apify.tiktok-profile-scraper runId:vFNFpjo6NVW1boEWt][0m -> 2026-08-14T08:28:21.966Z     at makeWebApiCall (file:///home/myuser/dist/src/tools/api/web/make-web-api-call.js:114:23)[90m {"id":"f7O9HO4qXIEc8Sc","url":"https://www.tiktok.com/@pitch_087","retryCount":8}[39m
[36m[apify.tiktok-profile-scraper runId:vFNFpjo6NVW1boEWt][0m -> 2026-08-14T08:28:22.003Z [33mWARN[39m [33m CheerioCrawler:[39m Reclaiming failed request back to the list or queue. Failed to parse TikTok response: Unexpected end of JSON input --- https://www.tiktok.com/@noonanduanglada
[36m[apify.tiktok-profile-scraper runId:vFNFpjo6NVW1boEWt][0m -> 2026-08-14T08:28:22.005Z     at makeWebApiCall (file:///home/myuser/dist/src/tools/api/web/make-web-api-call.js:114:23)[90m {"id":"hyxJveyRxoclL1o","url":"https://www.tiktok.com/@noonanduanglada","retryCount":8}[39m
[36m[apify.tiktok-profile-scraper runId:vFNFpjo6NVW1boEWt][0m -> 2026-08-14T08:28:22.676Z [33mWARN[39m [33m CheerioCrawler:[39m Reclaiming failed request back to the list or queue. Failed to parse TikTok response: Unexpected end of JSON input --- https://www.tiktok.com/@chalita_mungkhot
[36m[apify.tiktok-profile-scraper runId:vFNFpjo6NVW1boEWt][0m -> 2026-08-14T08:28:22.678Z     at makeWebApiCall (file:///home/myuser/dist/src/tools/api/web/make-web-api-call.js:114:23)[90m {"id":"5clOpkLREKf8EH1","url":"https://www.tiktok.com/@chalita_mungkhot","retryCount":9}[39m
[36m[apify.tiktok-profile-scraper runId:vFNFpjo6NVW1boEWt][0m -> 2026-08-14T08:28:23.771Z [33mWARN[39m [33m CheerioCrawler:[39m Reclaiming failed request back to the list or queue. Failed to parse TikTok response: Unexpected end of JSON input --- https://www.tiktok.com/@pitch_087
[36m[apify.tiktok-profile-scraper runId:vFNFpjo6NVW1boEWt][0m -> 2026-08-14T08:28:23.772Z     at makeWebApiCall (file:///home/myuser/dist/src/tools/api/web/make-web-api-call.js:114:23)[90m {"id":"IkWZjS3Sbqr98Xg","url":"https://www.tiktok.com/@pitch_087","retryCount":8}[39m
[36m[apify.tiktok-profile-scraper runId:vFNFpjo6NVW1boEWt][0m -> 2026-08-14T08:28:23.819Z [33mWARN[39m [33m CheerioCrawler:[39m Reclaiming failed request back to the list or queue. Failed to parse TikTok response: Unexpected end of JSON input --- https://www.tiktok.com/@wannaphainta2542
[36m[apify.tiktok-profile-scraper runId:vFNFpjo6NVW1boEWt][0m -> 2026-08-14T08:28:23.821Z     at makeWebApiCall (file:///home/myuser/dist/src/tools/api/web/make-web-api-call.js:114:23)[90m {"id":"DrX7PJcrX2E9CLp","url":"https://www.tiktok.com/@wannaphainta2542","retryCount":8}[39m
[36m[apify.tiktok-profile-scraper runId:vFNFpjo6NVW1boEWt][0m -> 2026-08-14T08:28:23.962Z [33mWARN[39m [33m CheerioCrawler:[39m Reclaiming failed request back to the list or queue. Failed to parse TikTok response: Unexpected end of JSON input --- https://www.tiktok.com/@chalita_mungkhot
[36m[apify.tiktok-profile-scraper runId:vFNFpjo6NVW1boEWt][0m -> 2026-08-14T08:28:23.964Z     at makeWebApiCall (file:///home/myuser/dist/src/tools/api/web/make-web-api-call.js:114:23)[90m {"id":"nFJ8MIRdCgCZHo6","url":"https://www.tiktok.com/@chalita_mungkhot","retryCount":7}[39m
[36m[apify.tiktok-profile-scraper runId:vFNFpjo6NVW1boEWt][0m -> 2026-08-14T08:28:23.965Z [33mWARN[39m [33m CheerioCrawler:[39m Reclaiming failed request back to the list or queue. Failed to send API request with exit code: CURLE_RECV_ERROR (56), retrying
[36m[apify.tiktok-profile-scraper runId:vFNFpjo6NVW1boEWt][0m -> 2026-08-14T08:28:23.967Z     at async sendCurlRequest (file:///home/myuser/dist/src/tools/api/curl-request.js:27:43)[90m {"id":"CrgCJMIdrftG3wy","url":"https://www.tiktok.com/@n_kacha629","retryCount":8}[39m
[36m[apify.tiktok-profile-scraper runId:vFNFpjo6NVW1boEWt][0m -> 2026-08-14T08:28:23.975Z [33mWARN[39m [33m CheerioCrawler:[39m Reclaiming failed request back to the list or queue. Failed to send API request with exit code: CURLE_RECV_ERROR (56), retrying
[36m[apify.tiktok-profile-scraper runId:vFNFpjo6NVW1boEWt][0m -> 2026-08-14T08:28:23.977Z     at async sendCurlRequest (file:///home/myuser/dist/src/tools/api/curl-request.js:27:43)[90m {"id":"ACf0T1QAYNSEGrf","url":"https://www.tiktok.com/@chalita_mungkhot","retryCount":9}[39m
[36m[apify.tiktok-profile-scraper runId:vFNFpjo6NVW1boEWt][0m -> 2026-08-14T08:28:23.988Z [33mWARN[39m [33m CheerioCrawler:[39m Reclaiming failed request back to the list or queue. Failed to send API request with exit code: CURLE_RECV_ERROR (56), retrying
[36m[apify.tiktok-profile-scraper runId:vFNFpjo6NVW1boEWt][0m -> 2026-08-14T08:28:23.990Z     at async sendCurlRequest (file:///home/myuser/dist/src/tools/api/curl-request.js:27:43)[90m {"id":"ZBEWRiNN8xmOXrb","url":"https://www.tiktok.com/@n_kacha629","retryCount":8}[39m
[36m[apify.tiktok-profile-scraper runId:vFNFpjo6NVW1boEWt][0m -> 2026-08-14T08:28:24.380Z [33mWARN[39m [33m CheerioCrawler:[39m Reclaiming failed request back to the list or queue. Failed to send API request with exit code: CURLE_RECV_ERROR (56), retrying
[36m[apify.tiktok-profile-scraper runId:vFNFpjo6NVW1boEWt][0m -> 2026-08-14T08:28:24.382Z     at async sendCurlRequest (file:///home/myuser/dist/src/tools/api/curl-request.js:27:43)[90m {"id":"sKJUGHboW3bPwEw","url":"https://www.tiktok.com/@wannaphainta2542","retryCount":9}[39m
[36m[apify.tiktok-profile-scraper runId:vFNFpjo6NVW1boEWt][0m -> 2026-08-14T08:28:24.384Z [33mWARN[39m [33m CheerioCrawler:[39m Reclaiming failed request back to the list or queue. Failed to parse TikTok response: Unexpected end of JSON input --- https://www.tiktok.com/@noonanduanglada
[36m[apify.tiktok-profile-scraper runId:vFNFpjo6NVW1boEWt][0m -> 2026-08-14T08:28:24.386Z     at makeWebApiCall (file:///home/myuser/dist/src/tools/api/web/make-web-api-call.js:114:23)[90m {"id":"zcLioExri2lTNhL","url":"https://www.tiktok.com/@noonanduanglada","retryCount":8}[39m
[36m[apify.tiktok-profile-scraper runId:vFNFpjo6NVW1boEWt][0m -> 2026-08-14T08:28:24.442Z [33mWARN[39m [33m CheerioCrawler:[39m Reclaiming failed request back to the list or queue. Failed to send API request with exit code: CURLE_RECV_ERROR (56), retrying
[36m[apify.tiktok-profile-scraper runId:vFNFpjo6NVW1boEWt][0m -> 2026-08-14T08:28:24.443Z     at async sendCurlRequest (file:///home/myuser/dist/src/tools/api/curl-request.js:27:43)[90m {"id":"WpJ6qIGEMOc1jPO","url":"https://www.tiktok.com/@noonanduanglada","retryCount":9}[39m
[36m[apify.tiktok-profile-scraper runId:vFNFpjo6NVW1boEWt][0m -> 2026-08-14T08:28:24.445Z [33mWARN[39m [33m CheerioCrawler:[39m Reclaiming failed request back to the list or queue. Failed to send API request with exit code: CURLE_RECV_ERROR (56), retrying
[36m[apify.tiktok-profile-scraper runId:vFNFpjo6NVW1boEWt][0m -> 2026-08-14T08:28:24.447Z     at async sendCurlRequest (file:///home/myuser/dist/src/tools/api/curl-request.js:27:43)[90m {"id":"Owmv1PoJcWfUjZu","url":"https://www.tiktok.com/@noonanduanglada","retryCount":8}[39m
[36m[apify.tiktok-profile-scraper runId:vFNFpjo6NVW1boEWt][0m -> 2026-08-14T08:28:24.449Z [33mWARN[39m [33m CheerioCrawler:[39m Reclaiming failed request back to the list or queue. Failed to send API request with exit code: CURLE_RECV_ERROR (56), retrying
[36m[apify.tiktok-profile-scraper runId:vFNFpjo6NVW1boEWt][0m -> 2026-08-14T08:28:24.450Z     at async sendCurlRequest (file:///home/myuser/dist/src/tools/api/curl-request.js:27:43)[90m {"id":"gW1rR1p3i9Qk4mn","url":"https://www.tiktok.com/@chalita_mungkhot","retryCount":9}[39m
[36m[apify.tiktok-profile-scraper runId:vFNFpjo6NVW1boEWt][0m -> 2026-08-14T08:28:24.452Z [33mWARN[39m [33m CheerioCrawler:[39m Reclaiming failed request back to the list or queue. Failed to send API request with exit code: CURLE_RECV_ERROR (56), retrying
[36m[apify.tiktok-profile-scraper runId:vFNFpjo6NVW1boEWt][0m -> 2026-08-14T08:28:24.453Z     at async sendCurlRequest (file:///home/myuser/dist/src/tools/api/curl-request.js:27:43)[90m {"id":"R1QJu9Id5jXOPSc","url":"https://www.tiktok.com/@n_kacha629","retryCount":9}[39m
[36m[apify.tiktok-profile-scraper runId:vFNFpjo6NVW1boEWt][0m -> 2026-08-14T08:28:24.668Z [33mWARN[39m [33m CheerioCrawler:[39m Reclaiming failed request back to the list or queue. Failed to parse TikTok response: Unexpected end of JSON input --- https://www.tiktok.com/@wannaphainta2542
[36m[apify.tiktok-profile-scraper runId:vFNFpjo6NVW1boEWt][0m -> 2026-08-14T08:28:24.674Z     at makeWebApiCall (file:///home/myuser/dist/src/tools/api/web/make-web-api-call.js:114:23)[90m {"id":"3r5Qt4ost9Ml6yu","url":"https://www.tiktok.com/@wannaphainta2542","retryCount":9}[39m
[36m[apify.tiktok-profile-scraper runId:vFNFpjo6NVW1boEWt][0m -> 2026-08-14T08:28:24.676Z [33mWARN[39m [33m CheerioCrawler:[39m Reclaiming failed request back to the list or queue. Failed to send API request with exit code: CURLE_RECV_ERROR (56), retrying
[36m[apify.tiktok-profile-scraper runId:vFNFpjo6NVW1boEWt][0m -> 2026-08-14T08:28:24.679Z     at async sendCurlRequest (file:///home/myuser/dist/src/tools/api/curl-request.js:27:43)[90m {"id":"7zbGL8qM5FZDzhs","url":"https://www.tiktok.com/@pitch_087","retryCount":9}[39m
[36m[apify.tiktok-profile-scraper runId:vFNFpjo6NVW1boEWt][0m -> 2026-08-14T08:28:24.681Z [33mWARN[39m [33m CheerioCrawler:[39m Reclaiming failed request back to the list or queue. Failed to send API request with exit code: CURLE_RECV_ERROR (56), retrying
[36m[apify.tiktok-profile-scraper runId:vFNFpjo6NVW1boEWt][0m -> 2026-08-14T08:28:24.683Z     at async sendCurlRequest (file:///home/myuser/dist/src/tools/api/curl-request.js:27:43)[90m {"id":"Dgkt46rfEYUcOSI","url":"https://www.tiktok.com/@wannaphainta2542","retryCount":9}[39m
[36m[apify.tiktok-profile-scraper runId:vFNFpjo6NVW1boEWt][0m -> 2026-08-14T08:28:24.713Z [33mWARN[39m [33m CheerioCrawler:[39m Reclaiming failed request back to the list or queue. Failed to send API request with exit code: CURLE_RECV_ERROR (56), retrying
[36m[apify.tiktok-profile-scraper runId:vFNFpjo6NVW1boEWt][0m -> 2026-08-14T08:28:24.715Z     at async sendCurlRequest (file:///home/myuser/dist/src/tools/api/curl-request.js:27:43)[90m {"id":"3FEazC61h0Tcej7","url":"https://www.tiktok.com/@n_kacha629","retryCount":9}[39m
[36m[apify.tiktok-profile-scraper runId:vFNFpjo6NVW1boEWt][0m -> 2026-08-14T08:28:24.753Z [33mWARN[39m [33m CheerioCrawler:[39m Reclaiming failed request back to the list or queue. Failed to send API request with exit code: CURLE_RECV_ERROR (56), retrying
[36m[apify.tiktok-profile-scraper runId:vFNFpjo6NVW1boEWt][0m -> 2026-08-14T08:28:24.755Z     at async sendCurlRequest (file:///home/myuser/dist/src/tools/api/curl-request.js:27:43)[90m {"id":"FLwEcz7FMbnvYuA","url":"https://www.tiktok.com/@pitch_087","retryCount":9}[39m
[36m[apify.tiktok-profile-scraper runId:vFNFpjo6NVW1boEWt][0m -> 2026-08-14T08:28:24.757Z [33mWARN[39m [33m CheerioCrawler:[39m Reclaiming failed request back to the list or queue. Failed to send API request with exit code: CURLE_RECV_ERROR (56), retrying
[36m[apify.tiktok-profile-scraper runId:vFNFpjo6NVW1boEWt][0m -> 2026-08-14T08:28:24.758Z     at async sendCurlRequest (file:///home/myuser/dist/src/tools/api/curl-request.js:27:43)[90m {"id":"rRZQ8kywLGQaOnb","url":"https://www.tiktok.com/@pitch_087","retryCount":8}[39m
[36m[apify.tiktok-profile-scraper runId:vFNFpjo6NVW1boEWt][0m -> 2026-08-14T08:28:25.157Z [33mWARN[39m [33m CheerioCrawler:[39m Reclaiming failed request back to the list or queue. Failed to send API request with exit code: CURLE_RECV_ERROR (56), retrying
[36m[apify.tiktok-profile-scraper runId:vFNFpjo6NVW1boEWt][0m -> 2026-08-14T08:28:25.160Z     at async sendCurlRequest (file:///home/myuser/dist/src/tools/api/curl-request.js:27:43)[90m {"id":"YoUBrJLs1YBjNON","url":"https://www.tiktok.com/@chalita_mungkhot","retryCount":9}[39m
[36m[apify.tiktok-profile-scraper runId:vFNFpjo6NVW1boEWt][0m -> 2026-08-14T08:28:25.235Z [33mWARN[39m [33m CheerioCrawler:[39m Reclaiming failed request back to the list or queue. Failed to send API request with exit code: CURLE_RECV_ERROR (56), retrying
[36m[apify.tiktok-profile-scraper runId:vFNFpjo6NVW1boEWt][0m -> 2026-08-14T08:28:25.236Z     at async sendCurlRequest (file:///home/myuser/dist/src/tools/api/curl-request.js:27:43)[90m {"id":"PsSFe8QjBPyipYY","url":"https://www.tiktok.com/@wannaphainta2542","retryCount":8}[39m
[36m[apify.tiktok-profile-scraper runId:vFNFpjo6NVW1boEWt][0m -> 2026-08-14T08:28:25.239Z [33mWARN[39m [33m CheerioCrawler:[39m Reclaiming failed request back to the list or queue. Failed to send API request with exit code: CURLE_RECV_ERROR (56), retrying
[36m[apify.tiktok-profile-scraper runId:vFNFpjo6NVW1boEWt][0m -> 2026-08-14T08:28:25.241Z     at async sendCurlRequest (file:///home/myuser/dist/src/tools/api/curl-request.js:27:43)[90m {"id":"hyxJveyRxoclL1o","url":"https://www.tiktok.com/@noonanduanglada","retryCount":9}[39m
[36m[apify.tiktok-profile-scraper runId:vFNFpjo6NVW1boEWt][0m -> 2026-08-14T08:28:25.243Z [33mWARN[39m [33m CheerioCrawler:[39m Reclaiming failed request back to the list or queue. Failed to parse TikTok response: Unexpected end of JSON input --- https://www.tiktok.com/@noonanduanglada
[36m[apify.tiktok-profile-scraper runId:vFNFpjo6NVW1boEWt][0m -> 2026-08-14T08:28:25.245Z     at makeWebApiCall (file:///home/myuser/dist/src/tools/api/web/make-web-api-call.js:114:23)[90m {"id":"fyi24wwk2n5N4cl","url":"https://www.tiktok.com/@noonanduanglada","retryCount":8}[39m
[36m[apify.tiktok-profile-scraper runId:vFNFpjo6NVW1boEWt][0m -> 2026-08-14T08:28:25.247Z [33mWARN[39m [33m CheerioCrawler:[39m Reclaiming failed request back to the list or queue. Failed to send API request with exit code: CURLE_RECV_ERROR (56), retrying
[36m[apify.tiktok-profile-scraper runId:vFNFpjo6NVW1boEWt][0m -> 2026-08-14T08:28:25.249Z     at async sendCurlRequest (file:///home/myuser/dist/src/tools/api/curl-request.js:27:43)[90m {"id":"f7O9HO4qXIEc8Sc","url":"https://www.tiktok.com/@pitch_087","retryCount":9}[39m
[36m[apify.tiktok-profile-scraper runId:vFNFpjo6NVW1boEWt][0m -> 2026-08-14T08:28:25.889Z [33mWARN[39m [33m CheerioCrawler:[39m Reclaiming failed request back to the list or queue. Failed to send API request with exit code: CURLE_RECV_ERROR (56), retrying
[36m[apify.tiktok-profile-scraper runId:vFNFpjo6NVW1boEWt][0m -> 2026-08-14T08:28:25.891Z     at async sendCurlRequest (file:///home/myuser/dist/src/tools/api/curl-request.js:27:43)[90m {"id":"5clOpkLREKf8EH1","url":"https://www.tiktok.com/@chalita_mungkhot","retryCount":10}[39m
[36m[apify.tiktok-profile-scraper runId:vFNFpjo6NVW1boEWt][0m -> 2026-08-14T08:28:27.155Z [33mWARN[39m [33m CheerioCrawler:[39m Reclaiming failed request back to the list or queue. Failed to send API request with exit code: CURLE_RECV_ERROR (56), retrying
[36m[apify.tiktok-profile-scraper runId:vFNFpjo6NVW1boEWt][0m -> 2026-08-14T08:28:27.157Z     at async sendCurlRequest (file:///home/myuser/dist/src/tools/api/curl-request.js:27:43)[90m {"id":"DrX7PJcrX2E9CLp","url":"https://www.tiktok.com/@wannaphainta2542","retryCount":9}[39m
[36m[apify.tiktok-profile-scraper runId:vFNFpjo6NVW1boEWt][0m -> 2026-08-14T08:28:27.159Z [33mWARN[39m [33m CheerioCrawler:[39m Reclaiming failed request back to the list or queue. Failed to send API request with exit code: CURLE_RECV_ERROR (56), retrying
[36m[apify.tiktok-profile-scraper runId:vFNFpjo6NVW1boEWt][0m -> 2026-08-14T08:28:27.161Z     at async sendCurlRequest (file:///home/myuser/dist/src/tools/api/curl-request.js:27:43)[90m {"id":"IkWZjS3Sbqr98Xg","url":"https://www.tiktok.com/@pitch_087","retryCount":9}[39m
[36m[apify.tiktok-profile-scraper runId:vFNFpjo6NVW1boEWt][0m -> 2026-08-14T08:28:27.554Z [33mWARN[39m [33m CheerioCrawler:[39m Reclaiming failed request back to the list or queue. Failed to send API request with exit code: CURLE_RECV_ERROR (56), retrying
[36m[apify.tiktok-profile-scraper runId:vFNFpjo6NVW1boEWt][0m -> 2026-08-14T08:28:27.556Z     at async sendCurlRequest (file:///home/myuser/dist/src/tools/api/curl-request.js:27:43)[90m {"id":"ZBEWRiNN8xmOXrb","url":"https://www.tiktok.com/@n_kacha629","retryCount":9}[39m
[36m[apify.tiktok-profile-scraper runId:vFNFpjo6NVW1boEWt][0m -> 2026-08-14T08:28:27.557Z [33mWARN[39m [33m CheerioCrawler:[39m Reclaiming failed request back to the list or queue. Failed to send API request with exit code: CURLE_RECV_ERROR (56), retrying
[36m[apify.tiktok-profile-scraper runId:vFNFpjo6NVW1boEWt][0m -> 2026-08-14T08:28:27.559Z     at async sendCurlRequest (file:///home/myuser/dist/src/tools/api/curl-request.js:27:43)[90m {"id":"nFJ8MIRdCgCZHo6","url":"https://www.tiktok.com/@chalita_mungkhot","retryCount":8}[39m
[36m[apify.tiktok-profile-scraper runId:vFNFpjo6NVW1boEWt][0m -> 2026-08-14T08:28:27.560Z [33mWARN[39m [33m CheerioCrawler:[39m Reclaiming failed request back to the list or queue. Failed to send API request with exit code: CURLE_RECV_ERROR (56), retrying
[36m[apify.tiktok-profile-scraper runId:vFNFpjo6NVW1boEWt][0m -> 2026-08-14T08:28:27.562Z     at async sendCurlRequest (file:///home/myuser/dist/src/tools/api/curl-request.js:27:43)[90m {"id":"ACf0T1QAYNSEGrf","url":"https://www.tiktok.com/@chalita_mungkhot","retryCount":10}[39m
[36m[apify.tiktok-profile-scraper runId:vFNFpjo6NVW1boEWt][0m -> 2026-08-14T08:28:27.564Z [33mWARN[39m [33m CheerioCrawler:[39m Reclaiming failed request back to the list or queue. Failed to send API request with exit code: CURLE_RECV_ERROR (56), retrying
[36m[apify.tiktok-profile-scraper runId:vFNFpjo6NVW1boEWt][0m -> 2026-08-14T08:28:27.566Z     at async sendCurlRequest (file:///home/myuser/dist/src/tools/api/curl-request.js:27:43)[90m {"id":"CrgCJMIdrftG3wy","url":"https://www.tiktok.com/@n_kacha629","retryCount":9}[39m
[36m[apify.tiktok-profile-scraper runId:vFNFpjo6NVW1boEWt][0m -> 2026-08-14T08:28:27.872Z [33mWARN[39m [33m CheerioCrawler:[39m Reclaiming failed request back to the list or queue. Failed to send API request with exit code: CURLE_RECV_ERROR (56), retrying
[36m[apify.tiktok-profile-scraper runId:vFNFpjo6NVW1boEWt][0m -> 2026-08-14T08:28:27.873Z     at async sendCurlRequest (file:///home/myuser/dist/src/tools/api/curl-request.js:27:43)[90m {"id":"sKJUGHboW3bPwEw","url":"https://www.tiktok.com/@wannaphainta2542","retryCount":10}[39m
[36m[apify.tiktok-profile-scraper runId:vFNFpjo6NVW1boEWt][0m -> 2026-08-14T08:28:27.902Z [33mWARN[39m [33m CheerioCrawler:[39m Reclaiming failed request back to the list or queue. Failed to send API request with exit code: CURLE_RECV_ERROR (56), retrying
[36m[apify.tiktok-profile-scraper runId:vFNFpjo6NVW1boEWt][0m -> 2026-08-14T08:28:27.903Z     at async sendCurlRequest (file:///home/myuser/dist/src/tools/api/curl-request.js:27:43)[90m {"id":"Owmv1PoJcWfUjZu","url":"https://www.tiktok.com/@noonanduanglada","retryCount":9}[39m
[36m[apify.tiktok-profile-scraper runId:vFNFpjo6NVW1boEWt][0m -> 2026-08-14T08:28:27.905Z [33mWARN[39m [33m CheerioCrawler:[39m Reclaiming failed request back to the list or queue. Failed to send API request with exit code: CURLE_RECV_ERROR (56), retrying
[36m[apify.tiktok-profile-scraper runId:vFNFpjo6NVW1boEWt][0m -> 2026-08-14T08:28:27.908Z     at async sendCurlRequest (file:///home/myuser/dist/src/tools/api/curl-request.js:27:43)[90m {"id":"zcLioExri2lTNhL","url":"https://www.tiktok.com/@noonanduanglada","retryCount":9}[39m
[36m[apify.tiktok-profile-scraper runId:vFNFpjo6NVW1boEWt][0m -> 2026-08-14T08:28:28.042Z [33mWARN[39m [33m CheerioCrawler:[39m Reclaiming failed request back to the list or queue. Failed to send API request with exit code: CURLE_RECV_ERROR (56), retrying
[36m[apify.tiktok-profile-scraper runId:vFNFpjo6NVW1boEWt][0m -> 2026-08-14T08:28:28.044Z     at async sendCurlRequest (file:///home/myuser/dist/src/tools/api/curl-request.js:27:43)[90m {"id":"WpJ6qIGEMOc1jPO","url":"https://www.tiktok.com/@noonanduanglada","retryCount":10}[39m
[36m[apify.tiktok-profile-scraper runId:vFNFpjo6NVW1boEWt][0m -> 2026-08-14T08:28:28.182Z [33mWARN[39m [33m CheerioCrawler:[39m Reclaiming failed request back to the list or queue. Failed to send API request with exit code: CURLE_RECV_ERROR (56), retrying
[36m[apify.tiktok-profile-scraper runId:vFNFpjo6NVW1boEWt][0m -> 2026-08-14T08:28:28.188Z     at async sendCurlRequest (file:///home/myuser/dist/src/tools/api/curl-request.js:27:43)[90m {"id":"R1QJu9Id5jXOPSc","url":"https://www.tiktok.com/@n_kacha629","retryCount":10}[39m
[36m[apify.tiktok-profile-scraper runId:vFNFpjo6NVW1boEWt][0m -> 2026-08-14T08:28:28.190Z [33mWARN[39m [33m CheerioCrawler:[39m Reclaiming failed request back to the list or queue. Failed to send API request with exit code: CURLE_RECV_ERROR (56), retrying
[36m[apify.tiktok-profile-scraper runId:vFNFpjo6NVW1boEWt][0m -> 2026-08-14T08:28:28.192Z     at async sendCurlRequest (file:///home/myuser/dist/src/tools/api/curl-request.js:27:43)[90m {"id":"3r5Qt4ost9Ml6yu","url":"https://www.tiktok.com/@wannaphainta2542","retryCount":10}[39m
[36m[apify.tiktok-profile-scraper runId:vFNFpjo6NVW1boEWt][0m -> 2026-08-14T08:28:28.194Z [33mWARN[39m [33m CheerioCrawler:[39m Reclaiming failed request back to the list or queue. Failed to send API request with exit code: CURLE_RECV_ERROR (56), retrying
[36m[apify.tiktok-profile-scraper runId:vFNFpjo6NVW1boEWt][0m -> 2026-08-14T08:28:28.196Z     at async sendCurlRequest (file:///home/myuser/dist/src/tools/api/curl-request.js:27:43)[90m {"id":"gW1rR1p3i9Qk4mn","url":"https://www.tiktok.com/@chalita_mungkhot","retryCount":10}[39m
[36m[apify.tiktok-profile-scraper runId:vFNFpjo6NVW1boEWt][0m -> 2026-08-14T08:28:28.198Z [33mWARN[39m [33m CheerioCrawler:[39m Reclaiming failed request back to the list or queue. Failed to send API request with exit code: CURLE_RECV_ERROR (56), retrying
[36m[apify.tiktok-profile-scraper runId:vFNFpjo6NVW1boEWt][0m -> 2026-08-14T08:28:28.199Z     at async sendCurlRequest (file:///home/myuser/dist/src/tools/api/curl-request.js:27:43)[90m {"id":"7zbGL8qM5FZDzhs","url":"https://www.tiktok.com/@pitch_087","retryCount":10}[39m
[36m[apify.tiktok-profile-scraper runId:vFNFpjo6NVW1boEWt][0m -> 2026-08-14T08:28:28.201Z [33mWARN[39m [33m CheerioCrawler:[39m Reclaiming failed request back to the list or queue. Failed to send API request with exit code: CURLE_RECV_ERROR (56), retrying
[36m[apify.tiktok-profile-scraper runId:vFNFpjo6NVW1boEWt][0m -> 2026-08-14T08:28:28.202Z     at async sendCurlRequest (file:///home/myuser/dist/src/tools/api/curl-request.js:27:43)[90m {"id":"3FEazC61h0Tcej7","url":"https://www.tiktok.com/@n_kacha629","retryCount":10}[39m
[36m[apify.tiktok-profile-scraper runId:vFNFpjo6NVW1boEWt][0m -> 2026-08-14T08:28:28.204Z [33mWARN[39m [33m CheerioCrawler:[39m Reclaiming failed request back to the list or queue. Failed to send API request with exit code: CURLE_RECV_ERROR (56), retrying
[36m[apify.tiktok-profile-scraper runId:vFNFpjo6NVW1boEWt][0m -> 2026-08-14T08:28:28.206Z     at async sendCurlRequest (file:///home/myuser/dist/src/tools/api/curl-request.js:27:43)[90m {"id":"Dgkt46rfEYUcOSI","url":"https://www.tiktok.com/@wannaphainta2542","retryCount":10}[39m
[36m[apify.tiktok-profile-scraper runId:vFNFpjo6NVW1boEWt][0m -> 2026-08-14T08:28:28.441Z [33mWARN[39m [33m CheerioCrawler:[39m Reclaiming failed request back to the list or queue. Failed to send API request with exit code: CURLE_RECV_ERROR (56), retrying
[36m[apify.tiktok-profile-scraper runId:vFNFpjo6NVW1boEWt][0m -> 2026-08-14T08:28:28.443Z     at async sendCurlRequest (file:///home/myuser/dist/src/tools/api/curl-request.js:27:43)[90m {"id":"rRZQ8kywLGQaOnb","url":"https://www.tiktok.com/@pitch_087","retryCount":9}[39m
[36m[apify.tiktok-profile-scraper runId:vFNFpjo6NVW1boEWt][0m -> 2026-08-14T08:28:28.472Z [33mWARN[39m [33m CheerioCrawler:[39m Reclaiming failed request back to the list or queue. Failed to send API request with exit code: CURLE_RECV_ERROR (56), retrying
[36m[apify.tiktok-profile-scraper runId:vFNFpjo6NVW1boEWt][0m -> 2026-08-14T08:28:28.476Z     at async sendCurlRequest (file:///home/myuser/dist/src/tools/api/curl-request.js:27:43)[90m {"id":"FLwEcz7FMbnvYuA","url":"https://www.tiktok.com/@pitch_087","retryCount":10}[39m
[36m[apify.tiktok-profile-scraper runId:vFNFpjo6NVW1boEWt][0m -> 2026-08-14T08:28:28.641Z [33mWARN[39m [33m CheerioCrawler:[39m Reclaiming failed request back to the list or queue. Failed to send API request with exit code: CURLE_RECV_ERROR (56), retrying
[36m[apify.tiktok-profile-scraper runId:vFNFpjo6NVW1boEWt][0m -> 2026-08-14T08:28:28.643Z     at async sendCurlRequest (file:///home/myuser/dist/src/tools/api/curl-request.js:27:43)[90m {"id":"fyi24wwk2n5N4cl","url":"https://www.tiktok.com/@noonanduanglada","retryCount":9}[39m
[36m[apify.tiktok-profile-scraper runId:vFNFpjo6NVW1boEWt][0m -> 2026-08-14T08:28:28.838Z [33mWARN[39m [33m CheerioCrawler:[39m Reclaiming failed request back to the list or queue. Failed to send API request with exit code: CURLE_RECV_ERROR (56), retrying
[36m[apify.tiktok-profile-scraper runId:vFNFpjo6NVW1boEWt][0m -> 2026-08-14T08:28:28.839Z     at async sendCurlRequest (file:///home/myuser/dist/src/tools/api/curl-request.js:27:43)[90m {"id":"f7O9HO4qXIEc8Sc","url":"https://www.tiktok.com/@pitch_087","retryCount":10}[39m
[36m[apify.tiktok-profile-scraper runId:vFNFpjo6NVW1boEWt][0m -> 2026-08-14T08:28:28.841Z [33mWARN[39m [33m CheerioCrawler:[39m Reclaiming failed request back to the list or queue. Failed to send API request with exit code: CURLE_RECV_ERROR (56), retrying
[36m[apify.tiktok-profile-scraper runId:vFNFpjo6NVW1boEWt][0m -> 2026-08-14T08:28:28.843Z     at async sendCurlRequest (file:///home/myuser/dist/src/tools/api/curl-request.js:27:43)[90m {"id":"hyxJveyRxoclL1o","url":"https://www.tiktok.com/@noonanduanglada","retryCount":10}[39m
[36m[apify.tiktok-profile-scraper runId:vFNFpjo6NVW1boEWt][0m -> 2026-08-14T08:28:28.844Z [33mWARN[39m [33m CheerioCrawler:[39m Reclaiming failed request back to the list or queue. Failed to send API request with exit code: CURLE_RECV_ERROR (56), retrying
[36m[apify.tiktok-profile-scraper runId:vFNFpjo6NVW1boEWt][0m -> 2026-08-14T08:28:28.846Z     at async sendCurlRequest (file:///home/myuser/dist/src/tools/api/curl-request.js:27:43)[90m {"id":"PsSFe8QjBPyipYY","url":"https://www.tiktok.com/@wannaphainta2542","retryCount":9}[39m
[36m[apify.tiktok-profile-scraper runId:vFNFpjo6NVW1boEWt][0m -> 2026-08-14T08:28:28.847Z [33mWARN[39m [33m CheerioCrawler:[39m Reclaiming failed request back to the list or queue. Failed to send API request with exit code: CURLE_RECV_ERROR (56), retrying
[36m[apify.tiktok-profile-scraper runId:vFNFpjo6NVW1boEWt][0m -> 2026-08-14T08:28:28.849Z     at async sendCurlRequest (file:///home/myuser/dist/src/tools/api/curl-request.js:27:43)[90m {"id":"YoUBrJLs1YBjNON","url":"https://www.tiktok.com/@chalita_mungkhot","retryCount":10}[39m
[36m[apify.tiktok-profile-scraper runId:vFNFpjo6NVW1boEWt][0m -> 2026-08-14T08:28:29.141Z [32mINFO[39m  [Status message]: Scraped 1/5 profiles
[36m[apify.tiktok-profile-scraper runId:vFNFpjo6NVW1boEWt][0m -> 2026-08-14T08:28:29.413Z [33mWARN[39m [33m CheerioCrawler:[39m Reclaiming failed request back to the list or queue. Failed to send API request with exit code: CURLE_RECV_ERROR (56), retrying
[36m[apify.tiktok-profile-scraper runId:vFNFpjo6NVW1boEWt][0m -> Status: RUNNING, Message: Crawled 6/30 pages, 0 failed requests, desired concurrency 13.
[36m[apify.tiktok-profile-scraper runId:vFNFpjo6NVW1boEWt][0m -> 2026-08-14T08:28:29.416Z     at async sendCurlRequest (file:///home/myuser/dist/src/tools/api/curl-request.js:27:43)[90m {"id":"5clOpkLREKf8EH1","url":"https://www.tiktok.com/@chalita_mungkhot","retryCount":11}[39m
[36m[apify.tiktok-profile-scraper runId:vFNFpjo6NVW1boEWt][0m -> 2026-08-14T08:28:33.737Z [33mWARN[39m [33m CheerioCrawler:[39m Reclaiming failed request back to the list or queue. Failed to parse TikTok response: Unexpected end of JSON input --- https://www.tiktok.com/@pitch_087
[36m[apify.tiktok-profile-scraper runId:vFNFpjo6NVW1boEWt][0m -> 2026-08-14T08:28:33.739Z     at makeWebApiCall (file:///home/myuser/dist/src/tools/api/web/make-web-api-call.js:114:23)[90m {"id":"IkWZjS3Sbqr98Xg","url":"https://www.tiktok.com/@pitch_087","retryCount":10}[39m
[36m[apify.tiktok-profile-scraper runId:vFNFpjo6NVW1boEWt][0m -> 2026-08-14T08:28:34.760Z [33mWARN[39m [33m CheerioCrawler:[39m Reclaiming failed request back to the list or queue. Failed to parse TikTok response: Unexpected end of JSON input --- https://www.tiktok.com/@wannaphainta2542
[36m[apify.tiktok-profile-scraper runId:vFNFpjo6NVW1boEWt][0m -> 2026-08-14T08:28:34.765Z     at makeWebApiCall (file:///home/myuser/dist/src/tools/api/web/make-web-api-call.js:114:23)[90m {"id":"DrX7PJcrX2E9CLp","url":"https://www.tiktok.com/@wannaphainta2542","retryCount":10}[39m
[36m[apify.tiktok-profile-scraper runId:vFNFpjo6NVW1boEWt][0m -> 2026-08-14T08:28:35.406Z [33mWARN[39m [33m CheerioCrawler:[39m Reclaiming failed request back to the list or queue. Failed to parse TikTok response: Unexpected end of JSON input --- https://www.tiktok.com/@n_kacha629
[36m[apify.tiktok-profile-scraper runId:vFNFpjo6NVW1boEWt][0m -> 2026-08-14T08:28:35.408Z     at makeWebApiCall (file:///home/myuser/dist/src/tools/api/web/make-web-api-call.js:114:23)[90m {"id":"3FEazC61h0Tcej7","url":"https://www.tiktok.com/@n_kacha629","retryCount":11}[39m
[36m[apify.tiktok-profile-scraper runId:vFNFpjo6NVW1boEWt][0m -> 2026-08-14T08:28:35.859Z [33mWARN[39m [33m CheerioCrawler:[39m Reclaiming failed request back to the list or queue. Failed to parse TikTok response: Unexpected end of JSON input --- https://www.tiktok.com/@noonanduanglada
[36m[apify.tiktok-profile-scraper runId:vFNFpjo6NVW1boEWt][0m -> 2026-08-14T08:28:35.861Z     at makeWebApiCall (file:///home/myuser/dist/src/tools/api/web/make-web-api-call.js:114:23)[90m {"id":"Owmv1PoJcWfUjZu","url":"https://www.tiktok.com/@noonanduanglada","retryCount":10}[39m
[36m[apify.tiktok-profile-scraper runId:vFNFpjo6NVW1boEWt][0m -> 2026-08-14T08:28:36.143Z [33mWARN[39m [33m CheerioCrawler:[39m Reclaiming failed request back to the list or queue. Failed to parse TikTok response: Unexpected end of JSON input --- https://www.tiktok.com/@pitch_087
[36m[apify.tiktok-profile-scraper runId:vFNFpjo6NVW1boEWt][0m -> 2026-08-14T08:28:36.144Z     at makeWebApiCall (file:///home/myuser/dist/src/tools/api/web/make-web-api-call.js:114:23)[90m {"id":"7zbGL8qM5FZDzhs","url":"https://www.tiktok.com/@pitch_087","retryCount":11}[39m
[36m[apify.tiktok-profile-scraper runId:vFNFpjo6NVW1boEWt][0m -> 2026-08-14T08:28:36.147Z [33mWARN[39m [33m CheerioCrawler:[39m Reclaiming failed request back to the list or queue. Failed to parse TikTok response: Unexpected end of JSON input --- https://www.tiktok.com/@n_kacha629
[36m[apify.tiktok-profile-scraper runId:vFNFpjo6NVW1boEWt][0m -> 2026-08-14T08:28:36.149Z     at makeWebApiCall (file:///home/myuser/dist/src/tools/api/web/make-web-api-call.js:114:23)[90m {"id":"CrgCJMIdrftG3wy","url":"https://www.tiktok.com/@n_kacha629","retryCount":10}[39m
[36m[apify.tiktok-profile-scraper runId:vFNFpjo6NVW1boEWt][0m -> 2026-08-14T08:28:36.464Z [33mWARN[39m [33m CheerioCrawler:[39m Reclaiming failed request back to the list or queue. Failed to parse TikTok response: Unexpected end of JSON input --- https://www.tiktok.com/@chalita_mungkhot
[36m[apify.tiktok-profile-scraper runId:vFNFpjo6NVW1boEWt][0m -> 2026-08-14T08:28:36.465Z     at makeWebApiCall (file:///home/myuser/dist/src/tools/api/web/make-web-api-call.js:114:23)[90m {"id":"ACf0T1QAYNSEGrf","url":"https://www.tiktok.com/@chalita_mungkhot","retryCount":11}[39m
[36m[apify.tiktok-profile-scraper runId:vFNFpjo6NVW1boEWt][0m -> 2026-08-14T08:28:36.547Z [33mWARN[39m [33m CheerioCrawler:[39m Reclaiming failed request back to the list or queue. Failed to parse TikTok response: Unexpected end of JSON input --- https://www.tiktok.com/@wannaphainta2542
[36m[apify.tiktok-profile-scraper runId:vFNFpjo6NVW1boEWt][0m -> 2026-08-14T08:28:36.549Z     at makeWebApiCall (file:///home/myuser/dist/src/tools/api/web/make-web-api-call.js:114:23)[90m {"id":"sKJUGHboW3bPwEw","url":"https://www.tiktok.com/@wannaphainta2542","retryCount":11}[39m
[36m[apify.tiktok-profile-scraper runId:vFNFpjo6NVW1boEWt][0m -> 2026-08-14T08:28:36.609Z [33mWARN[39m [33m CheerioCrawler:[39m Reclaiming failed request back to the list or queue. Failed to parse TikTok response: Unexpected end of JSON input --- https://www.tiktok.com/@n_kacha629
[36m[apify.tiktok-profile-scraper runId:vFNFpjo6NVW1boEWt][0m -> 2026-08-14T08:28:36.611Z     at makeWebApiCall (file:///home/myuser/dist/src/tools/api/web/make-web-api-call.js:114:23)[90m {"id":"ZBEWRiNN8xmOXrb","url":"https://www.tiktok.com/@n_kacha629","retryCount":10}[39m
[36m[apify.tiktok-profile-scraper runId:vFNFpjo6NVW1boEWt][0m -> 2026-08-14T08:28:36.761Z [33mWARN[39m [33m CheerioCrawler:[39m Reclaiming failed request back to the list or queue. Failed to parse TikTok response: Unexpected end of JSON input --- https://www.tiktok.com/@wannaphainta2542
[36m[apify.tiktok-profile-scraper runId:vFNFpjo6NVW1boEWt][0m -> 2026-08-14T08:28:36.763Z     at makeWebApiCall (file:///home/myuser/dist/src/tools/api/web/make-web-api-call.js:114:23)[90m {"id":"Dgkt46rfEYUcOSI","url":"https://www.tiktok.com/@wannaphainta2542","retryCount":11}[39m
[36m[apify.tiktok-profile-scraper runId:vFNFpjo6NVW1boEWt][0m -> 2026-08-14T08:28:36.862Z [33mWARN[39m [33m CheerioCrawler:[39m Reclaiming failed request back to the list or queue. Failed to parse TikTok response: Unexpected end of JSON input --- https://www.tiktok.com/@noonanduanglada
[36m[apify.tiktok-profile-scraper runId:vFNFpjo6NVW1boEWt][0m -> 2026-08-14T08:28:36.864Z     at makeWebApiCall (file:///home/myuser/dist/src/tools/api/web/make-web-api-call.js:114:23)[90m {"id":"zcLioExri2lTNhL","url":"https://www.tiktok.com/@noonanduanglada","retryCount":10}[39m
[36m[apify.tiktok-profile-scraper runId:vFNFpjo6NVW1boEWt][0m -> 2026-08-14T08:28:36.985Z [33mWARN[39m [33m CheerioCrawler:[39m Reclaiming failed request back to the list or queue. Failed to parse TikTok response: Unexpected end of JSON input --- https://www.tiktok.com/@noonanduanglada
[36m[apify.tiktok-profile-scraper runId:vFNFpjo6NVW1boEWt][0m -> 2026-08-14T08:28:36.986Z     at makeWebApiCall (file:///home/myuser/dist/src/tools/api/web/make-web-api-call.js:114:23)[90m {"id":"WpJ6qIGEMOc1jPO","url":"https://www.tiktok.com/@noonanduanglada","retryCount":11}[39m
[36m[apify.tiktok-profile-scraper runId:vFNFpjo6NVW1boEWt][0m -> 2026-08-14T08:28:37.118Z [33mWARN[39m [33m CheerioCrawler:[39m Reclaiming failed request back to the list or queue. Failed to parse TikTok response: Unexpected end of JSON input --- https://www.tiktok.com/@chalita_mungkhot
[36m[apify.tiktok-profile-scraper runId:vFNFpjo6NVW1boEWt][0m -> 2026-08-14T08:28:37.120Z     at makeWebApiCall (file:///home/myuser/dist/src/tools/api/web/make-web-api-call.js:114:23)[90m {"id":"nFJ8MIRdCgCZHo6","url":"https://www.tiktok.com/@chalita_mungkhot","retryCount":9}[39m
[36m[apify.tiktok-profile-scraper runId:vFNFpjo6NVW1boEWt][0m -> 2026-08-14T08:28:37.426Z [33mWARN[39m [33m CheerioCrawler:[39m Reclaiming failed request back to the list or queue. Failed to parse TikTok response: Unexpected end of JSON input --- https://www.tiktok.com/@pitch_087
[36m[apify.tiktok-profile-scraper runId:vFNFpjo6NVW1boEWt][0m -> 2026-08-14T08:28:37.436Z     at makeWebApiCall (file:///home/myuser/dist/src/tools/api/web/make-web-api-call.js:114:23)[90m {"id":"FLwEcz7FMbnvYuA","url":"https://www.tiktok.com/@pitch_087","retryCount":11}[39m
[36m[apify.tiktok-profile-scraper runId:vFNFpjo6NVW1boEWt][0m -> 2026-08-14T08:28:37.884Z [33mWARN[39m [33m CheerioCrawler:[39m Reclaiming failed request back to the list or queue. Failed to parse TikTok response: Unexpected end of JSON input --- https://www.tiktok.com/@chalita_mungkhot
[36m[apify.tiktok-profile-scraper runId:vFNFpjo6NVW1boEWt][0m -> 2026-08-14T08:28:37.886Z     at makeWebApiCall (file:///home/myuser/dist/src/tools/api/web/make-web-api-call.js:114:23)[90m {"id":"gW1rR1p3i9Qk4mn","url":"https://www.tiktok.com/@chalita_mungkhot","retryCount":11}[39m
[36m[apify.tiktok-profile-scraper runId:vFNFpjo6NVW1boEWt][0m -> 2026-08-14T08:28:39.004Z [33mWARN[39m [33m CheerioCrawler:[39m Reclaiming failed request back to the list or queue. Failed to parse TikTok response: Unexpected end of JSON input --- https://www.tiktok.com/@noonanduanglada
[36m[apify.tiktok-profile-scraper runId:vFNFpjo6NVW1boEWt][0m -> 2026-08-14T08:28:39.006Z     at makeWebApiCall (file:///home/myuser/dist/src/tools/api/web/make-web-api-call.js:114:23)[90m {"id":"fyi24wwk2n5N4cl","url":"https://www.tiktok.com/@noonanduanglada","retryCount":10}[39m
[36m[apify.tiktok-profile-scraper runId:vFNFpjo6NVW1boEWt][0m -> 2026-08-14T08:28:39.102Z [32mINFO[39m [33m CheerioCrawler:Statistics:[39m CheerioCrawler request statistics:[90m {"requestAvgFailedDurationMillis":null,"requestAvgFinishedDurationMillis":2227,"requestsFinishedPerMinute":6,"requestsFailedPerMinute":0,"requestTotalDurationMillis":13360,"requestsTotal":6,"crawlerRuntimeMillis":60214,"retryHistogram":[5,null,null,1]}[39m
[36m[apify.tiktok-profile-scraper runId:vFNFpjo6NVW1boEWt][0m -> 2026-08-14T08:28:39.140Z [32mINFO[39m  [Status message]: Scraped 1/5 profiles
[36m[apify.tiktok-profile-scraper runId:vFNFpjo6NVW1boEWt][0m -> 2026-08-14T08:28:39.151Z [32mINFO[39m [33m CheerioCrawler:AutoscaledPool:[39m state[90m {"currentConcurrency":3,"desiredConcurrency":13,"systemStatus":{"isSystemIdle":true,"memInfo":{"isOverloaded":false,"limitRatio":0.2,"actualRatio":0},"eventLoopInfo":{"isOverloaded":false,"limitRatio":0.7,"actualRatio":0},"cpuInfo":{"isOverloaded":false,"limitRatio":0.4,"actualRatio":0.237},"clientInfo":{"isOverloaded":false,"limitRatio":0.3,"actualRatio":0}}}[39m
[36m[apify.tiktok-profile-scraper runId:vFNFpjo6NVW1boEWt][0m -> 2026-08-14T08:28:39.334Z [33mWARN[39m [33m CheerioCrawler:[39m Reclaiming failed request back to the list or queue. Failed to parse TikTok response: Unexpected end of JSON input --- https://www.tiktok.com/@wannaphainta2542
[36m[apify.tiktok-profile-scraper runId:vFNFpjo6NVW1boEWt][0m -> 2026-08-14T08:28:39.336Z     at makeWebApiCall (file:///home/myuser/dist/src/tools/api/web/make-web-api-call.js:114:23)[90m {"id":"3r5Qt4ost9Ml6yu","url":"https://www.tiktok.com/@wannaphainta2542","retryCount":11}[39m
[36m[apify.tiktok-profile-scraper runId:vFNFpjo6NVW1boEWt][0m -> 2026-08-14T08:28:40.739Z [33mWARN[39m [33m CheerioCrawler:[39m Reclaiming failed request back to the list or queue. Failed to parse TikTok response: Unexpected end of JSON input --- https://www.tiktok.com/@n_kacha629
[36m[apify.tiktok-profile-scraper runId:vFNFpjo6NVW1boEWt][0m -> 2026-08-14T08:28:40.741Z     at makeWebApiCall (file:///home/myuser/dist/src/tools/api/web/make-web-api-call.js:114:23)[90m {"id":"R1QJu9Id5jXOPSc","url":"https://www.tiktok.com/@n_kacha629","retryCount":11}[39m
[36m[apify.tiktok-profile-scraper runId:vFNFpjo6NVW1boEWt][0m -> 2026-08-14T08:28:41.646Z [33mWARN[39m [33m CheerioCrawler:[39m Reclaiming failed request back to the list or queue. Failed to parse TikTok response: Unexpected end of JSON input --- https://www.tiktok.com/@n_kacha629
[36m[apify.tiktok-profile-scraper runId:vFNFpjo6NVW1boEWt][0m -> 2026-08-14T08:28:41.648Z     at makeWebApiCall (file:///home/myuser/dist/src/tools/api/web/make-web-api-call.js:114:23)[90m {"id":"CrgCJMIdrftG3wy","url":"https://www.tiktok.com/@n_kacha629","retryCount":11}[39m
[36m[apify.tiktok-profile-scraper runId:vFNFpjo6NVW1boEWt][0m -> 2026-08-14T08:28:41.937Z [33mWARN[39m [33m CheerioCrawler:[39m Reclaiming failed request back to the list or queue. Failed to parse TikTok response: Unexpected end of JSON input --- https://www.tiktok.com/@pitch_087
[36m[apify.tiktok-profile-scraper runId:vFNFpjo6NVW1boEWt][0m -> 2026-08-14T08:28:41.939Z     at makeWebApiCall (file:///home/myuser/dist/src/tools/api/web/make-web-api-call.js:114:23)[90m {"id":"7zbGL8qM5FZDzhs","url":"https://www.tiktok.com/@pitch_087","retryCount":12}[39m
[36m[apify.tiktok-profile-scraper runId:vFNFpjo6NVW1boEWt][0m -> 2026-08-14T08:28:41.948Z [33mWARN[39m [33m CheerioCrawler:[39m Reclaiming failed request back to the list or queue. Failed to parse TikTok response: Unexpected end of JSON input --- https://www.tiktok.com/@chalita_mungkhot
[36m[apify.tiktok-profile-scraper runId:vFNFpjo6NVW1boEWt][0m -> 2026-08-14T08:28:41.950Z     at makeWebApiCall (file:///home/myuser/dist/src/tools/api/web/make-web-api-call.js:114:23)[90m {"id":"YoUBrJLs1YBjNON","url":"https://www.tiktok.com/@chalita_mungkhot","retryCount":11}[39m
[36m[apify.tiktok-profile-scraper runId:vFNFpjo6NVW1boEWt][0m -> 2026-08-14T08:28:42.215Z [33mWARN[39m [33m CheerioCrawler:[39m Reclaiming failed request back to the list or queue. Failed to parse TikTok response: Unexpected end of JSON input --- https://www.tiktok.com/@chalita_mungkhot
[36m[apify.tiktok-profile-scraper runId:vFNFpjo6NVW1boEWt][0m -> 2026-08-14T08:28:42.217Z     at makeWebApiCall (file:///home/myuser/dist/src/tools/api/web/make-web-api-call.js:114:23)[90m {"id":"ACf0T1QAYNSEGrf","url":"https://www.tiktok.com/@chalita_mungkhot","retryCount":12}[39m
[36m[apify.tiktok-profile-scraper runId:vFNFpjo6NVW1boEWt][0m -> 2026-08-14T08:28:42.345Z [33mWARN[39m [33m CheerioCrawler:[39m Reclaiming failed request back to the list or queue. Failed to parse TikTok response: Unexpected end of JSON input --- https://www.tiktok.com/@pitch_087
[36m[apify.tiktok-profile-scraper runId:vFNFpjo6NVW1boEWt][0m -> 2026-08-14T08:28:42.347Z     at makeWebApiCall (file:///home/myuser/dist/src/tools/api/web/make-web-api-call.js:114:23)[90m {"id":"f7O9HO4qXIEc8Sc","url":"https://www.tiktok.com/@pitch_087","retryCount":11}[39m
[36m[apify.tiktok-profile-scraper runId:vFNFpjo6NVW1boEWt][0m -> 2026-08-14T08:28:42.644Z [33mWARN[39m [33m CheerioCrawler:[39m Reclaiming failed request back to the list or queue. Failed to parse TikTok response: Unexpected end of JSON input --- https://www.tiktok.com/@wannaphainta2542
[36m[apify.tiktok-profile-scraper runId:vFNFpjo6NVW1boEWt][0m -> 2026-08-14T08:28:42.645Z     at makeWebApiCall (file:///home/myuser/dist/src/tools/api/web/make-web-api-call.js:114:23)[90m {"id":"sKJUGHboW3bPwEw","url":"https://www.tiktok.com/@wannaphainta2542","retryCount":12}[39m
[36m[apify.tiktok-profile-scraper runId:vFNFpjo6NVW1boEWt][0m -> 2026-08-14T08:28:42.954Z [33mWARN[39m [33m CheerioCrawler:[39m Reclaiming failed request back to the list or queue. Failed to parse TikTok response: Unexpected end of JSON input --- https://www.tiktok.com/@n_kacha629
[36m[apify.tiktok-profile-scraper runId:vFNFpjo6NVW1boEWt][0m -> 2026-08-14T08:28:42.955Z     at makeWebApiCall (file:///home/myuser/dist/src/tools/api/web/make-web-api-call.js:114:23)[90m {"id":"3FEazC61h0Tcej7","url":"https://www.tiktok.com/@n_kacha629","retryCount":12}[39m
[36m[apify.tiktok-profile-scraper runId:vFNFpjo6NVW1boEWt][0m -> 2026-08-14T08:28:43.105Z [33mWARN[39m [33m CheerioCrawler:[39m Reclaiming failed request back to the list or queue. Failed to parse TikTok response: Unexpected end of JSON input --- https://www.tiktok.com/@wannaphainta2542
[36m[apify.tiktok-profile-scraper runId:vFNFpjo6NVW1boEWt][0m -> 2026-08-14T08:28:43.107Z     at makeWebApiCall (file:///home/myuser/dist/src/tools/api/web/make-web-api-call.js:114:23)[90m {"id":"Dgkt46rfEYUcOSI","url":"https://www.tiktok.com/@wannaphainta2542","retryCount":12}[39m
[36m[apify.tiktok-profile-scraper runId:vFNFpjo6NVW1boEWt][0m -> 2026-08-14T08:28:43.206Z [33mWARN[39m [33m CheerioCrawler:[39m Reclaiming failed request back to the list or queue. Failed to parse TikTok response: Unexpected end of JSON input --- https://www.tiktok.com/@n_kacha629
[36m[apify.tiktok-profile-scraper runId:vFNFpjo6NVW1boEWt][0m -> 2026-08-14T08:28:43.209Z     at makeWebApiCall (file:///home/myuser/dist/src/tools/api/web/make-web-api-call.js:114:23)[90m {"id":"ZBEWRiNN8xmOXrb","url":"https://www.tiktok.com/@n_kacha629","retryCount":11}[39m
[36m[apify.tiktok-profile-scraper runId:vFNFpjo6NVW1boEWt][0m -> 2026-08-14T08:28:43.446Z [33mWARN[39m [33m CheerioCrawler:[39m Reclaiming failed request back to the list or queue. Failed to parse TikTok response: Unexpected end of JSON input --- https://www.tiktok.com/@wannaphainta2542
[36m[apify.tiktok-profile-scraper runId:vFNFpjo6NVW1boEWt][0m -> 2026-08-14T08:28:43.449Z     at makeWebApiCall (file:///home/myuser/dist/src/tools/api/web/make-web-api-call.js:114:23)[90m {"id":"DrX7PJcrX2E9CLp","url":"https://www.tiktok.com/@wannaphainta2542","retryCount":11}[39m
[36m[apify.tiktok-profile-scraper runId:vFNFpjo6NVW1boEWt][0m -> 2026-08-14T08:28:43.451Z [33mWARN[39m [33m CheerioCrawler:[39m Reclaiming failed request back to the list or queue. Failed to parse TikTok response: Unexpected end of JSON input --- https://www.tiktok.com/@chalita_mungkhot
[36m[apify.tiktok-profile-scraper runId:vFNFpjo6NVW1boEWt][0m -> 2026-08-14T08:28:43.454Z     at makeWebApiCall (file:///home/myuser/dist/src/tools/api/web/make-web-api-call.js:114:23)[90m {"id":"5clOpkLREKf8EH1","url":"https://www.tiktok.com/@chalita_mungkhot","retryCount":12}[39m
[36m[apify.tiktok-profile-scraper runId:vFNFpjo6NVW1boEWt][0m -> 2026-08-14T08:28:43.624Z [33mWARN[39m [33m CheerioCrawler:[39m Reclaiming failed request back to the list or queue. Failed to parse TikTok response: Unexpected end of JSON input --- https://www.tiktok.com/@noonanduanglada
[36m[apify.tiktok-profile-scraper runId:vFNFpjo6NVW1boEWt][0m -> 2026-08-14T08:28:43.626Z     at makeWebApiCall (file:///home/myuser/dist/src/tools/api/web/make-web-api-call.js:114:23)[90m {"id":"hyxJveyRxoclL1o","url":"https://www.tiktok.com/@noonanduanglada","retryCount":11}[39m
[36m[apify.tiktok-profile-scraper runId:vFNFpjo6NVW1boEWt][0m -> 2026-08-14T08:28:43.962Z [33mWARN[39m [33m CheerioCrawler:[39m Reclaiming failed request back to the list or queue. Failed to parse TikTok response: Unexpected end of JSON input --- https://www.tiktok.com/@noonanduanglada
[36m[apify.tiktok-profile-scraper runId:vFNFpjo6NVW1boEWt][0m -> 2026-08-14T08:28:43.964Z     at makeWebApiCall (file:///home/myuser/dist/src/tools/api/web/make-web-api-call.js:114:23)[90m {"id":"WpJ6qIGEMOc1jPO","url":"https://www.tiktok.com/@noonanduanglada","retryCount":12}[39m
[36m[apify.tiktok-profile-scraper runId:vFNFpjo6NVW1boEWt][0m -> 2026-08-14T08:28:44.422Z [33mWARN[39m [33m CheerioCrawler:[39m Reclaiming failed request back to the list or queue. Failed to parse TikTok response: Unexpected end of JSON input --- https://www.tiktok.com/@noonanduanglada
[36m[apify.tiktok-profile-scraper runId:vFNFpjo6NVW1boEWt][0m -> 2026-08-14T08:28:44.424Z     at makeWebApiCall (file:///home/myuser/dist/src/tools/api/web/make-web-api-call.js:114:23)[90m {"id":"Owmv1PoJcWfUjZu","url":"https://www.tiktok.com/@noonanduanglada","retryCount":11}[39m
[36m[apify.tiktok-profile-scraper runId:vFNFpjo6NVW1boEWt][0m -> 2026-08-14T08:28:44.504Z [33mWARN[39m [33m CheerioCrawler:[39m Reclaiming failed request back to the list or queue. Failed to parse TikTok response: Unexpected end of JSON input --- https://www.tiktok.com/@noonanduanglada
[36m[apify.tiktok-profile-scraper runId:vFNFpjo6NVW1boEWt][0m -> 2026-08-14T08:28:44.506Z     at makeWebApiCall (file:///home/myuser/dist/src/tools/api/web/make-web-api-call.js:114:23)[90m {"id":"zcLioExri2lTNhL","url":"https://www.tiktok.com/@noonanduanglada","retryCount":11}[39m
[36m[apify.tiktok-profile-scraper runId:vFNFpjo6NVW1boEWt][0m -> 2026-08-14T08:28:44.532Z [33mWARN[39m [33m CheerioCrawler:[39m Reclaiming failed request back to the list or queue. Failed to parse TikTok response: Unexpected end of JSON input --- https://www.tiktok.com/@pitch_087
[36m[apify.tiktok-profile-scraper runId:vFNFpjo6NVW1boEWt][0m -> 2026-08-14T08:28:44.534Z     at makeWebApiCall (file:///home/myuser/dist/src/tools/api/web/make-web-api-call.js:114:23)[90m {"id":"rRZQ8kywLGQaOnb","url":"https://www.tiktok.com/@pitch_087","retryCount":10}[39m
[36m[apify.tiktok-profile-scraper runId:vFNFpjo6NVW1boEWt][0m -> 2026-08-14T08:28:44.724Z [33mWARN[39m [33m CheerioCrawler:[39m Reclaiming failed request back to the list or queue. Failed to parse TikTok response: Unexpected end of JSON input --- https://www.tiktok.com/@noonanduanglada
[36m[apify.tiktok-profile-scraper runId:vFNFpjo6NVW1boEWt][0m -> 2026-08-14T08:28:44.726Z     at makeWebApiCall (file:///home/myuser/dist/src/tools/api/web/make-web-api-call.js:114:23)[90m {"id":"fyi24wwk2n5N4cl","url":"https://www.tiktok.com/@noonanduanglada","retryCount":11}[39m
[36m[apify.tiktok-profile-scraper runId:vFNFpjo6NVW1boEWt][0m -> 2026-08-14T08:28:44.917Z [33mWARN[39m [33m CheerioCrawler:[39m Reclaiming failed request back to the list or queue. Failed to parse TikTok response: Unexpected end of JSON input --- https://www.tiktok.com/@wannaphainta2542
[36m[apify.tiktok-profile-scraper runId:vFNFpjo6NVW1boEWt][0m -> 2026-08-14T08:28:44.919Z     at makeWebApiCall (file:///home/myuser/dist/src/tools/api/web/make-web-api-call.js:114:23)[90m {"id":"3r5Qt4ost9Ml6yu","url":"https://www.tiktok.com/@wannaphainta2542","retryCount":12}[39m
[36m[apify.tiktok-profile-scraper runId:vFNFpjo6NVW1boEWt][0m -> 2026-08-14T08:28:45.459Z [33mWARN[39m [33m CheerioCrawler:[39m Reclaiming failed request back to the list or queue. Failed to parse TikTok response: Unexpected end of JSON input --- https://www.tiktok.com/@chalita_mungkhot
[36m[apify.tiktok-profile-scraper runId:vFNFpjo6NVW1boEWt][0m -> 2026-08-14T08:28:45.461Z     at makeWebApiCall (file:///home/myuser/dist/src/tools/api/web/make-web-api-call.js:114:23)[90m {"id":"nFJ8MIRdCgCZHo6","url":"https://www.tiktok.com/@chalita_mungkhot","retryCount":10}[39m
[36m[apify.tiktok-profile-scraper runId:vFNFpjo6NVW1boEWt][0m -> 2026-08-14T08:28:46.109Z [33mWARN[39m [33m CheerioCrawler:[39m Reclaiming failed request back to the list or queue. Failed to parse TikTok response: Unexpected end of JSON input --- https://www.tiktok.com/@n_kacha629
[36m[apify.tiktok-profile-scraper runId:vFNFpjo6NVW1boEWt][0m -> 2026-08-14T08:28:46.112Z     at makeWebApiCall (file:///home/myuser/dist/src/tools/api/web/make-web-api-call.js:114:23)[90m {"id":"CrgCJMIdrftG3wy","url":"https://www.tiktok.com/@n_kacha629","retryCount":12}[39m
[36m[apify.tiktok-profile-scraper runId:vFNFpjo6NVW1boEWt][0m -> 2026-08-14T08:28:46.186Z [33mWARN[39m [33m CheerioCrawler:[39m Reclaiming failed request back to the list or queue. Failed to parse TikTok response: Unexpected end of JSON input --- https://www.tiktok.com/@n_kacha629
[36m[apify.tiktok-profile-scraper runId:vFNFpjo6NVW1boEWt][0m -> 2026-08-14T08:28:46.187Z     at makeWebApiCall (file:///home/myuser/dist/src/tools/api/web/make-web-api-call.js:114:23)[90m {"id":"R1QJu9Id5jXOPSc","url":"https://www.tiktok.com/@n_kacha629","retryCount":12}[39m
[36m[apify.tiktok-profile-scraper runId:vFNFpjo6NVW1boEWt][0m -> 2026-08-14T08:28:46.686Z [33mWARN[39m [33m CheerioCrawler:[39m Reclaiming failed request back to the list or queue. Failed to parse TikTok response: Unexpected end of JSON input --- https://www.tiktok.com/@chalita_mungkhot
[36m[apify.tiktok-profile-scraper runId:vFNFpjo6NVW1boEWt][0m -> 2026-08-14T08:28:46.687Z     at makeWebApiCall (file:///home/myuser/dist/src/tools/api/web/make-web-api-call.js:114:23)[90m {"id":"gW1rR1p3i9Qk4mn","url":"https://www.tiktok.com/@chalita_mungkhot","retryCount":12}[39m
[36m[apify.tiktok-profile-scraper runId:vFNFpjo6NVW1boEWt][0m -> 2026-08-14T08:28:47.032Z [33mWARN[39m [33m CheerioCrawler:[39m Reclaiming failed request back to the list or queue. Failed to parse TikTok response: Unexpected end of JSON input --- https://www.tiktok.com/@pitch_087
[36m[apify.tiktok-profile-scraper runId:vFNFpjo6NVW1boEWt][0m -> 2026-08-14T08:28:47.034Z     at makeWebApiCall (file:///home/myuser/dist/src/tools/api/web/make-web-api-call.js:114:23)[90m {"id":"FLwEcz7FMbnvYuA","url":"https://www.tiktok.com/@pitch_087","retryCount":12}[39m
[36m[apify.tiktok-profile-scraper runId:vFNFpjo6NVW1boEWt][0m -> 2026-08-14T08:28:47.183Z [33mWARN[39m [33m CheerioCrawler:[39m Reclaiming failed request back to the list or queue. Failed to parse TikTok response: Unexpected end of JSON input --- https://www.tiktok.com/@chalita_mungkhot
[36m[apify.tiktok-profile-scraper runId:vFNFpjo6NVW1boEWt][0m -> 2026-08-14T08:28:47.185Z     at makeWebApiCall (file:///home/myuser/dist/src/tools/api/web/make-web-api-call.js:114:23)[90m {"id":"ACf0T1QAYNSEGrf","url":"https://www.tiktok.com/@chalita_mungkhot","retryCount":13}[39m
[36m[apify.tiktok-profile-scraper runId:vFNFpjo6NVW1boEWt][0m -> 2026-08-14T08:28:47.568Z [33mWARN[39m [33m CheerioCrawler:[39m Reclaiming failed request back to the list or queue. Failed to parse TikTok response: Unexpected end of JSON input --- https://www.tiktok.com/@n_kacha629
[36m[apify.tiktok-profile-scraper runId:vFNFpjo6NVW1boEWt][0m -> 2026-08-14T08:28:47.570Z     at makeWebApiCall (file:///home/myuser/dist/src/tools/api/web/make-web-api-call.js:114:23)[90m {"id":"ZBEWRiNN8xmOXrb","url":"https://www.tiktok.com/@n_kacha629","retryCount":12}[39m
[36m[apify.tiktok-profile-scraper runId:vFNFpjo6NVW1boEWt][0m -> 2026-08-14T08:28:47.649Z [33mWARN[39m [33m CheerioCrawler:[39m Reclaiming failed request back to the list or queue. Failed to parse TikTok response: Unexpected end of JSON input --- https://www.tiktok.com/@pitch_087
[36m[apify.tiktok-profile-scraper runId:vFNFpjo6NVW1boEWt][0m -> 2026-08-14T08:28:47.651Z     at makeWebApiCall (file:///home/myuser/dist/src/tools/api/web/make-web-api-call.js:114:23)[90m {"id":"f7O9HO4qXIEc8Sc","url":"https://www.tiktok.com/@pitch_087","retryCount":12}[39m
[36m[apify.tiktok-profile-scraper runId:vFNFpjo6NVW1boEWt][0m -> 2026-08-14T08:28:47.772Z [33mWARN[39m [33m CheerioCrawler:[39m Reclaiming failed request back to the list or queue. Failed to parse TikTok response: Unexpected end of JSON input --- https://www.tiktok.com/@wannaphainta2542
[36m[apify.tiktok-profile-scraper runId:vFNFpjo6NVW1boEWt][0m -> 2026-08-14T08:28:47.774Z     at makeWebApiCall (file:///home/myuser/dist/src/tools/api/web/make-web-api-call.js:114:23)[90m {"id":"DrX7PJcrX2E9CLp","url":"https://www.tiktok.com/@wannaphainta2542","retryCount":12}[39m
[36m[apify.tiktok-profile-scraper runId:vFNFpjo6NVW1boEWt][0m -> 2026-08-14T08:28:47.775Z [33mWARN[39m [33m CheerioCrawler:[39m Reclaiming failed request back to the list or queue. Failed to parse TikTok response: Unexpected end of JSON input --- https://www.tiktok.com/@chalita_mungkhot
[36m[apify.tiktok-profile-scraper runId:vFNFpjo6NVW1boEWt][0m -> 2026-08-14T08:28:47.777Z     at makeWebApiCall (file:///home/myuser/dist/src/tools/api/web/make-web-api-call.js:114:23)[90m {"id":"YoUBrJLs1YBjNON","url":"https://www.tiktok.com/@chalita_mungkhot","retryCount":12}[39m
[36m[apify.tiktok-profile-scraper runId:vFNFpjo6NVW1boEWt][0m -> 2026-08-14T08:28:47.880Z [33mWARN[39m [33m CheerioCrawler:[39m Reclaiming failed request back to the list or queue. Failed to send API request with exit code: CURLE_RECV_ERROR (56), retrying
[36m[apify.tiktok-profile-scraper runId:vFNFpjo6NVW1boEWt][0m -> 2026-08-14T08:28:47.882Z     at async sendCurlRequest (file:///home/myuser/dist/src/tools/api/curl-request.js:27:43)[90m {"id":"zcLioExri2lTNhL","url":"https://www.tiktok.com/@noonanduanglada","retryCount":12}[39m
[36m[apify.tiktok-profile-scraper runId:vFNFpjo6NVW1boEWt][0m -> 2026-08-14T08:28:48.091Z [33mWARN[39m [33m CheerioCrawler:[39m Reclaiming failed request back to the list or queue. Failed to parse TikTok response: Unexpected end of JSON input --- https://www.tiktok.com/@n_kacha629
[36m[apify.tiktok-profile-scraper runId:vFNFpjo6NVW1boEWt][0m -> 2026-08-14T08:28:48.093Z     at makeWebApiCall (file:///home/myuser/dist/src/tools/api/web/make-web-api-call.js:114:23)[90m {"id":"3FEazC61h0Tcej7","url":"https://www.tiktok.com/@n_kacha629","retryCount":13}[39m
[36m[apify.tiktok-profile-scraper runId:vFNFpjo6NVW1boEWt][0m -> 2026-08-14T08:28:48.165Z [33mWARN[39m [33m CheerioCrawler:[39m Reclaiming failed request back to the list or queue. Failed to parse TikTok response: Unexpected end of JSON input --- https://www.tiktok.com/@wannaphainta2542
[36m[apify.tiktok-profile-scraper runId:vFNFpjo6NVW1boEWt][0m -> 2026-08-14T08:28:48.167Z     at makeWebApiCall (file:///home/myuser/dist/src/tools/api/web/make-web-api-call.js:114:23)[90m {"id":"sKJUGHboW3bPwEw","url":"https://www.tiktok.com/@wannaphainta2542","retryCount":13}[39m
[36m[apify.tiktok-profile-scraper runId:vFNFpjo6NVW1boEWt][0m -> 2026-08-14T08:28:48.875Z [33mWARN[39m [33m CheerioCrawler:[39m Reclaiming failed request back to the list or queue. Failed to parse TikTok response: Unexpected end of JSON input --- https://www.tiktok.com/@wannaphainta2542
[36m[apify.tiktok-profile-scraper runId:vFNFpjo6NVW1boEWt][0m -> 2026-08-14T08:28:48.877Z     at makeWebApiCall (file:///home/myuser/dist/src/tools/api/web/make-web-api-call.js:114:23)[90m {"id":"PsSFe8QjBPyipYY","url":"https://www.tiktok.com/@wannaphainta2542","retryCount":10}[39m
[36m[apify.tiktok-profile-scraper runId:vFNFpjo6NVW1boEWt][0m -> 2026-08-14T08:28:48.973Z [33mWARN[39m [33m CheerioCrawler:[39m Reclaiming failed request back to the list or queue. Failed to parse TikTok response: Unexpected end of JSON input --- https://www.tiktok.com/@wannaphainta2542
[36m[apify.tiktok-profile-scraper runId:vFNFpjo6NVW1boEWt][0m -> 2026-08-14T08:28:48.974Z     at makeWebApiCall (file:///home/myuser/dist/src/tools/api/web/make-web-api-call.js:114:23)[90m {"id":"Dgkt46rfEYUcOSI","url":"https://www.tiktok.com/@wannaphainta2542","retryCount":13}[39m
[36m[apify.tiktok-profile-scraper runId:vFNFpjo6NVW1boEWt][0m -> 2026-08-14T08:28:49.071Z [33mWARN[39m [33m CheerioCrawler:[39m Reclaiming failed request back to the list or queue. Failed to parse TikTok response: Unexpected end of JSON input --- https://www.tiktok.com/@pitch_087
[36m[apify.tiktok-profile-scraper runId:vFNFpjo6NVW1boEWt][0m -> 2026-08-14T08:28:49.073Z     at makeWebApiCall (file:///home/myuser/dist/src/tools/api/web/make-web-api-call.js:114:23)[90m {"id":"7zbGL8qM5FZDzhs","url":"https://www.tiktok.com/@pitch_087","retryCount":13}[39m
[36m[apify.tiktok-profile-scraper runId:vFNFpjo6NVW1boEWt][0m -> 2026-08-14T08:28:49.141Z [32mINFO[39m  [Status message]: Scraped 1/5 profiles
[36m[apify.tiktok-profile-scraper runId:vFNFpjo6NVW1boEWt][0m -> 2026-08-14T08:28:49.233Z [33mWARN[39m [33m CheerioCrawler:[39m Reclaiming failed request back to the list or queue. Failed to parse TikTok response: Unexpected end of JSON input --- https://www.tiktok.com/@noonanduanglada
[36m[apify.tiktok-profile-scraper runId:vFNFpjo6NVW1boEWt][0m -> 2026-08-14T08:28:49.234Z     at makeWebApiCall (file:///home/myuser/dist/src/tools/api/web/make-web-api-call.js:114:23)[90m {"id":"Owmv1PoJcWfUjZu","url":"https://www.tiktok.com/@noonanduanglada","retryCount":12}[39m
[36m[apify.tiktok-profile-scraper runId:vFNFpjo6NVW1boEWt][0m -> 2026-08-14T08:28:49.399Z [33mWARN[39m [33m CheerioCrawler:[39m Reclaiming failed request back to the list or queue. Failed to parse TikTok response: Unexpected end of JSON input --- https://www.tiktok.com/@noonanduanglada
[36m[apify.tiktok-profile-scraper runId:vFNFpjo6NVW1boEWt][0m -> 2026-08-14T08:28:49.414Z     at makeWebApiCall (file:///home/myuser/dist/src/tools/api/web/make-web-api-call.js:114:23)[90m {"id":"WpJ6qIGEMOc1jPO","url":"https://www.tiktok.com/@noonanduanglada","retryCount":13}[39m
[36m[apify.tiktok-profile-scraper runId:vFNFpjo6NVW1boEWt][0m -> 2026-08-14T08:28:49.547Z [33mWARN[39m [33m CheerioCrawler:[39m Reclaiming failed request back to the list or queue. Failed to parse TikTok response: Unexpected end of JSON input --- https://www.tiktok.com/@noonanduanglada
[36m[apify.tiktok-profile-scraper runId:vFNFpjo6NVW1boEWt][0m -> 2026-08-14T08:28:49.549Z     at makeWebApiCall (file:///home/myuser/dist/src/tools/api/web/make-web-api-call.js:114:23)[90m {"id":"fyi24wwk2n5N4cl","url":"https://www.tiktok.com/@noonanduanglada","retryCount":12}[39m
[36m[apify.tiktok-profile-scraper runId:vFNFpjo6NVW1boEWt][0m -> 2026-08-14T08:28:49.684Z [33mWARN[39m [33m CheerioCrawler:[39m Reclaiming failed request back to the list or queue. Failed to parse TikTok response: Unexpected end of JSON input --- https://www.tiktok.com/@wannaphainta2542
[36m[apify.tiktok-profile-scraper runId:vFNFpjo6NVW1boEWt][0m -> 2026-08-14T08:28:49.686Z     at makeWebApiCall (file:///home/myuser/dist/src/tools/api/web/make-web-api-call.js:114:23)[90m {"id":"3r5Qt4ost9Ml6yu","url":"https://www.tiktok.com/@wannaphainta2542","retryCount":13}[39m
[36m[apify.tiktok-profile-scraper runId:vFNFpjo6NVW1boEWt][0m -> 2026-08-14T08:28:49.938Z [33mWARN[39m [33m CheerioCrawler:[39m Reclaiming failed request back to the list or queue. Failed to parse TikTok response: Unexpected end of JSON input --- https://www.tiktok.com/@pitch_087
[36m[apify.tiktok-profile-scraper runId:vFNFpjo6NVW1boEWt][0m -> 2026-08-14T08:28:49.940Z     at makeWebApiCall (file:///home/myuser/dist/src/tools/api/web/make-web-api-call.js:114:23)[90m {"id":"rRZQ8kywLGQaOnb","url":"https://www.tiktok.com/@pitch_087","retryCount":11}[39m
[36m[apify.tiktok-profile-scraper runId:vFNFpjo6NVW1boEWt][0m -> 2026-08-14T08:28:50.147Z [33mWARN[39m [33m CheerioCrawler:[39m Reclaiming failed request back to the list or queue. Failed to parse TikTok response: Unexpected end of JSON input --- https://www.tiktok.com/@chalita_mungkhot
[36m[apify.tiktok-profile-scraper runId:vFNFpjo6NVW1boEWt][0m -> 2026-08-14T08:28:50.148Z     at makeWebApiCall (file:///home/myuser/dist/src/tools/api/web/make-web-api-call.js:114:23)[90m {"id":"5clOpkLREKf8EH1","url":"https://www.tiktok.com/@chalita_mungkhot","retryCount":13}[39m
[36m[apify.tiktok-profile-scraper runId:vFNFpjo6NVW1boEWt][0m -> 2026-08-14T08:28:50.742Z [33mWARN[39m [33m CheerioCrawler:[39m Reclaiming failed request back to the list or queue. Failed to parse TikTok response: Unexpected end of JSON input --- https://www.tiktok.com/@n_kacha629
[36m[apify.tiktok-profile-scraper runId:vFNFpjo6NVW1boEWt][0m -> 2026-08-14T08:28:50.744Z     at makeWebApiCall (file:///home/myuser/dist/src/tools/api/web/make-web-api-call.js:114:23)[90m {"id":"R1QJu9Id5jXOPSc","url":"https://www.tiktok.com/@n_kacha629","retryCount":13}[39m
[36m[apify.tiktok-profile-scraper runId:vFNFpjo6NVW1boEWt][0m -> 2026-08-14T08:28:50.752Z [33mWARN[39m [33m CheerioCrawler:[39m Reclaiming failed request back to the list or queue. Failed to parse TikTok response: Unexpected end of JSON input --- https://www.tiktok.com/@chalita_mungkhot
[36m[apify.tiktok-profile-scraper runId:vFNFpjo6NVW1boEWt][0m -> 2026-08-14T08:28:50.754Z     at makeWebApiCall (file:///home/myuser/dist/src/tools/api/web/make-web-api-call.js:114:23)[90m {"id":"nFJ8MIRdCgCZHo6","url":"https://www.tiktok.com/@chalita_mungkhot","retryCount":11}[39m
[36m[apify.tiktok-profile-scraper runId:vFNFpjo6NVW1boEWt][0m -> 2026-08-14T08:28:51.236Z [33mWARN[39m [33m CheerioCrawler:[39m Reclaiming failed request back to the list or queue. Failed to send API request with exit code: CURLE_RECV_ERROR (56), retrying
[36m[apify.tiktok-profile-scraper runId:vFNFpjo6NVW1boEWt][0m -> 2026-08-14T08:28:51.263Z     at async sendCurlRequest (file:///home/myuser/dist/src/tools/api/curl-request.js:27:43)[90m {"id":"zcLioExri2lTNhL","url":"https://www.tiktok.com/@noonanduanglada","retryCount":13}[39m
[36m[apify.tiktok-profile-scraper runId:vFNFpjo6NVW1boEWt][0m -> 2026-08-14T08:28:51.375Z [33mWARN[39m [33m CheerioCrawler:[39m Reclaiming failed request back to the list or queue. Failed to parse TikTok response: Unexpected end of JSON input --- https://www.tiktok.com/@n_kacha629
[36m[apify.tiktok-profile-scraper runId:vFNFpjo6NVW1boEWt][0m -> 2026-08-14T08:28:51.377Z     at makeWebApiCall (file:///home/myuser/dist/src/tools/api/web/make-web-api-call.js:114:23)[90m {"id":"CrgCJMIdrftG3wy","url":"https://www.tiktok.com/@n_kacha629","retryCount":13}[39m
[36m[apify.tiktok-profile-scraper runId:vFNFpjo6NVW1boEWt][0m -> 2026-08-14T08:28:51.530Z [33mWARN[39m [33m CheerioCrawler:[39m Reclaiming failed request back to the list or queue. Failed to send API request with exit code: CURLE_RECV_ERROR (56), retrying
[36m[apify.tiktok-profile-scraper runId:vFNFpjo6NVW1boEWt][0m -> 2026-08-14T08:28:51.532Z     at async sendCurlRequest (file:///home/myuser/dist/src/tools/api/curl-request.js:27:43)[90m {"id":"sKJUGHboW3bPwEw","url":"https://www.tiktok.com/@wannaphainta2542","retryCount":14}[39m
[36m[apify.tiktok-profile-scraper runId:vFNFpjo6NVW1boEWt][0m -> 2026-08-14T08:28:51.635Z [33mWARN[39m [33m CheerioCrawler:[39m Reclaiming failed request back to the list or queue. Failed to send API request with exit code: CURLE_RECV_ERROR (56), retrying
[36m[apify.tiktok-profile-scraper runId:vFNFpjo6NVW1boEWt][0m -> 2026-08-14T08:28:51.638Z     at async sendCurlRequest (file:///home/myuser/dist/src/tools/api/curl-request.js:27:43)[90m {"id":"FLwEcz7FMbnvYuA","url":"https://www.tiktok.com/@pitch_087","retryCount":13}[39m
[36m[apify.tiktok-profile-scraper runId:vFNFpjo6NVW1boEWt][0m -> 2026-08-14T08:28:51.673Z [33mWARN[39m [33m CheerioCrawler:[39m Reclaiming failed request back to the list or queue. Failed to send API request with exit code: CURLE_RECV_ERROR (56), retrying
[36m[apify.tiktok-profile-scraper runId:vFNFpjo6NVW1boEWt][0m -> 2026-08-14T08:28:51.674Z     at async sendCurlRequest (file:///home/myuser/dist/src/tools/api/curl-request.js:27:43)[90m {"id":"ZBEWRiNN8xmOXrb","url":"https://www.tiktok.com/@n_kacha629","retryCount":13}[39m
[36m[apify.tiktok-profile-scraper runId:vFNFpjo6NVW1boEWt][0m -> 2026-08-14T08:28:51.753Z [33mWARN[39m [33m CheerioCrawler:[39m Reclaiming failed request back to the list or queue. Failed to send API request with exit code: CURLE_RECV_ERROR (56), retrying
[36m[apify.tiktok-profile-scraper runId:vFNFpjo6NVW1boEWt][0m -> 2026-08-14T08:28:51.755Z     at async sendCurlRequest (file:///home/myuser/dist/src/tools/api/curl-request.js:27:43)[90m {"id":"3FEazC61h0Tcej7","url":"https://www.tiktok.com/@n_kacha629","retryCount":14}[39m
[36m[apify.tiktok-profile-scraper runId:vFNFpjo6NVW1boEWt][0m -> 2026-08-14T08:28:51.887Z [33mWARN[39m [33m CheerioCrawler:[39m Reclaiming failed request back to the list or queue. Failed to send API request with exit code: CURLE_RECV_ERROR (56), retrying
[36m[apify.tiktok-profile-scraper runId:vFNFpjo6NVW1boEWt][0m -> 2026-08-14T08:28:51.889Z     at async sendCurlRequest (file:///home/myuser/dist/src/tools/api/curl-request.js:27:43)[90m {"id":"DrX7PJcrX2E9CLp","url":"https://www.tiktok.com/@wannaphainta2542","retryCount":13}[39m
[36m[apify.tiktok-profile-scraper runId:vFNFpjo6NVW1boEWt][0m -> 2026-08-14T08:28:51.982Z [33mWARN[39m [33m CheerioCrawler:[39m Reclaiming failed request back to the list or queue. Failed to send API request with exit code: CURLE_RECV_ERROR (56), retrying
[36m[apify.tiktok-profile-scraper runId:vFNFpjo6NVW1boEWt][0m -> 2026-08-14T08:28:51.984Z     at async sendCurlRequest (file:///home/myuser/dist/src/tools/api/curl-request.js:27:43)[90m {"id":"PsSFe8QjBPyipYY","url":"https://www.tiktok.com/@wannaphainta2542","retryCount":11}[39m
[36m[apify.tiktok-profile-scraper runId:vFNFpjo6NVW1boEWt][0m -> 2026-08-14T08:28:52.157Z [33mWARN[39m [33m CheerioCrawler:[39m Reclaiming failed request back to the list or queue. Failed to send API request with exit code: CURLE_RECV_ERROR (56), retrying
[36m[apify.tiktok-profile-scraper runId:vFNFpjo6NVW1boEWt][0m -> 2026-08-14T08:28:52.159Z     at async sendCurlRequest (file:///home/myuser/dist/src/tools/api/curl-request.js:27:43)[90m {"id":"Dgkt46rfEYUcOSI","url":"https://www.tiktok.com/@wannaphainta2542","retryCount":14}[39m
[36m[apify.tiktok-profile-scraper runId:vFNFpjo6NVW1boEWt][0m -> 2026-08-14T08:28:52.240Z [33mWARN[39m [33m CheerioCrawler:[39m Reclaiming failed request back to the list or queue. Failed to send API request with exit code: CURLE_RECV_ERROR (56), retrying
[36m[apify.tiktok-profile-scraper runId:vFNFpjo6NVW1boEWt][0m -> 2026-08-14T08:28:52.242Z     at async sendCurlRequest (file:///home/myuser/dist/src/tools/api/curl-request.js:27:43)[90m {"id":"7zbGL8qM5FZDzhs","url":"https://www.tiktok.com/@pitch_087","retryCount":14}[39m
[36m[apify.tiktok-profile-scraper runId:vFNFpjo6NVW1boEWt][0m -> 2026-08-14T08:28:52.326Z [33mWARN[39m [33m CheerioCrawler:[39m Reclaiming failed request back to the list or queue. Failed to send API request with exit code: CURLE_RECV_ERROR (56), retrying
[36m[apify.tiktok-profile-scraper runId:vFNFpjo6NVW1boEWt][0m -> 2026-08-14T08:28:52.328Z     at async sendCurlRequest (file:///home/myuser/dist/src/tools/api/curl-request.js:27:43)[90m {"id":"Owmv1PoJcWfUjZu","url":"https://www.tiktok.com/@noonanduanglada","retryCount":13}[39m
[36m[apify.tiktok-profile-scraper runId:vFNFpjo6NVW1boEWt][0m -> 2026-08-14T08:28:52.512Z [33mWARN[39m [33m CheerioCrawler:[39m Reclaiming failed request back to the list or queue. Failed to send API request with exit code: CURLE_RECV_ERROR (56), retrying
[36m[apify.tiktok-profile-scraper runId:vFNFpjo6NVW1boEWt][0m -> 2026-08-14T08:28:52.513Z     at async sendCurlRequest (file:///home/myuser/dist/src/tools/api/curl-request.js:27:43)[90m {"id":"WpJ6qIGEMOc1jPO","url":"https://www.tiktok.com/@noonanduanglada","retryCount":14}[39m
[36m[apify.tiktok-profile-scraper runId:vFNFpjo6NVW1boEWt][0m -> 2026-08-14T08:28:52.661Z [33mWARN[39m [33m CheerioCrawler:[39m Reclaiming failed request back to the list or queue. Failed to send API request with exit code: CURLE_RECV_ERROR (56), retrying
[36m[apify.tiktok-profile-scraper runId:vFNFpjo6NVW1boEWt][0m -> 2026-08-14T08:28:52.663Z     at async sendCurlRequest (file:///home/myuser/dist/src/tools/api/curl-request.js:27:43)[90m {"id":"YoUBrJLs1YBjNON","url":"https://www.tiktok.com/@chalita_mungkhot","retryCount":13}[39m
[36m[apify.tiktok-profile-scraper runId:vFNFpjo6NVW1boEWt][0m -> 2026-08-14T08:28:52.755Z [33mWARN[39m [33m CheerioCrawler:[39m Reclaiming failed request back to the list or queue. Failed to send API request with exit code: CURLE_RECV_ERROR (56), retrying
[36m[apify.tiktok-profile-scraper runId:vFNFpjo6NVW1boEWt][0m -> 2026-08-14T08:28:52.757Z     at async sendCurlRequest (file:///home/myuser/dist/src/tools/api/curl-request.js:27:43)[90m {"id":"fyi24wwk2n5N4cl","url":"https://www.tiktok.com/@noonanduanglada","retryCount":13}[39m
[36m[apify.tiktok-profile-scraper runId:vFNFpjo6NVW1boEWt][0m -> 2026-08-14T08:28:52.801Z [33mWARN[39m [33m CheerioCrawler:[39m Reclaiming failed request back to the list or queue. Failed to send API request with exit code: CURLE_RECV_ERROR (56), retrying
[36m[apify.tiktok-profile-scraper runId:vFNFpjo6NVW1boEWt][0m -> 2026-08-14T08:28:52.803Z     at async sendCurlRequest (file:///home/myuser/dist/src/tools/api/curl-request.js:27:43)[90m {"id":"gW1rR1p3i9Qk4mn","url":"https://www.tiktok.com/@chalita_mungkhot","retryCount":13}[39m
[36m[apify.tiktok-profile-scraper runId:vFNFpjo6NVW1boEWt][0m -> 2026-08-14T08:28:52.851Z [33mWARN[39m [33m CheerioCrawler:[39m Reclaiming failed request back to the list or queue. Failed to send API request with exit code: CURLE_RECV_ERROR (56), retrying
[36m[apify.tiktok-profile-scraper runId:vFNFpjo6NVW1boEWt][0m -> 2026-08-14T08:28:52.856Z     at async sendCurlRequest (file:///home/myuser/dist/src/tools/api/curl-request.js:27:43)[90m {"id":"3r5Qt4ost9Ml6yu","url":"https://www.tiktok.com/@wannaphainta2542","retryCount":14}[39m
[36m[apify.tiktok-profile-scraper runId:vFNFpjo6NVW1boEWt][0m -> 2026-08-14T08:28:52.893Z [33mWARN[39m [33m CheerioCrawler:[39m Reclaiming failed request back to the list or queue. Failed to send API request with exit code: CURLE_RECV_ERROR (56), retrying
[36m[apify.tiktok-profile-scraper runId:vFNFpjo6NVW1boEWt][0m -> 2026-08-14T08:28:52.895Z     at async sendCurlRequest (file:///home/myuser/dist/src/tools/api/curl-request.js:27:43)[90m {"id":"IkWZjS3Sbqr98Xg","url":"https://www.tiktok.com/@pitch_087","retryCount":11}[39m
[36m[apify.tiktok-profile-scraper runId:vFNFpjo6NVW1boEWt][0m -> 2026-08-14T08:28:53.369Z [33mWARN[39m [33m CheerioCrawler:[39m Reclaiming failed request back to the list or queue. Failed to parse TikTok response: Unexpected end of JSON input --- https://www.tiktok.com/@chalita_mungkhot
[36m[apify.tiktok-profile-scraper runId:vFNFpjo6NVW1boEWt][0m -> 2026-08-14T08:28:53.371Z     at makeWebApiCall (file:///home/myuser/dist/src/tools/api/web/make-web-api-call.js:114:23)[90m {"id":"ACf0T1QAYNSEGrf","url":"https://www.tiktok.com/@chalita_mungkhot","retryCount":14}[39m
[36m[apify.tiktok-profile-scraper runId:vFNFpjo6NVW1boEWt][0m -> 2026-08-14T08:28:53.373Z [33mWARN[39m [33m CheerioCrawler:[39m Reclaiming failed request back to the list or queue. Failed to send API request with exit code: CURLE_RECV_ERROR (56), retrying
[36m[apify.tiktok-profile-scraper runId:vFNFpjo6NVW1boEWt][0m -> 2026-08-14T08:28:53.374Z     at async sendCurlRequest (file:///home/myuser/dist/src/tools/api/curl-request.js:27:43)[90m {"id":"rRZQ8kywLGQaOnb","url":"https://www.tiktok.com/@pitch_087","retryCount":12}[39m
[36m[apify.tiktok-profile-scraper runId:vFNFpjo6NVW1boEWt][0m -> 2026-08-14T08:28:53.436Z [33mWARN[39m [33m CheerioCrawler:[39m Reclaiming failed request back to the list or queue. Failed to send API request with exit code: CURLE_RECV_ERROR (56), retrying
[36m[apify.tiktok-profile-scraper runId:vFNFpjo6NVW1boEWt][0m -> 2026-08-14T08:28:53.438Z     at async sendCurlRequest (file:///home/myuser/dist/src/tools/api/curl-request.js:27:43)[90m {"id":"5clOpkLREKf8EH1","url":"https://www.tiktok.com/@chalita_mungkhot","retryCount":14}[39m
[36m[apify.tiktok-profile-scraper runId:vFNFpjo6NVW1boEWt][0m -> 2026-08-14T08:28:54.037Z [33mWARN[39m [33m CheerioCrawler:[39m Reclaiming failed request back to the list or queue. Failed to send API request with exit code: CURLE_RECV_ERROR (56), retrying
[36m[apify.tiktok-profile-scraper runId:vFNFpjo6NVW1boEWt][0m -> 2026-08-14T08:28:54.039Z     at async sendCurlRequest (file:///home/myuser/dist/src/tools/api/curl-request.js:27:43)[90m {"id":"R1QJu9Id5jXOPSc","url":"https://www.tiktok.com/@n_kacha629","retryCount":14}[39m
[36m[apify.tiktok-profile-scraper runId:vFNFpjo6NVW1boEWt][0m -> 2026-08-14T08:28:54.040Z [33mWARN[39m [33m CheerioCrawler:[39m Reclaiming failed request back to the list or queue. Failed to send API request with exit code: CURLE_RECV_ERROR (56), retrying
[36m[apify.tiktok-profile-scraper runId:vFNFpjo6NVW1boEWt][0m -> 2026-08-14T08:28:54.042Z     at async sendCurlRequest (file:///home/myuser/dist/src/tools/api/curl-request.js:27:43)[90m {"id":"nFJ8MIRdCgCZHo6","url":"https://www.tiktok.com/@chalita_mungkhot","retryCount":12}[39m
[36m[apify.tiktok-profile-scraper runId:vFNFpjo6NVW1boEWt][0m -> 2026-08-14T08:28:54.756Z [33mWARN[39m [33m CheerioCrawler:[39m Reclaiming failed request back to the list or queue. Failed to send API request with exit code: CURLE_RECV_ERROR (56), retrying
[36m[apify.tiktok-profile-scraper runId:vFNFpjo6NVW1boEWt][0m -> 2026-08-14T08:28:54.758Z     at async sendCurlRequest (file:///home/myuser/dist/src/tools/api/curl-request.js:27:43)[90m {"id":"zcLioExri2lTNhL","url":"https://www.tiktok.com/@noonanduanglada","retryCount":14}[39m
[36m[apify.tiktok-profile-scraper runId:vFNFpjo6NVW1boEWt][0m -> 2026-08-14T08:28:54.783Z [33mWARN[39m [33m CheerioCrawler:[39m Reclaiming failed request back to the list or queue. Failed to send API request with exit code: CURLE_RECV_ERROR (56), retrying
[36m[apify.tiktok-profile-scraper runId:vFNFpjo6NVW1boEWt][0m -> 2026-08-14T08:28:54.785Z     at async sendCurlRequest (file:///home/myuser/dist/src/tools/api/curl-request.js:27:43)[90m {"id":"CrgCJMIdrftG3wy","url":"https://www.tiktok.com/@n_kacha629","retryCount":14}[39m
[36m[apify.tiktok-profile-scraper runId:vFNFpjo6NVW1boEWt][0m -> 2026-08-14T08:28:54.786Z [33mWARN[39m [33m CheerioCrawler:[39m Reclaiming failed request back to the list or queue. Failed to send API request with exit code: CURLE_RECV_ERROR (56), retrying
[36m[apify.tiktok-profile-scraper runId:vFNFpjo6NVW1boEWt][0m -> 2026-08-14T08:28:54.788Z     at async sendCurlRequest (file:///home/myuser/dist/src/tools/api/curl-request.js:27:43)[90m {"id":"sKJUGHboW3bPwEw","url":"https://www.tiktok.com/@wannaphainta2542","retryCount":15}[39m
[36m[apify.tiktok-profile-scraper runId:vFNFpjo6NVW1boEWt][0m -> 2026-08-14T08:28:54.789Z [33mWARN[39m [33m CheerioCrawler:[39m Reclaiming failed request back to the list or queue. Failed to send API request with exit code: CURLE_RECV_ERROR (56), retrying
[36m[apify.tiktok-profile-scraper runId:vFNFpjo6NVW1boEWt][0m -> 2026-08-14T08:28:54.791Z     at async sendCurlRequest (file:///home/myuser/dist/src/tools/api/curl-request.js:27:43)[90m {"id":"FLwEcz7FMbnvYuA","url":"https://www.tiktok.com/@pitch_087","retryCount":14}[39m
[36m[apify.tiktok-profile-scraper runId:vFNFpjo6NVW1boEWt][0m -> 2026-08-14T08:28:55.037Z [33mWARN[39m [33m CheerioCrawler:[39m Reclaiming failed request back to the list or queue. Failed to send API request with exit code: CURLE_RECV_ERROR (56), retrying
[36m[apify.tiktok-profile-scraper runId:vFNFpjo6NVW1boEWt][0m -> 2026-08-14T08:28:55.039Z     at async sendCurlRequest (file:///home/myuser/dist/src/tools/api/curl-request.js:27:43)[90m {"id":"3FEazC61h0Tcej7","url":"https://www.tiktok.com/@n_kacha629","retryCount":15}[39m
[36m[apify.tiktok-profile-scraper runId:vFNFpjo6NVW1boEWt][0m -> 2026-08-14T08:28:55.041Z [33mWARN[39m [33m CheerioCrawler:[39m Reclaiming failed request back to the list or queue. Failed to send API request with exit code: CURLE_RECV_ERROR (56), retrying
[36m[apify.tiktok-profile-scraper runId:vFNFpjo6NVW1boEWt][0m -> 2026-08-14T08:28:55.042Z     at async sendCurlRequest (file:///home/myuser/dist/src/tools/api/curl-request.js:27:43)[90m {"id":"ZBEWRiNN8xmOXrb","url":"https://www.tiktok.com/@n_kacha629","retryCount":14}[39m
[36m[apify.tiktok-profile-scraper runId:vFNFpjo6NVW1boEWt][0m -> 2026-08-14T08:28:55.152Z [33mWARN[39m [33m CheerioCrawler:[39m Reclaiming failed request back to the list or queue. Failed to send API request with exit code: CURLE_RECV_ERROR (56), retrying
[36m[apify.tiktok-profile-scraper runId:vFNFpjo6NVW1boEWt][0m -> 2026-08-14T08:28:55.154Z     at async sendCurlRequest (file:///home/myuser/dist/src/tools/api/curl-request.js:27:43)[90m {"id":"PsSFe8QjBPyipYY","url":"https://www.tiktok.com/@wannaphainta2542","retryCount":12}[39m
[36m[apify.tiktok-profile-scraper runId:vFNFpjo6NVW1boEWt][0m -> 2026-08-14T08:28:55.156Z [33mWARN[39m [33m CheerioCrawler:[39m Reclaiming failed request back to the list or queue. Failed to send API request with exit code: CURLE_RECV_ERROR (56), retrying
[36m[apify.tiktok-profile-scraper runId:vFNFpjo6NVW1boEWt][0m -> 2026-08-14T08:28:55.157Z     at async sendCurlRequest (file:///home/myuser/dist/src/tools/api/curl-request.js:27:43)[90m {"id":"DrX7PJcrX2E9CLp","url":"https://www.tiktok.com/@wannaphainta2542","retryCount":14}[39m
[36m[apify.tiktok-profile-scraper runId:vFNFpjo6NVW1boEWt][0m -> 2026-08-14T08:28:55.336Z [33mWARN[39m [33m CheerioCrawler:[39m Reclaiming failed request back to the list or queue. Failed to send API request with exit code: CURLE_RECV_ERROR (56), retrying
[36m[apify.tiktok-profile-scraper runId:vFNFpjo6NVW1boEWt][0m -> 2026-08-14T08:28:55.338Z     at async sendCurlRequest (file:///home/myuser/dist/src/tools/api/curl-request.js:27:43)[90m {"id":"Dgkt46rfEYUcOSI","url":"https://www.tiktok.com/@wannaphainta2542","retryCount":15}[39m
[36m[apify.tiktok-profile-scraper runId:vFNFpjo6NVW1boEWt][0m -> 2026-08-14T08:28:55.425Z [33mWARN[39m [33m CheerioCrawler:[39m Reclaiming failed request back to the list or queue. Failed to send API request with exit code: CURLE_RECV_ERROR (56), retrying
[36m[apify.tiktok-profile-scraper runId:vFNFpjo6NVW1boEWt][0m -> 2026-08-14T08:28:55.427Z     at async sendCurlRequest (file:///home/myuser/dist/src/tools/api/curl-request.js:27:43)[90m {"id":"7zbGL8qM5FZDzhs","url":"https://www.tiktok.com/@pitch_087","retryCount":15}[39m
[36m[apify.tiktok-profile-scraper runId:vFNFpjo6NVW1boEWt][0m -> 2026-08-14T08:28:55.433Z [33mWARN[39m [33m CheerioCrawler:[39m Reclaiming failed request back to the list or queue. Failed to send API request with exit code: CURLE_RECV_ERROR (56), retrying
[36m[apify.tiktok-profile-scraper runId:vFNFpjo6NVW1boEWt][0m -> 2026-08-14T08:28:55.435Z     at async sendCurlRequest (file:///home/myuser/dist/src/tools/api/curl-request.js:27:43)[90m {"id":"Owmv1PoJcWfUjZu","url":"https://www.tiktok.com/@noonanduanglada","retryCount":14}[39m
[36m[apify.tiktok-profile-scraper runId:vFNFpjo6NVW1boEWt][0m -> 2026-08-14T08:28:55.948Z [33mWARN[39m [33m CheerioCrawler:[39m Reclaiming failed request back to the list or queue. Failed to send API request with exit code: CURLE_RECV_ERROR (56), retrying
[36m[apify.tiktok-profile-scraper runId:vFNFpjo6NVW1boEWt][0m -> 2026-08-14T08:28:55.957Z     at async sendCurlRequest (file:///home/myuser/dist/src/tools/api/curl-request.js:27:43)[90m {"id":"WpJ6qIGEMOc1jPO","url":"https://www.tiktok.com/@noonanduanglada","retryCount":15}[39m
[36m[apify.tiktok-profile-scraper runId:vFNFpjo6NVW1boEWt][0m -> 2026-08-14T08:28:55.961Z [33mWARN[39m [33m CheerioCrawler:[39m Reclaiming failed request back to the list or queue. Failed to send API request with exit code: CURLE_RECV_ERROR (56), retrying
[36m[apify.tiktok-profile-scraper runId:vFNFpjo6NVW1boEWt][0m -> 2026-08-14T08:28:55.962Z     at async sendCurlRequest (file:///home/myuser/dist/src/tools/api/curl-request.js:27:43)[90m {"id":"YoUBrJLs1YBjNON","url":"https://www.tiktok.com/@chalita_mungkhot","retryCount":14}[39m
[36m[apify.tiktok-profile-scraper runId:vFNFpjo6NVW1boEWt][0m -> 2026-08-14T08:28:56.033Z [33mWARN[39m [33m CheerioCrawler:[39m Reclaiming failed request back to the list or queue. Failed to send API request with exit code: CURLE_RECV_ERROR (56), retrying
[36m[apify.tiktok-profile-scraper runId:vFNFpjo6NVW1boEWt][0m -> 2026-08-14T08:28:56.035Z     at async sendCurlRequest (file:///home/myuser/dist/src/tools/api/curl-request.js:27:43)[90m {"id":"fyi24wwk2n5N4cl","url":"https://www.tiktok.com/@noonanduanglada","retryCount":14}[39m
[36m[apify.tiktok-profile-scraper runId:vFNFpjo6NVW1boEWt][0m -> 2026-08-14T08:28:56.040Z [33mWARN[39m [33m CheerioCrawler:[39m Reclaiming failed request back to the list or queue. Failed to send API request with exit code: CURLE_RECV_ERROR (56), retrying
[36m[apify.tiktok-profile-scraper runId:vFNFpjo6NVW1boEWt][0m -> 2026-08-14T08:28:56.041Z     at async sendCurlRequest (file:///home/myuser/dist/src/tools/api/curl-request.js:27:43)[90m {"id":"3r5Qt4ost9Ml6yu","url":"https://www.tiktok.com/@wannaphainta2542","retryCount":15}[39m
[36m[apify.tiktok-profile-scraper runId:vFNFpjo6NVW1boEWt][0m -> 2026-08-14T08:28:56.043Z [33mWARN[39m [33m CheerioCrawler:[39m Reclaiming failed request back to the list or queue. Failed to send API request with exit code: CURLE_RECV_ERROR (56), retrying
[36m[apify.tiktok-profile-scraper runId:vFNFpjo6NVW1boEWt][0m -> 2026-08-14T08:28:56.045Z     at async sendCurlRequest (file:///home/myuser/dist/src/tools/api/curl-request.js:27:43)[90m {"id":"gW1rR1p3i9Qk4mn","url":"https://www.tiktok.com/@chalita_mungkhot","retryCount":14}[39m
[36m[apify.tiktok-profile-scraper runId:vFNFpjo6NVW1boEWt][0m -> 2026-08-14T08:28:56.084Z [33mWARN[39m [33m CheerioCrawler:[39m Reclaiming failed request back to the list or queue. Failed to send API request with exit code: CURLE_RECV_ERROR (56), retrying
[36m[apify.tiktok-profile-scraper runId:vFNFpjo6NVW1boEWt][0m -> 2026-08-14T08:28:56.085Z     at async sendCurlRequest (file:///home/myuser/dist/src/tools/api/curl-request.js:27:43)[90m {"id":"IkWZjS3Sbqr98Xg","url":"https://www.tiktok.com/@pitch_087","retryCount":12}[39m
[36m[apify.tiktok-profile-scraper runId:vFNFpjo6NVW1boEWt][0m -> 2026-08-14T08:28:56.796Z [33mWARN[39m [33m CheerioCrawler:[39m Reclaiming failed request back to the list or queue. Failed to send API request with exit code: CURLE_RECV_ERROR (56), retrying
[36m[apify.tiktok-profile-scraper runId:vFNFpjo6NVW1boEWt][0m -> 2026-08-14T08:28:56.797Z     at async sendCurlRequest (file:///home/myuser/dist/src/tools/api/curl-request.js:27:43)[90m {"id":"ACf0T1QAYNSEGrf","url":"https://www.tiktok.com/@chalita_mungkhot","retryCount":15}[39m
[36m[apify.tiktok-profile-scraper runId:vFNFpjo6NVW1boEWt][0m -> 2026-08-14T08:28:56.800Z [33mWARN[39m [33m CheerioCrawler:[39m Reclaiming failed request back to the list or queue. Failed to send API request with exit code: CURLE_RECV_ERROR (56), retrying
[36m[apify.tiktok-profile-scraper runId:vFNFpjo6NVW1boEWt][0m -> 2026-08-14T08:28:56.801Z     at async sendCurlRequest (file:///home/myuser/dist/src/tools/api/curl-request.js:27:43)[90m {"id":"rRZQ8kywLGQaOnb","url":"https://www.tiktok.com/@pitch_087","retryCount":13}[39m
[36m[apify.tiktok-profile-scraper runId:vFNFpjo6NVW1boEWt][0m -> 2026-08-14T08:28:56.803Z [33mWARN[39m [33m CheerioCrawler:[39m Reclaiming failed request back to the list or queue. Failed to send API request with exit code: CURLE_RECV_ERROR (56), retrying
[36m[apify.tiktok-profile-scraper runId:vFNFpjo6NVW1boEWt][0m -> 2026-08-14T08:28:56.805Z     at async sendCurlRequest (file:///home/myuser/dist/src/tools/api/curl-request.js:27:43)[90m {"id":"5clOpkLREKf8EH1","url":"https://www.tiktok.com/@chalita_mungkhot","retryCount":15}[39m
[36m[apify.tiktok-profile-scraper runId:vFNFpjo6NVW1boEWt][0m -> 2026-08-14T08:28:57.416Z [33mWARN[39m [33m CheerioCrawler:[39m Reclaiming failed request back to the list or queue. Failed to send API request with exit code: CURLE_RECV_ERROR (56), retrying
[36m[apify.tiktok-profile-scraper runId:vFNFpjo6NVW1boEWt][0m -> 2026-08-14T08:28:57.418Z     at async sendCurlRequest (file:///home/myuser/dist/src/tools/api/curl-request.js:27:43)[90m {"id":"nFJ8MIRdCgCZHo6","url":"https://www.tiktok.com/@chalita_mungkhot","retryCount":13}[39m
[36m[apify.tiktok-profile-scraper runId:vFNFpjo6NVW1boEWt][0m -> 2026-08-14T08:28:57.419Z [33mWARN[39m [33m CheerioCrawler:[39m Reclaiming failed request back to the list or queue. Failed to send API request with exit code: CURLE_RECV_ERROR (56), retrying
[36m[apify.tiktok-profile-scraper runId:vFNFpjo6NVW1boEWt][0m -> 2026-08-14T08:28:57.421Z     at async sendCurlRequest (file:///home/myuser/dist/src/tools/api/curl-request.js:27:43)[90m {"id":"R1QJu9Id5jXOPSc","url":"https://www.tiktok.com/@n_kacha629","retryCount":15}[39m
[36m[apify.tiktok-profile-scraper runId:vFNFpjo6NVW1boEWt][0m -> 2026-08-14T08:28:58.094Z [33mWARN[39m [33m CheerioCrawler:[39m Reclaiming failed request back to the list or queue. Failed to send API request with exit code: CURLE_RECV_ERROR (56), retrying
[36m[apify.tiktok-profile-scraper runId:vFNFpjo6NVW1boEWt][0m -> 2026-08-14T08:28:58.096Z     at async sendCurlRequest (file:///home/myuser/dist/src/tools/api/curl-request.js:27:43)[90m {"id":"CrgCJMIdrftG3wy","url":"https://www.tiktok.com/@n_kacha629","retryCount":15}[39m
[36m[apify.tiktok-profile-scraper runId:vFNFpjo6NVW1boEWt][0m -> 2026-08-14T08:28:58.097Z [33mWARN[39m [33m CheerioCrawler:[39m Reclaiming failed request back to the list or queue. Failed to send API request with exit code: CURLE_RECV_ERROR (56), retrying
[36m[apify.tiktok-profile-scraper runId:vFNFpjo6NVW1boEWt][0m -> 2026-08-14T08:28:58.099Z     at async sendCurlRequest (file:///home/myuser/dist/src/tools/api/curl-request.js:27:43)[90m {"id":"FLwEcz7FMbnvYuA","url":"https://www.tiktok.com/@pitch_087","retryCount":15}[39m
[36m[apify.tiktok-profile-scraper runId:vFNFpjo6NVW1boEWt][0m -> 2026-08-14T08:28:58.104Z [33mWARN[39m [33m CheerioCrawler:[39m Reclaiming failed request back to the list or queue. Failed to send API request with exit code: CURLE_RECV_ERROR (56), retrying
[36m[apify.tiktok-profile-scraper runId:vFNFpjo6NVW1boEWt][0m -> 2026-08-14T08:28:58.105Z     at async sendCurlRequest (file:///home/myuser/dist/src/tools/api/curl-request.js:27:43)[90m {"id":"zcLioExri2lTNhL","url":"https://www.tiktok.com/@noonanduanglada","retryCount":15}[39m
[36m[apify.tiktok-profile-scraper runId:vFNFpjo6NVW1boEWt][0m -> 2026-08-14T08:28:58.148Z [31mERROR[39m[33m CheerioCrawler:[39m Request failed and reached maximum retries. Error: Failed to send API request with exit code: CURLE_RECV_ERROR (56), retrying
[36m[apify.tiktok-profile-scraper runId:vFNFpjo6NVW1boEWt][0m -> 2026-08-14T08:28:58.150Z     at CurlImpersonate.finishCurlSubprocess (/home/myuser/node_modules/apify-node-curl-impersonate/dist/curl-impersonate.js:234:19)
[36m[apify.tiktok-profile-scraper runId:vFNFpjo6NVW1boEWt][0m -> 2026-08-14T08:28:58.151Z     at async CurlImpersonate.handleCurlSubprocess (/home/myuser/node_modules/apify-node-curl-impersonate/dist/curl-impersonate.js:209:24)
[36m[apify.tiktok-profile-scraper runId:vFNFpjo6NVW1boEWt][0m -> 2026-08-14T08:28:58.153Z     at async CurlImpersonate.handleSendRequest (/home/myuser/node_modules/apify-node-curl-impersonate/dist/curl-impersonate.js:192:24)
[36m[apify.tiktok-profile-scraper runId:vFNFpjo6NVW1boEWt][0m -> 2026-08-14T08:28:58.155Z     at async CurlImpersonate.makeRequest (/home/myuser/node_modules/apify-node-curl-impersonate/dist/curl-impersonate.js:76:32)
[36m[apify.tiktok-profile-scraper runId:vFNFpjo6NVW1boEWt][0m -> 2026-08-14T08:28:58.156Z     at async sendCurlRequest (file:///home/myuser/dist/src/tools/api/curl-request.js:27:43)
[36m[apify.tiktok-profile-scraper runId:vFNFpjo6NVW1boEWt][0m -> 2026-08-14T08:28:58.158Z     at async file:///home/myuser/dist/src/tools/api/curl-request.js:62:18
[36m[apify.tiktok-profile-scraper runId:vFNFpjo6NVW1boEWt][0m -> 2026-08-14T08:28:58.159Z     at async makeWebApiCall (file:///home/myuser/dist/src/tools/api/web/make-web-api-call.js:39:26)
[36m[apify.tiktok-profile-scraper runId:vFNFpjo6NVW1boEWt][0m -> 2026-08-14T08:28:58.161Z     at async requestUserVideosAPI (file:///home/myuser/dist/src/routes/profile/profile-videos/profile-videos-route.js:247:22)
[36m[apify.tiktok-profile-scraper runId:vFNFpjo6NVW1boEWt][0m -> 2026-08-14T08:28:58.163Z     at async dealWithProfileListAPI (file:///home/myuser/dist/src/routes/profile/profile-videos/profile-videos-route.js:21:68)
[36m[apify.tiktok-profile-scraper runId:vFNFpjo6NVW1boEWt][0m -> 2026-08-14T08:28:58.165Z     at async file:///home/myuser/dist/src/crawler-factories/crawler.js:59:17[90m {"id":"sKJUGHboW3bPwEw","url":"https://www.tiktok.com/@wannaphainta2542","method":"GET","uniqueKey":"https://www.tiktok.com/@wannaphainta2542__0-4__videos"}[39m
[36m[apify.tiktok-profile-scraper runId:vFNFpjo6NVW1boEWt][0m -> 2026-08-14T08:28:58.224Z [33mWARN[39m [33m CheerioCrawler:[39m Reclaiming failed request back to the list or queue. Failed to send API request with exit code: CURLE_RECV_ERROR (56), retrying
[36m[apify.tiktok-profile-scraper runId:vFNFpjo6NVW1boEWt][0m -> 2026-08-14T08:28:58.226Z     at async sendCurlRequest (file:///home/myuser/dist/src/tools/api/curl-request.js:27:43)[90m {"id":"ZBEWRiNN8xmOXrb","url":"https://www.tiktok.com/@n_kacha629","retryCount":15}[39m
[36m[apify.tiktok-profile-scraper runId:vFNFpjo6NVW1boEWt][0m -> 2026-08-14T08:28:58.239Z [31mERROR[39m[33m CheerioCrawler:[39m Request failed and reached maximum retries. Error: Failed to send API request with exit code: CURLE_RECV_ERROR (56), retrying
[36m[apify.tiktok-profile-scraper runId:vFNFpjo6NVW1boEWt][0m -> 2026-08-14T08:28:58.242Z     at CurlImpersonate.finishCurlSubprocess (/home/myuser/node_modules/apify-node-curl-impersonate/dist/curl-impersonate.js:234:19)
[36m[apify.tiktok-profile-scraper runId:vFNFpjo6NVW1boEWt][0m -> 2026-08-14T08:28:58.244Z     at process.processTicksAndRejections (node:internal/process/task_queues:104:5)
[36m[apify.tiktok-profile-scraper runId:vFNFpjo6NVW1boEWt][0m -> 2026-08-14T08:28:58.246Z     at async CurlImpersonate.handleCurlSubprocess (/home/myuser/node_modules/apify-node-curl-impersonate/dist/curl-impersonate.js:209:24)
[36m[apify.tiktok-profile-scraper runId:vFNFpjo6NVW1boEWt][0m -> 2026-08-14T08:28:58.247Z     at async CurlImpersonate.handleSendRequest (/home/myuser/node_modules/apify-node-curl-impersonate/dist/curl-impersonate.js:192:24)
[36m[apify.tiktok-profile-scraper runId:vFNFpjo6NVW1boEWt][0m -> 2026-08-14T08:28:58.274Z     at async CurlImpersonate.makeRequest (/home/myuser/node_modules/apify-node-curl-impersonate/dist/curl-impersonate.js:76:32)
[36m[apify.tiktok-profile-scraper runId:vFNFpjo6NVW1boEWt][0m -> 2026-08-14T08:28:58.285Z     at async sendCurlRequest (file:///home/myuser/dist/src/tools/api/curl-request.js:27:43)
[36m[apify.tiktok-profile-scraper runId:vFNFpjo6NVW1boEWt][0m -> 2026-08-14T08:28:58.287Z     at async file:///home/myuser/dist/src/tools/api/curl-request.js:62:18
[36m[apify.tiktok-profile-scraper runId:vFNFpjo6NVW1boEWt][0m -> 2026-08-14T08:28:58.288Z     at async makeWebApiCall (file:///home/myuser/dist/src/tools/api/web/make-web-api-call.js:39:26)
[36m[apify.tiktok-profile-scraper runId:vFNFpjo6NVW1boEWt][0m -> 2026-08-14T08:28:58.290Z     at async requestUserVideosAPI (file:///home/myuser/dist/src/routes/profile/profile-videos/profile-videos-route.js:247:22)
[36m[apify.tiktok-profile-scraper runId:vFNFpjo6NVW1boEWt][0m -> 2026-08-14T08:28:58.291Z     at async dealWithProfileListAPI (file:///home/myuser/dist/src/routes/profile/profile-videos/profile-videos-route.js:21:68)[90m {"id":"3FEazC61h0Tcej7","url":"https://www.tiktok.com/@n_kacha629","method":"GET","uniqueKey":"https://www.tiktok.com/@n_kacha629__0-4__videos"}[39m
[36m[apify.tiktok-profile-scraper runId:vFNFpjo6NVW1boEWt][0m -> 2026-08-14T08:28:58.444Z [33mWARN[39m [33m CheerioCrawler:[39m Reclaiming failed request back to the list or queue. Failed to send API request with exit code: CURLE_RECV_ERROR (56), retrying
[36m[apify.tiktok-profile-scraper runId:vFNFpjo6NVW1boEWt][0m -> 2026-08-14T08:28:58.447Z     at async sendCurlRequest (file:///home/myuser/dist/src/tools/api/curl-request.js:27:43)[90m {"id":"PsSFe8QjBPyipYY","url":"https://www.tiktok.com/@wannaphainta2542","retryCount":13}[39m
[36m[apify.tiktok-profile-scraper runId:vFNFpjo6NVW1boEWt][0m -> 2026-08-14T08:28:58.457Z [33mWARN[39m [33m CheerioCrawler:[39m Reclaiming failed request back to the list or queue. Failed to send API request with exit code: CURLE_RECV_ERROR (56), retrying
[36m[apify.tiktok-profile-scraper runId:vFNFpjo6NVW1boEWt][0m -> 2026-08-14T08:28:58.459Z     at async sendCurlRequest (file:///home/myuser/dist/src/tools/api/curl-request.js:27:43)[90m {"id":"DrX7PJcrX2E9CLp","url":"https://www.tiktok.com/@wannaphainta2542","retryCount":15}[39m
[36m[apify.tiktok-profile-scraper runId:vFNFpjo6NVW1boEWt][0m -> 2026-08-14T08:28:58.667Z [33mWARN[39m [33m CheerioCrawler:[39m Reclaiming failed request back to the list or queue. Failed to send API request with exit code: CURLE_RECV_ERROR (56), retrying
[36m[apify.tiktok-profile-scraper runId:vFNFpjo6NVW1boEWt][0m -> 2026-08-14T08:28:58.669Z     at async sendCurlRequest (file:///home/myuser/dist/src/tools/api/curl-request.js:27:43)[90m {"id":"Owmv1PoJcWfUjZu","url":"https://www.tiktok.com/@noonanduanglada","retryCount":15}[39m
[36m[apify.tiktok-profile-scraper runId:vFNFpjo6NVW1boEWt][0m -> 2026-08-14T08:28:58.733Z [31mERROR[39m[33m CheerioCrawler:[39m Request failed and reached maximum retries. Error: Failed to send API request with exit code: CURLE_RECV_ERROR (56), retrying
[36m[apify.tiktok-profile-scraper runId:vFNFpjo6NVW1boEWt][0m -> 2026-08-14T08:28:58.735Z     at CurlImpersonate.finishCurlSubprocess (/home/myuser/node_modules/apify-node-curl-impersonate/dist/curl-impersonate.js:234:19)
[36m[apify.tiktok-profile-scraper runId:vFNFpjo6NVW1boEWt][0m -> 2026-08-14T08:28:58.737Z     at async CurlImpersonate.handleCurlSubprocess (/home/myuser/node_modules/apify-node-curl-impersonate/dist/curl-impersonate.js:209:24)
[36m[apify.tiktok-profile-scraper runId:vFNFpjo6NVW1boEWt][0m -> 2026-08-14T08:28:58.738Z     at async CurlImpersonate.handleSendRequest (/home/myuser/node_modules/apify-node-curl-impersonate/dist/curl-impersonate.js:192:24)
[36m[apify.tiktok-profile-scraper runId:vFNFpjo6NVW1boEWt][0m -> 2026-08-14T08:28:58.740Z     at async CurlImpersonate.makeRequest (/home/myuser/node_modules/apify-node-curl-impersonate/dist/curl-impersonate.js:76:32)
[36m[apify.tiktok-profile-scraper runId:vFNFpjo6NVW1boEWt][0m -> 2026-08-14T08:28:58.741Z     at async sendCurlRequest (file:///home/myuser/dist/src/tools/api/curl-request.js:27:43)
[36m[apify.tiktok-profile-scraper runId:vFNFpjo6NVW1boEWt][0m -> 2026-08-14T08:28:58.743Z     at async file:///home/myuser/dist/src/tools/api/curl-request.js:62:18
[36m[apify.tiktok-profile-scraper runId:vFNFpjo6NVW1boEWt][0m -> 2026-08-14T08:28:58.745Z     at async makeWebApiCall (file:///home/myuser/dist/src/tools/api/web/make-web-api-call.js:39:26)
[36m[apify.tiktok-profile-scraper runId:vFNFpjo6NVW1boEWt][0m -> 2026-08-14T08:28:58.746Z     at async requestUserVideosAPI (file:///home/myuser/dist/src/routes/profile/profile-videos/profile-videos-route.js:247:22)
[36m[apify.tiktok-profile-scraper runId:vFNFpjo6NVW1boEWt][0m -> 2026-08-14T08:28:58.748Z     at async dealWithProfileListAPI (file:///home/myuser/dist/src/routes/profile/profile-videos/profile-videos-route.js:21:68)
[36m[apify.tiktok-profile-scraper runId:vFNFpjo6NVW1boEWt][0m -> 2026-08-14T08:28:58.749Z     at async file:///home/myuser/dist/src/crawler-factories/crawler.js:59:17[90m {"id":"Dgkt46rfEYUcOSI","url":"https://www.tiktok.com/@wannaphainta2542","method":"GET","uniqueKey":"https://www.tiktok.com/@wannaphainta2542__0-1__videos"}[39m
[36m[apify.tiktok-profile-scraper runId:vFNFpjo6NVW1boEWt][0m -> 2026-08-14T08:28:58.755Z [31mERROR[39m[33m CheerioCrawler:[39m Request failed and reached maximum retries. Error: Failed to send API request with exit code: CURLE_RECV_ERROR (56), retrying
[36m[apify.tiktok-profile-scraper runId:vFNFpjo6NVW1boEWt][0m -> 2026-08-14T08:28:58.757Z     at CurlImpersonate.finishCurlSubprocess (/home/myuser/node_modules/apify-node-curl-impersonate/dist/curl-impersonate.js:234:19)
[36m[apify.tiktok-profile-scraper runId:vFNFpjo6NVW1boEWt][0m -> 2026-08-14T08:28:58.759Z     at async CurlImpersonate.handleCurlSubprocess (/home/myuser/node_modules/apify-node-curl-impersonate/dist/curl-impersonate.js:209:24)
[36m[apify.tiktok-profile-scraper runId:vFNFpjo6NVW1boEWt][0m -> 2026-08-14T08:28:58.760Z     at async CurlImpersonate.handleSendRequest (/home/myuser/node_modules/apify-node-curl-impersonate/dist/curl-impersonate.js:192:24)
[36m[apify.tiktok-profile-scraper runId:vFNFpjo6NVW1boEWt][0m -> 2026-08-14T08:28:58.762Z     at async CurlImpersonate.makeRequest (/home/myuser/node_modules/apify-node-curl-impersonate/dist/curl-impersonate.js:76:32)
[36m[apify.tiktok-profile-scraper runId:vFNFpjo6NVW1boEWt][0m -> 2026-08-14T08:28:58.763Z     at async sendCurlRequest (file:///home/myuser/dist/src/tools/api/curl-request.js:27:43)
[36m[apify.tiktok-profile-scraper runId:vFNFpjo6NVW1boEWt][0m -> 2026-08-14T08:28:58.765Z     at async file:///home/myuser/dist/src/tools/api/curl-request.js:62:18
[36m[apify.tiktok-profile-scraper runId:vFNFpjo6NVW1boEWt][0m -> 2026-08-14T08:28:58.766Z     at async makeWebApiCall (file:///home/myuser/dist/src/tools/api/web/make-web-api-call.js:39:26)
[36m[apify.tiktok-profile-scraper runId:vFNFpjo6NVW1boEWt][0m -> 2026-08-14T08:28:58.768Z     at async requestUserVideosAPI (file:///home/myuser/dist/src/routes/profile/profile-videos/profile-videos-route.js:247:22)
[36m[apify.tiktok-profile-scraper runId:vFNFpjo6NVW1boEWt][0m -> 2026-08-14T08:28:58.769Z     at async dealWithProfileListAPI (file:///home/myuser/dist/src/routes/profile/profile-videos/profile-videos-route.js:21:68)
[36m[apify.tiktok-profile-scraper runId:vFNFpjo6NVW1boEWt][0m -> 2026-08-14T08:28:58.771Z     at async file:///home/myuser/dist/src/crawler-factories/crawler.js:59:17[90m {"id":"7zbGL8qM5FZDzhs","url":"https://www.tiktok.com/@pitch_087","method":"GET","uniqueKey":"https://www.tiktok.com/@pitch_087__0-0__videos"}[39m
[36m[apify.tiktok-profile-scraper runId:vFNFpjo6NVW1boEWt][0m -> 2026-08-14T08:28:59.142Z [32mINFO[39m  [Status message]: Scraped 1/5 profiles
[36m[apify.tiktok-profile-scraper runId:vFNFpjo6NVW1boEWt][0m -> 2026-08-14T08:28:59.368Z [33mWARN[39m [33m CheerioCrawler:[39m Reclaiming failed request back to the list or queue. Failed to send API request with exit code: CURLE_RECV_ERROR (56), retrying
[36m[apify.tiktok-profile-scraper runId:vFNFpjo6NVW1boEWt][0m -> 2026-08-14T08:28:59.369Z     at async sendCurlRequest (file:///home/myuser/dist/src/tools/api/curl-request.js:27:43)[90m {"id":"gW1rR1p3i9Qk4mn","url":"https://www.tiktok.com/@chalita_mungkhot","retryCount":15}[39m
[36m[apify.tiktok-profile-scraper runId:vFNFpjo6NVW1boEWt][0m -> 2026-08-14T08:28:59.371Z [33mWARN[39m [33m CheerioCrawler:[39m Reclaiming failed request back to the list or queue. Failed to send API request with exit code: CURLE_RECV_ERROR (56), retrying
[36m[apify.tiktok-profile-scraper runId:vFNFpjo6NVW1boEWt][0m -> 2026-08-14T08:28:59.373Z     at async sendCurlRequest (file:///home/myuser/dist/src/tools/api/curl-request.js:27:43)[90m {"id":"IkWZjS3Sbqr98Xg","url":"https://www.tiktok.com/@pitch_087","retryCount":13}[39m
[36m[apify.tiktok-profile-scraper runId:vFNFpjo6NVW1boEWt][0m -> 2026-08-14T08:28:59.374Z [33mWARN[39m [33m CheerioCrawler:[39m Reclaiming failed request back to the list or queue. Failed to send API request with exit code: CURLE_RECV_ERROR (56), retrying
[36m[apify.tiktok-profile-scraper runId:vFNFpjo6NVW1boEWt][0m -> 2026-08-14T08:28:59.376Z     at async sendCurlRequest (file:///home/myuser/dist/src/tools/api/curl-request.js:27:43)[90m {"id":"fyi24wwk2n5N4cl","url":"https://www.tiktok.com/@noonanduanglada","retryCount":15}[39m
[36m[apify.tiktok-profile-scraper runId:vFNFpjo6NVW1boEWt][0m -> 2026-08-14T08:28:59.377Z [33mWARN[39m [33m CheerioCrawler:[39m Reclaiming failed request back to the list or queue. Failed to send API request with exit code: CURLE_RECV_ERROR (56), retrying
[36m[apify.tiktok-profile-scraper runId:vFNFpjo6NVW1boEWt][0m -> 2026-08-14T08:28:59.379Z     at async sendCurlRequest (file:///home/myuser/dist/src/tools/api/curl-request.js:27:43)[90m {"id":"YoUBrJLs1YBjNON","url":"https://www.tiktok.com/@chalita_mungkhot","retryCount":15}[39m
[36m[apify.tiktok-profile-scraper runId:vFNFpjo6NVW1boEWt][0m -> 2026-08-14T08:28:59.392Z [31mERROR[39m[33m CheerioCrawler:[39m Request failed and reached maximum retries. Error: Failed to send API request with exit code: CURLE_RECV_ERROR (56), retrying
[36m[apify.tiktok-profile-scraper runId:vFNFpjo6NVW1boEWt][0m -> 2026-08-14T08:28:59.394Z     at CurlImpersonate.finishCurlSubprocess (/home/myuser/node_modules/apify-node-curl-impersonate/dist/curl-impersonate.js:234:19)
[36m[apify.tiktok-profile-scraper runId:vFNFpjo6NVW1boEWt][0m -> 2026-08-14T08:28:59.396Z     at async CurlImpersonate.handleCurlSubprocess (/home/myuser/node_modules/apify-node-curl-impersonate/dist/curl-impersonate.js:209:24)
[36m[apify.tiktok-profile-scraper runId:vFNFpjo6NVW1boEWt][0m -> 2026-08-14T08:28:59.402Z     at async CurlImpersonate.handleSendRequest (/home/myuser/node_modules/apify-node-curl-impersonate/dist/curl-impersonate.js:192:24)
[36m[apify.tiktok-profile-scraper runId:vFNFpjo6NVW1boEWt][0m -> 2026-08-14T08:28:59.404Z     at async CurlImpersonate.makeRequest (/home/myuser/node_modules/apify-node-curl-impersonate/dist/curl-impersonate.js:76:32)
[36m[apify.tiktok-profile-scraper runId:vFNFpjo6NVW1boEWt][0m -> 2026-08-14T08:28:59.405Z     at async sendCurlRequest (file:///home/myuser/dist/src/tools/api/curl-request.js:27:43)
[36m[apify.tiktok-profile-scraper runId:vFNFpjo6NVW1boEWt][0m -> 2026-08-14T08:28:59.407Z     at async file:///home/myuser/dist/src/tools/api/curl-request.js:62:18
[36m[apify.tiktok-profile-scraper runId:vFNFpjo6NVW1boEWt][0m -> 2026-08-14T08:28:59.408Z     at async makeWebApiCall (file:///home/myuser/dist/src/tools/api/web/make-web-api-call.js:39:26)
[36m[apify.tiktok-profile-scraper runId:vFNFpjo6NVW1boEWt][0m -> 2026-08-14T08:28:59.410Z     at async requestUserVideosAPI (file:///home/myuser/dist/src/routes/profile/profile-videos/profile-videos-route.js:247:22)
[36m[apify.tiktok-profile-scraper runId:vFNFpjo6NVW1boEWt][0m -> 2026-08-14T08:28:59.411Z     at async dealWithProfileListAPI (file:///home/myuser/dist/src/routes/profile/profile-videos/profile-videos-route.js:21:68)
[36m[apify.tiktok-profile-scraper runId:vFNFpjo6NVW1boEWt][0m -> 2026-08-14T08:28:59.413Z     at async file:///home/myuser/dist/src/crawler-factories/crawler.js:59:17[90m {"id":"3r5Qt4ost9Ml6yu","url":"https://www.tiktok.com/@wannaphainta2542","method":"GET","uniqueKey":"https://www.tiktok.com/@wannaphainta2542__0-3__videos"}[39m
[36m[apify.tiktok-profile-scraper runId:vFNFpjo6NVW1boEWt][0m -> 2026-08-14T08:28:59.414Z [31mERROR[39m[33m CheerioCrawler:[39m Request failed and reached maximum retries. Error: Failed to send API request with exit code: CURLE_RECV_ERROR (56), retrying
[36m[apify.tiktok-profile-scraper runId:vFNFpjo6NVW1boEWt][0m -> 2026-08-14T08:28:59.416Z     at CurlImpersonate.finishCurlSubprocess (/home/myuser/node_modules/apify-node-curl-impersonate/dist/curl-impersonate.js:234:19)
[36m[apify.tiktok-profile-scraper runId:vFNFpjo6NVW1boEWt][0m -> 2026-08-14T08:28:59.419Z     at async CurlImpersonate.handleCurlSubprocess (/home/myuser/node_modules/apify-node-curl-impersonate/dist/curl-impersonate.js:209:24)
[36m[apify.tiktok-profile-scraper runId:vFNFpjo6NVW1boEWt][0m -> 2026-08-14T08:28:59.422Z     at async CurlImpersonate.handleSendRequest (/home/myuser/node_modules/apify-node-curl-impersonate/dist/curl-impersonate.js:192:24)
[36m[apify.tiktok-profile-scraper runId:vFNFpjo6NVW1boEWt][0m -> 2026-08-14T08:28:59.423Z     at async CurlImpersonate.makeRequest (/home/myuser/node_modules/apify-node-curl-impersonate/dist/curl-impersonate.js:76:32)
[36m[apify.tiktok-profile-scraper runId:vFNFpjo6NVW1boEWt][0m -> 2026-08-14T08:28:59.425Z     at async sendCurlRequest (file:///home/myuser/dist/src/tools/api/curl-request.js:27:43)
[36m[apify.tiktok-profile-scraper runId:vFNFpjo6NVW1boEWt][0m -> 2026-08-14T08:28:59.426Z     at async file:///home/myuser/dist/src/tools/api/curl-request.js:62:18
[36m[apify.tiktok-profile-scraper runId:vFNFpjo6NVW1boEWt][0m -> 2026-08-14T08:28:59.428Z     at async makeWebApiCall (file:///home/myuser/dist/src/tools/api/web/make-web-api-call.js:39:26)
[36m[apify.tiktok-profile-scraper runId:vFNFpjo6NVW1boEWt][0m -> 2026-08-14T08:28:59.429Z     at async requestUserVideosAPI (file:///home/myuser/dist/src/routes/profile/profile-videos/profile-videos-route.js:247:22)
[36m[apify.tiktok-profile-scraper runId:vFNFpjo6NVW1boEWt][0m -> 2026-08-14T08:28:59.431Z     at async dealWithProfileListAPI (file:///home/myuser/dist/src/routes/profile/profile-videos/profile-videos-route.js:21:68)
[36m[apify.tiktok-profile-scraper runId:vFNFpjo6NVW1boEWt][0m -> 2026-08-14T08:28:59.433Z     at async file:///home/myuser/dist/src/crawler-factories/crawler.js:59:17[90m {"id":"WpJ6qIGEMOc1jPO","url":"https://www.tiktok.com/@noonanduanglada","method":"GET","uniqueKey":"https://www.tiktok.com/@noonanduanglada__0-1__videos"}[39m
[36m[apify.tiktok-profile-scraper runId:vFNFpjo6NVW1boEWt][0m -> 2026-08-14T08:28:59.996Z [31mERROR[39m[33m CheerioCrawler:[39m Request failed and reached maximum retries. Error: Failed to send API request with exit code: CURLE_RECV_ERROR (56), retrying
[36m[apify.tiktok-profile-scraper runId:vFNFpjo6NVW1boEWt][0m -> 2026-08-14T08:29:00.008Z     at CurlImpersonate.finishCurlSubprocess (/home/myuser/node_modules/apify-node-curl-impersonate/dist/curl-impersonate.js:234:19)
[36m[apify.tiktok-profile-scraper runId:vFNFpjo6NVW1boEWt][0m -> 2026-08-14T08:29:00.011Z     at async CurlImpersonate.handleCurlSubprocess (/home/myuser/node_modules/apify-node-curl-impersonate/dist/curl-impersonate.js:209:24)
[36m[apify.tiktok-profile-scraper runId:vFNFpjo6NVW1boEWt][0m -> 2026-08-14T08:29:00.012Z     at async CurlImpersonate.handleSendRequest (/home/myuser/node_modules/apify-node-curl-impersonate/dist/curl-impersonate.js:192:24)
[36m[apify.tiktok-profile-scraper runId:vFNFpjo6NVW1boEWt][0m -> 2026-08-14T08:29:00.014Z     at async CurlImpersonate.makeRequest (/home/myuser/node_modules/apify-node-curl-impersonate/dist/curl-impersonate.js:76:32)
[36m[apify.tiktok-profile-scraper runId:vFNFpjo6NVW1boEWt][0m -> 2026-08-14T08:29:00.016Z     at async sendCurlRequest (file:///home/myuser/dist/src/tools/api/curl-request.js:27:43)
[36m[apify.tiktok-profile-scraper runId:vFNFpjo6NVW1boEWt][0m -> 2026-08-14T08:29:00.017Z     at async file:///home/myuser/dist/src/tools/api/curl-request.js:62:18
[36m[apify.tiktok-profile-scraper runId:vFNFpjo6NVW1boEWt][0m -> 2026-08-14T08:29:00.019Z     at async makeWebApiCall (file:///home/myuser/dist/src/tools/api/web/make-web-api-call.js:39:26)
[36m[apify.tiktok-profile-scraper runId:vFNFpjo6NVW1boEWt][0m -> 2026-08-14T08:29:00.020Z     at async requestUserVideosAPI (file:///home/myuser/dist/src/routes/profile/profile-videos/profile-videos-route.js:247:22)
[36m[apify.tiktok-profile-scraper runId:vFNFpjo6NVW1boEWt][0m -> 2026-08-14T08:29:00.023Z     at async dealWithProfileListAPI (file:///home/myuser/dist/src/routes/profile/profile-videos/profile-videos-route.js:21:68)
[36m[apify.tiktok-profile-scraper runId:vFNFpjo6NVW1boEWt][0m -> Status: RUNNING, Message: Experiencing problems, 4 failed requests in the past 10 seconds.
[36m[apify.tiktok-profile-scraper runId:vFNFpjo6NVW1boEWt][0m -> 2026-08-14T08:29:00.024Z     at async file:///home/myuser/dist/src/crawler-factories/crawler.js:59:17[90m {"id":"ACf0T1QAYNSEGrf","url":"https://www.tiktok.com/@chalita_mungkhot","method":"GET","uniqueKey":"https://www.tiktok.com/@chalita_mungkhot__0-0__videos"}[39m
[36m[apify.tiktok-profile-scraper runId:vFNFpjo6NVW1boEWt][0m -> 2026-08-14T08:29:01.215Z [33mWARN[39m [33m CheerioCrawler:[39m Reclaiming failed request back to the list or queue. Failed to parse TikTok response: Unexpected end of JSON input --- https://www.tiktok.com/@pitch_087
[36m[apify.tiktok-profile-scraper runId:vFNFpjo6NVW1boEWt][0m -> 2026-08-14T08:29:01.217Z     at makeWebApiCall (file:///home/myuser/dist/src/tools/api/web/make-web-api-call.js:114:23)[90m {"id":"rRZQ8kywLGQaOnb","url":"https://www.tiktok.com/@pitch_087","retryCount":14}[39m
[36m[apify.tiktok-profile-scraper runId:vFNFpjo6NVW1boEWt][0m -> 2026-08-14T08:29:01.607Z [31mERROR[39m[33m CheerioCrawler:[39m Request failed and reached maximum retries. Error: Failed to send API request with exit code: CURLE_RECV_ERROR (56), retrying
[36m[apify.tiktok-profile-scraper runId:vFNFpjo6NVW1boEWt][0m -> 2026-08-14T08:29:01.608Z     at CurlImpersonate.finishCurlSubprocess (/home/myuser/node_modules/apify-node-curl-impersonate/dist/curl-impersonate.js:234:19)
[36m[apify.tiktok-profile-scraper runId:vFNFpjo6NVW1boEWt][0m -> 2026-08-14T08:29:01.610Z     at async CurlImpersonate.handleCurlSubprocess (/home/myuser/node_modules/apify-node-curl-impersonate/dist/curl-impersonate.js:209:24)
[36m[apify.tiktok-profile-scraper runId:vFNFpjo6NVW1boEWt][0m -> 2026-08-14T08:29:01.611Z     at async CurlImpersonate.handleSendRequest (/home/myuser/node_modules/apify-node-curl-impersonate/dist/curl-impersonate.js:192:24)
[36m[apify.tiktok-profile-scraper runId:vFNFpjo6NVW1boEWt][0m -> 2026-08-14T08:29:01.613Z     at async CurlImpersonate.makeRequest (/home/myuser/node_modules/apify-node-curl-impersonate/dist/curl-impersonate.js:76:32)
[36m[apify.tiktok-profile-scraper runId:vFNFpjo6NVW1boEWt][0m -> 2026-08-14T08:29:01.615Z     at async sendCurlRequest (file:///home/myuser/dist/src/tools/api/curl-request.js:27:43)
[36m[apify.tiktok-profile-scraper runId:vFNFpjo6NVW1boEWt][0m -> 2026-08-14T08:29:01.617Z     at async file:///home/myuser/dist/src/tools/api/curl-request.js:62:18
[36m[apify.tiktok-profile-scraper runId:vFNFpjo6NVW1boEWt][0m -> 2026-08-14T08:29:01.618Z     at async makeWebApiCall (file:///home/myuser/dist/src/tools/api/web/make-web-api-call.js:39:26)
[36m[apify.tiktok-profile-scraper runId:vFNFpjo6NVW1boEWt][0m -> 2026-08-14T08:29:01.620Z     at async requestUserVideosAPI (file:///home/myuser/dist/src/routes/profile/profile-videos/profile-videos-route.js:247:22)
[36m[apify.tiktok-profile-scraper runId:vFNFpjo6NVW1boEWt][0m -> 2026-08-14T08:29:01.622Z     at async dealWithProfileListAPI (file:///home/myuser/dist/src/routes/profile/profile-videos/profile-videos-route.js:21:68)
[36m[apify.tiktok-profile-scraper runId:vFNFpjo6NVW1boEWt][0m -> 2026-08-14T08:29:01.632Z     at async file:///home/myuser/dist/src/crawler-factories/crawler.js:59:17[90m {"id":"R1QJu9Id5jXOPSc","url":"https://www.tiktok.com/@n_kacha629","method":"GET","uniqueKey":"https://www.tiktok.com/@n_kacha629__0-3__videos"}[39m
[36m[apify.tiktok-profile-scraper runId:vFNFpjo6NVW1boEWt][0m -> 2026-08-14T08:29:01.772Z [31mERROR[39m[33m CheerioCrawler:[39m Request failed and reached maximum retries. Error: Failed to parse TikTok response: Unexpected end of JSON input --- https://www.tiktok.com/@chalita_mungkhot
[36m[apify.tiktok-profile-scraper runId:vFNFpjo6NVW1boEWt][0m -> 2026-08-14T08:29:01.773Z     at makeWebApiCall (file:///home/myuser/dist/src/tools/api/web/make-web-api-call.js:114:23)
[36m[apify.tiktok-profile-scraper runId:vFNFpjo6NVW1boEWt][0m -> 2026-08-14T08:29:01.775Z     at async requestUserVideosAPI (file:///home/myuser/dist/src/routes/profile/profile-videos/profile-videos-route.js:247:22)
[36m[apify.tiktok-profile-scraper runId:vFNFpjo6NVW1boEWt][0m -> 2026-08-14T08:29:01.777Z     at async dealWithProfileListAPI (file:///home/myuser/dist/src/routes/profile/profile-videos/profile-videos-route.js:21:68)
[36m[apify.tiktok-profile-scraper runId:vFNFpjo6NVW1boEWt][0m -> 2026-08-14T08:29:01.778Z     at async file:///home/myuser/dist/src/crawler-factories/crawler.js:59:17
[36m[apify.tiktok-profile-scraper runId:vFNFpjo6NVW1boEWt][0m -> 2026-08-14T08:29:01.780Z     at async CheerioCrawler.requestHandler (file:///home/myuser/dist/src/crawler-factories/crawler.js:58:13)
[36m[apify.tiktok-profile-scraper runId:vFNFpjo6NVW1boEWt][0m -> 2026-08-14T08:29:01.782Z     at async wrap (/home/myuser/node_modules/@apify/timeout/cjs/index.cjs:54:21)[90m {"id":"5clOpkLREKf8EH1","url":"https://www.tiktok.com/@chalita_mungkhot","method":"GET","uniqueKey":"https://www.tiktok.com/@chalita_mungkhot__0-1__videos"}[39m
[36m[apify.tiktok-profile-scraper runId:vFNFpjo6NVW1boEWt][0m -> 2026-08-14T08:29:02.522Z [31mERROR[39m[33m CheerioCrawler:[39m Request failed and reached maximum retries. Error: Failed to parse TikTok response: Unexpected end of JSON input --- https://www.tiktok.com/@pitch_087
[36m[apify.tiktok-profile-scraper runId:vFNFpjo6NVW1boEWt][0m -> 2026-08-14T08:29:02.523Z     at makeWebApiCall (file:///home/myuser/dist/src/tools/api/web/make-web-api-call.js:114:23)
[36m[apify.tiktok-profile-scraper runId:vFNFpjo6NVW1boEWt][0m -> 2026-08-14T08:29:02.525Z     at process.processTicksAndRejections (node:internal/process/task_queues:104:5)
[36m[apify.tiktok-profile-scraper runId:vFNFpjo6NVW1boEWt][0m -> 2026-08-14T08:29:02.527Z     at async requestUserVideosAPI (file:///home/myuser/dist/src/routes/profile/profile-videos/profile-videos-route.js:247:22)
[36m[apify.tiktok-profile-scraper runId:vFNFpjo6NVW1boEWt][0m -> 2026-08-14T08:29:02.531Z     at async dealWithProfileListAPI (file:///home/myuser/dist/src/routes/profile/profile-videos/profile-videos-route.js:21:68)
[36m[apify.tiktok-profile-scraper runId:vFNFpjo6NVW1boEWt][0m -> 2026-08-14T08:29:02.533Z     at async file:///home/myuser/dist/src/crawler-factories/crawler.js:59:17
[36m[apify.tiktok-profile-scraper runId:vFNFpjo6NVW1boEWt][0m -> 2026-08-14T08:29:02.535Z     at async CheerioCrawler.requestHandler (file:///home/myuser/dist/src/crawler-factories/crawler.js:58:13)
[36m[apify.tiktok-profile-scraper runId:vFNFpjo6NVW1boEWt][0m -> 2026-08-14T08:29:02.537Z     at async wrap (/home/myuser/node_modules/@apify/timeout/cjs/index.cjs:54:21)[90m {"id":"FLwEcz7FMbnvYuA","url":"https://www.tiktok.com/@pitch_087","method":"GET","uniqueKey":"https://www.tiktok.com/@pitch_087__0-4__videos"}[39m
[36m[apify.tiktok-profile-scraper runId:vFNFpjo6NVW1boEWt][0m -> 2026-08-14T08:29:02.977Z [31mERROR[39m[33m CheerioCrawler:[39m Request failed and reached maximum retries. Error: Failed to parse TikTok response: Unexpected end of JSON input --- https://www.tiktok.com/@n_kacha629
[36m[apify.tiktok-profile-scraper runId:vFNFpjo6NVW1boEWt][0m -> 2026-08-14T08:29:02.989Z     at makeWebApiCall (file:///home/myuser/dist/src/tools/api/web/make-web-api-call.js:114:23)
[36m[apify.tiktok-profile-scraper runId:vFNFpjo6NVW1boEWt][0m -> 2026-08-14T08:29:02.991Z     at async requestUserVideosAPI (file:///home/myuser/dist/src/routes/profile/profile-videos/profile-videos-route.js:247:22)
[36m[apify.tiktok-profile-scraper runId:vFNFpjo6NVW1boEWt][0m -> 2026-08-14T08:29:02.995Z     at async dealWithProfileListAPI (file:///home/myuser/dist/src/routes/profile/profile-videos/profile-videos-route.js:21:68)
[36m[apify.tiktok-profile-scraper runId:vFNFpjo6NVW1boEWt][0m -> 2026-08-14T08:29:02.997Z     at async file:///home/myuser/dist/src/crawler-factories/crawler.js:59:17
[36m[apify.tiktok-profile-scraper runId:vFNFpjo6NVW1boEWt][0m -> 2026-08-14T08:29:02.999Z     at async CheerioCrawler.requestHandler (file:///home/myuser/dist/src/crawler-factories/crawler.js:58:13)
[36m[apify.tiktok-profile-scraper runId:vFNFpjo6NVW1boEWt][0m -> 2026-08-14T08:29:03.001Z     at async wrap (/home/myuser/node_modules/@apify/timeout/cjs/index.cjs:54:21)[90m {"id":"ZBEWRiNN8xmOXrb","url":"https://www.tiktok.com/@n_kacha629","method":"GET","uniqueKey":"https://www.tiktok.com/@n_kacha629__0-1__videos"}[39m
[36m[apify.tiktok-profile-scraper runId:vFNFpjo6NVW1boEWt][0m -> 2026-08-14T08:29:03.004Z [31mERROR[39m[33m CheerioCrawler:[39m Request failed and reached maximum retries. Error: Failed to parse TikTok response: Unexpected end of JSON input --- https://www.tiktok.com/@n_kacha629
[36m[apify.tiktok-profile-scraper runId:vFNFpjo6NVW1boEWt][0m -> 2026-08-14T08:29:03.005Z     at makeWebApiCall (file:///home/myuser/dist/src/tools/api/web/make-web-api-call.js:114:23)
[36m[apify.tiktok-profile-scraper runId:vFNFpjo6NVW1boEWt][0m -> 2026-08-14T08:29:03.007Z     at async requestUserVideosAPI (file:///home/myuser/dist/src/routes/profile/profile-videos/profile-videos-route.js:247:22)
[36m[apify.tiktok-profile-scraper runId:vFNFpjo6NVW1boEWt][0m -> 2026-08-14T08:29:03.008Z     at async dealWithProfileListAPI (file:///home/myuser/dist/src/routes/profile/profile-videos/profile-videos-route.js:21:68)
[36m[apify.tiktok-profile-scraper runId:vFNFpjo6NVW1boEWt][0m -> 2026-08-14T08:29:03.011Z     at async file:///home/myuser/dist/src/crawler-factories/crawler.js:59:17
[36m[apify.tiktok-profile-scraper runId:vFNFpjo6NVW1boEWt][0m -> 2026-08-14T08:29:03.012Z     at async CheerioCrawler.requestHandler (file:///home/myuser/dist/src/crawler-factories/crawler.js:58:13)
[36m[apify.tiktok-profile-scraper runId:vFNFpjo6NVW1boEWt][0m -> 2026-08-14T08:29:03.014Z     at async wrap (/home/myuser/node_modules/@apify/timeout/cjs/index.cjs:54:21)[90m {"id":"CrgCJMIdrftG3wy","url":"https://www.tiktok.com/@n_kacha629","method":"GET","uniqueKey":"https://www.tiktok.com/@n_kacha629__0-0__videos"}[39m
[36m[apify.tiktok-profile-scraper runId:vFNFpjo6NVW1boEWt][0m -> 2026-08-14T08:29:03.224Z [33mWARN[39m [33m CheerioCrawler:[39m Reclaiming failed request back to the list or queue. Failed to parse TikTok response: Unexpected end of JSON input --- https://www.tiktok.com/@chalita_mungkhot
[36m[apify.tiktok-profile-scraper runId:vFNFpjo6NVW1boEWt][0m -> 2026-08-14T08:29:03.225Z     at makeWebApiCall (file:///home/myuser/dist/src/tools/api/web/make-web-api-call.js:114:23)[90m {"id":"nFJ8MIRdCgCZHo6","url":"https://www.tiktok.com/@chalita_mungkhot","retryCount":14}[39m
[36m[apify.tiktok-profile-scraper runId:vFNFpjo6NVW1boEWt][0m -> 2026-08-14T08:29:03.314Z [33mWARN[39m [33m CheerioCrawler:[39m Reclaiming failed request back to the list or queue. Failed to parse TikTok response: Unexpected end of JSON input --- https://www.tiktok.com/@noonanduanglada
[36m[apify.tiktok-profile-scraper runId:vFNFpjo6NVW1boEWt][0m -> 2026-08-14T08:29:03.315Z     at makeWebApiCall (file:///home/myuser/dist/src/tools/api/web/make-web-api-call.js:114:23)[90m {"id":"hyxJveyRxoclL1o","url":"https://www.tiktok.com/@noonanduanglada","retryCount":12}[39m
[36m[apify.tiktok-profile-scraper runId:vFNFpjo6NVW1boEWt][0m -> 2026-08-14T08:29:03.692Z [31mERROR[39m[33m CheerioCrawler:[39m Request failed and reached maximum retries. Error: Failed to parse TikTok response: Unexpected end of JSON input --- https://www.tiktok.com/@wannaphainta2542
[36m[apify.tiktok-profile-scraper runId:vFNFpjo6NVW1boEWt][0m -> 2026-08-14T08:29:03.694Z     at makeWebApiCall (file:///home/myuser/dist/src/tools/api/web/make-web-api-call.js:114:23)
[36m[apify.tiktok-profile-scraper runId:vFNFpjo6NVW1boEWt][0m -> 2026-08-14T08:29:03.695Z     at process.processTicksAndRejections (node:internal/process/task_queues:104:5)
[36m[apify.tiktok-profile-scraper runId:vFNFpjo6NVW1boEWt][0m -> 2026-08-14T08:29:03.697Z     at async requestUserVideosAPI (file:///home/myuser/dist/src/routes/profile/profile-videos/profile-videos-route.js:247:22)
[36m[apify.tiktok-profile-scraper runId:vFNFpjo6NVW1boEWt][0m -> 2026-08-14T08:29:03.699Z     at async dealWithProfileListAPI (file:///home/myuser/dist/src/routes/profile/profile-videos/profile-videos-route.js:21:68)
[36m[apify.tiktok-profile-scraper runId:vFNFpjo6NVW1boEWt][0m -> 2026-08-14T08:29:03.700Z     at async file:///home/myuser/dist/src/crawler-factories/crawler.js:59:17
[36m[apify.tiktok-profile-scraper runId:vFNFpjo6NVW1boEWt][0m -> 2026-08-14T08:29:03.702Z     at async CheerioCrawler.requestHandler (file:///home/myuser/dist/src/crawler-factories/crawler.js:58:13)
[36m[apify.tiktok-profile-scraper runId:vFNFpjo6NVW1boEWt][0m -> 2026-08-14T08:29:03.703Z     at async wrap (/home/myuser/node_modules/@apify/timeout/cjs/index.cjs:54:21)[90m {"id":"DrX7PJcrX2E9CLp","url":"https://www.tiktok.com/@wannaphainta2542","method":"GET","uniqueKey":"https://www.tiktok.com/@wannaphainta2542__0-2__videos"}[39m
[36m[apify.tiktok-profile-scraper runId:vFNFpjo6NVW1boEWt][0m -> 2026-08-14T08:29:03.909Z [31mERROR[39m[33m CheerioCrawler:[39m Request failed and reached maximum retries. Error: Failed to parse TikTok response: Unexpected end of JSON input --- https://www.tiktok.com/@chalita_mungkhot
[36m[apify.tiktok-profile-scraper runId:vFNFpjo6NVW1boEWt][0m -> 2026-08-14T08:29:03.911Z     at makeWebApiCall (file:///home/myuser/dist/src/tools/api/web/make-web-api-call.js:114:23)
[36m[apify.tiktok-profile-scraper runId:vFNFpjo6NVW1boEWt][0m -> 2026-08-14T08:29:03.913Z     at process.processTicksAndRejections (node:internal/process/task_queues:104:5)
[36m[apify.tiktok-profile-scraper runId:vFNFpjo6NVW1boEWt][0m -> 2026-08-14T08:29:03.914Z     at async requestUserVideosAPI (file:///home/myuser/dist/src/routes/profile/profile-videos/profile-videos-route.js:247:22)
[36m[apify.tiktok-profile-scraper runId:vFNFpjo6NVW1boEWt][0m -> 2026-08-14T08:29:03.916Z     at async dealWithProfileListAPI (file:///home/myuser/dist/src/routes/profile/profile-videos/profile-videos-route.js:21:68)
[36m[apify.tiktok-profile-scraper runId:vFNFpjo6NVW1boEWt][0m -> 2026-08-14T08:29:03.918Z     at async file:///home/myuser/dist/src/crawler-factories/crawler.js:59:17
[36m[apify.tiktok-profile-scraper runId:vFNFpjo6NVW1boEWt][0m -> 2026-08-14T08:29:03.919Z     at async CheerioCrawler.requestHandler (file:///home/myuser/dist/src/crawler-factories/crawler.js:58:13)
[36m[apify.tiktok-profile-scraper runId:vFNFpjo6NVW1boEWt][0m -> 2026-08-14T08:29:03.921Z     at async wrap (/home/myuser/node_modules/@apify/timeout/cjs/index.cjs:54:21)[90m {"id":"gW1rR1p3i9Qk4mn","url":"https://www.tiktok.com/@chalita_mungkhot","method":"GET","uniqueKey":"https://www.tiktok.com/@chalita_mungkhot__0-4__videos"}[39m
[36m[apify.tiktok-profile-scraper runId:vFNFpjo6NVW1boEWt][0m -> 2026-08-14T08:29:03.971Z [31mERROR[39m[33m CheerioCrawler:[39m Request failed and reached maximum retries. Error: Failed to parse TikTok response: Unexpected end of JSON input --- https://www.tiktok.com/@noonanduanglada
[36m[apify.tiktok-profile-scraper runId:vFNFpjo6NVW1boEWt][0m -> 2026-08-14T08:29:03.975Z     at makeWebApiCall (file:///home/myuser/dist/src/tools/api/web/make-web-api-call.js:114:23)
[36m[apify.tiktok-profile-scraper runId:vFNFpjo6NVW1boEWt][0m -> 2026-08-14T08:29:03.981Z     at process.processTicksAndRejections (node:internal/process/task_queues:104:5)
[36m[apify.tiktok-profile-scraper runId:vFNFpjo6NVW1boEWt][0m -> 2026-08-14T08:29:03.983Z     at async requestUserVideosAPI (file:///home/myuser/dist/src/routes/profile/profile-videos/profile-videos-route.js:247:22)
[36m[apify.tiktok-profile-scraper runId:vFNFpjo6NVW1boEWt][0m -> 2026-08-14T08:29:03.984Z     at async dealWithProfileListAPI (file:///home/myuser/dist/src/routes/profile/profile-videos/profile-videos-route.js:21:68)
[36m[apify.tiktok-profile-scraper runId:vFNFpjo6NVW1boEWt][0m -> 2026-08-14T08:29:03.986Z     at async file:///home/myuser/dist/src/crawler-factories/crawler.js:59:17
[36m[apify.tiktok-profile-scraper runId:vFNFpjo6NVW1boEWt][0m -> 2026-08-14T08:29:03.988Z     at async CheerioCrawler.requestHandler (file:///home/myuser/dist/src/crawler-factories/crawler.js:58:13)
[36m[apify.tiktok-profile-scraper runId:vFNFpjo6NVW1boEWt][0m -> 2026-08-14T08:29:03.990Z     at async wrap (/home/myuser/node_modules/@apify/timeout/cjs/index.cjs:54:21)[90m {"id":"Owmv1PoJcWfUjZu","url":"https://www.tiktok.com/@noonanduanglada","method":"GET","uniqueKey":"https://www.tiktok.com/@noonanduanglada__0-4__videos"}[39m
[36m[apify.tiktok-profile-scraper runId:vFNFpjo6NVW1boEWt][0m -> 2026-08-14T08:29:03.992Z [33mWARN[39m [33m CheerioCrawler:[39m Reclaiming failed request back to the list or queue. Failed to parse TikTok response: Unexpected end of JSON input --- https://www.tiktok.com/@wannaphainta2542
[36m[apify.tiktok-profile-scraper runId:vFNFpjo6NVW1boEWt][0m -> 2026-08-14T08:29:03.994Z     at makeWebApiCall (file:///home/myuser/dist/src/tools/api/web/make-web-api-call.js:114:23)[90m {"id":"PsSFe8QjBPyipYY","url":"https://www.tiktok.com/@wannaphainta2542","retryCount":14}[39m
[36m[apify.tiktok-profile-scraper runId:vFNFpjo6NVW1boEWt][0m -> 2026-08-14T08:29:05.187Z [31mERROR[39m[33m CheerioCrawler:[39m Request failed and reached maximum retries. Error: Failed to parse TikTok response: Unexpected end of JSON input --- https://www.tiktok.com/@noonanduanglada
[36m[apify.tiktok-profile-scraper runId:vFNFpjo6NVW1boEWt][0m -> 2026-08-14T08:29:05.188Z     at makeWebApiCall (file:///home/myuser/dist/src/tools/api/web/make-web-api-call.js:114:23)
[36m[apify.tiktok-profile-scraper runId:vFNFpjo6NVW1boEWt][0m -> 2026-08-14T08:29:05.190Z     at async requestUserVideosAPI (file:///home/myuser/dist/src/routes/profile/profile-videos/profile-videos-route.js:247:22)
[36m[apify.tiktok-profile-scraper runId:vFNFpjo6NVW1boEWt][0m -> 2026-08-14T08:29:05.192Z     at async dealWithProfileListAPI (file:///home/myuser/dist/src/routes/profile/profile-videos/profile-videos-route.js:21:68)
[36m[apify.tiktok-profile-scraper runId:vFNFpjo6NVW1boEWt][0m -> 2026-08-14T08:29:05.194Z     at async file:///home/myuser/dist/src/crawler-factories/crawler.js:59:17
[36m[apify.tiktok-profile-scraper runId:vFNFpjo6NVW1boEWt][0m -> 2026-08-14T08:29:05.195Z     at async CheerioCrawler.requestHandler (file:///home/myuser/dist/src/crawler-factories/crawler.js:58:13)
[36m[apify.tiktok-profile-scraper runId:vFNFpjo6NVW1boEWt][0m -> 2026-08-14T08:29:05.197Z     at async wrap (/home/myuser/node_modules/@apify/timeout/cjs/index.cjs:54:21)[90m {"id":"fyi24wwk2n5N4cl","url":"https://www.tiktok.com/@noonanduanglada","method":"GET","uniqueKey":"https://www.tiktok.com/@noonanduanglada__0-2__videos"}[39m
[36m[apify.tiktok-profile-scraper runId:vFNFpjo6NVW1boEWt][0m -> 2026-08-14T08:29:05.341Z [33mWARN[39m [33m CheerioCrawler:[39m Reclaiming failed request back to the list or queue. Failed to parse TikTok response: Unexpected end of JSON input --- https://www.tiktok.com/@pitch_087
[36m[apify.tiktok-profile-scraper runId:vFNFpjo6NVW1boEWt][0m -> 2026-08-14T08:29:05.343Z     at makeWebApiCall (file:///home/myuser/dist/src/tools/api/web/make-web-api-call.js:114:23)[90m {"id":"rRZQ8kywLGQaOnb","url":"https://www.tiktok.com/@pitch_087","retryCount":15}[39m
[36m[apify.tiktok-profile-scraper runId:vFNFpjo6NVW1boEWt][0m -> 2026-08-14T08:29:05.475Z [31mERROR[39m[33m CheerioCrawler:[39m Request failed and reached maximum retries. Error: Failed to parse TikTok response: Unexpected end of JSON input --- https://www.tiktok.com/@chalita_mungkhot
[36m[apify.tiktok-profile-scraper runId:vFNFpjo6NVW1boEWt][0m -> 2026-08-14T08:29:05.479Z     at makeWebApiCall (file:///home/myuser/dist/src/tools/api/web/make-web-api-call.js:114:23)
[36m[apify.tiktok-profile-scraper runId:vFNFpjo6NVW1boEWt][0m -> 2026-08-14T08:29:05.481Z     at async requestUserVideosAPI (file:///home/myuser/dist/src/routes/profile/profile-videos/profile-videos-route.js:247:22)
[36m[apify.tiktok-profile-scraper runId:vFNFpjo6NVW1boEWt][0m -> 2026-08-14T08:29:05.483Z     at async dealWithProfileListAPI (file:///home/myuser/dist/src/routes/profile/profile-videos/profile-videos-route.js:21:68)
[36m[apify.tiktok-profile-scraper runId:vFNFpjo6NVW1boEWt][0m -> 2026-08-14T08:29:05.485Z     at async file:///home/myuser/dist/src/crawler-factories/crawler.js:59:17
[36m[apify.tiktok-profile-scraper runId:vFNFpjo6NVW1boEWt][0m -> 2026-08-14T08:29:05.486Z     at async CheerioCrawler.requestHandler (file:///home/myuser/dist/src/crawler-factories/crawler.js:58:13)
[36m[apify.tiktok-profile-scraper runId:vFNFpjo6NVW1boEWt][0m -> 2026-08-14T08:29:05.492Z     at async wrap (/home/myuser/node_modules/@apify/timeout/cjs/index.cjs:54:21)[90m {"id":"YoUBrJLs1YBjNON","url":"https://www.tiktok.com/@chalita_mungkhot","method":"GET","uniqueKey":"https://www.tiktok.com/@chalita_mungkhot__0-3__videos"}[39m
[36m[apify.tiktok-profile-scraper runId:vFNFpjo6NVW1boEWt][0m -> 2026-08-14T08:29:05.825Z [31mERROR[39m[33m CheerioCrawler:[39m Request failed and reached maximum retries. Error: Failed to parse TikTok response: Unexpected end of JSON input --- https://www.tiktok.com/@noonanduanglada
[36m[apify.tiktok-profile-scraper runId:vFNFpjo6NVW1boEWt][0m -> 2026-08-14T08:29:05.827Z     at makeWebApiCall (file:///home/myuser/dist/src/tools/api/web/make-web-api-call.js:114:23)
[36m[apify.tiktok-profile-scraper runId:vFNFpjo6NVW1boEWt][0m -> 2026-08-14T08:29:05.828Z     at async requestUserVideosAPI (file:///home/myuser/dist/src/routes/profile/profile-videos/profile-videos-route.js:247:22)
[36m[apify.tiktok-profile-scraper runId:vFNFpjo6NVW1boEWt][0m -> 2026-08-14T08:29:05.830Z     at async dealWithProfileListAPI (file:///home/myuser/dist/src/routes/profile/profile-videos/profile-videos-route.js:21:68)
[36m[apify.tiktok-profile-scraper runId:vFNFpjo6NVW1boEWt][0m -> 2026-08-14T08:29:05.832Z     at async file:///home/myuser/dist/src/crawler-factories/crawler.js:59:17
[36m[apify.tiktok-profile-scraper runId:vFNFpjo6NVW1boEWt][0m -> 2026-08-14T08:29:05.833Z     at async CheerioCrawler.requestHandler (file:///home/myuser/dist/src/crawler-factories/crawler.js:58:13)
[36m[apify.tiktok-profile-scraper runId:vFNFpjo6NVW1boEWt][0m -> 2026-08-14T08:29:05.835Z     at async wrap (/home/myuser/node_modules/@apify/timeout/cjs/index.cjs:54:21)[90m {"id":"zcLioExri2lTNhL","url":"https://www.tiktok.com/@noonanduanglada","method":"GET","uniqueKey":"https://www.tiktok.com/@noonanduanglada__0-0__videos"}[39m
[36m[apify.tiktok-profile-scraper runId:vFNFpjo6NVW1boEWt][0m -> 2026-08-14T08:29:06.562Z [33mWARN[39m [33m CheerioCrawler:[39m Reclaiming failed request back to the list or queue. Failed to parse TikTok response: Unexpected end of JSON input --- https://www.tiktok.com/@pitch_087
[36m[apify.tiktok-profile-scraper runId:vFNFpjo6NVW1boEWt][0m -> 2026-08-14T08:29:06.564Z     at makeWebApiCall (file:///home/myuser/dist/src/tools/api/web/make-web-api-call.js:114:23)[90m {"id":"IkWZjS3Sbqr98Xg","url":"https://www.tiktok.com/@pitch_087","retryCount":14}[39m
[36m[apify.tiktok-profile-scraper runId:vFNFpjo6NVW1boEWt][0m -> 2026-08-14T08:29:07.162Z [33mWARN[39m [33m CheerioCrawler:[39m Reclaiming failed request back to the list or queue. Failed to parse TikTok response: Unexpected end of JSON input --- https://www.tiktok.com/@pitch_087
[36m[apify.tiktok-profile-scraper runId:vFNFpjo6NVW1boEWt][0m -> 2026-08-14T08:29:07.164Z     at makeWebApiCall (file:///home/myuser/dist/src/tools/api/web/make-web-api-call.js:114:23)[90m {"id":"f7O9HO4qXIEc8Sc","url":"https://www.tiktok.com/@pitch_087","retryCount":13}[39m
[36m[apify.tiktok-profile-scraper runId:vFNFpjo6NVW1boEWt][0m -> 2026-08-14T08:29:08.519Z [33mWARN[39m [33m CheerioCrawler:[39m Reclaiming failed request back to the list or queue. Failed to parse TikTok response: Unexpected end of JSON input --- https://www.tiktok.com/@chalita_mungkhot
[36m[apify.tiktok-profile-scraper runId:vFNFpjo6NVW1boEWt][0m -> 2026-08-14T08:29:08.521Z     at makeWebApiCall (file:///home/myuser/dist/src/tools/api/web/make-web-api-call.js:114:23)[90m {"id":"nFJ8MIRdCgCZHo6","url":"https://www.tiktok.com/@chalita_mungkhot","retryCount":15}[39m
[36m[apify.tiktok-profile-scraper runId:vFNFpjo6NVW1boEWt][0m -> 2026-08-14T08:29:09.090Z [33mWARN[39m [33m CheerioCrawler:[39m Reclaiming failed request back to the list or queue. Failed to parse TikTok response: Unexpected end of JSON input --- https://www.tiktok.com/@noonanduanglada
[36m[apify.tiktok-profile-scraper runId:vFNFpjo6NVW1boEWt][0m -> 2026-08-14T08:29:09.093Z     at makeWebApiCall (file:///home/myuser/dist/src/tools/api/web/make-web-api-call.js:114:23)[90m {"id":"hyxJveyRxoclL1o","url":"https://www.tiktok.com/@noonanduanglada","retryCount":13}[39m
[36m[apify.tiktok-profile-scraper runId:vFNFpjo6NVW1boEWt][0m -> 2026-08-14T08:29:09.141Z [32mINFO[39m  [Status message]: Scraped 1/5 profiles
[36m[apify.tiktok-profile-scraper runId:vFNFpjo6NVW1boEWt][0m -> 2026-08-14T08:29:09.265Z [33mWARN[39m [33m CheerioCrawler:[39m Reclaiming failed request back to the list or queue. Failed to parse TikTok response: Unexpected end of JSON input --- https://www.tiktok.com/@wannaphainta2542
[36m[apify.tiktok-profile-scraper runId:vFNFpjo6NVW1boEWt][0m -> Status: RUNNING, Message: Scraped 1/5 profiles
[36m[apify.tiktok-profile-scraper runId:vFNFpjo6NVW1boEWt][0m -> 2026-08-14T08:29:09.267Z     at makeWebApiCall (file:///home/myuser/dist/src/tools/api/web/make-web-api-call.js:114:23)[90m {"id":"PsSFe8QjBPyipYY","url":"https://www.tiktok.com/@wannaphainta2542","retryCount":15}[39m
[36m[apify.tiktok-profile-scraper runId:vFNFpjo6NVW1boEWt][0m -> 2026-08-14T08:29:10.163Z [31mERROR[39m[33m CheerioCrawler:[39m Request failed and reached maximum retries. Error: Failed to parse TikTok response: Unexpected end of JSON input --- https://www.tiktok.com/@pitch_087
[36m[apify.tiktok-profile-scraper runId:vFNFpjo6NVW1boEWt][0m -> 2026-08-14T08:29:10.165Z     at makeWebApiCall (file:///home/myuser/dist/src/tools/api/web/make-web-api-call.js:114:23)
[36m[apify.tiktok-profile-scraper runId:vFNFpjo6NVW1boEWt][0m -> 2026-08-14T08:29:10.167Z     at process.processTicksAndRejections (node:internal/process/task_queues:104:5)
[36m[apify.tiktok-profile-scraper runId:vFNFpjo6NVW1boEWt][0m -> 2026-08-14T08:29:10.169Z     at async requestUserVideosAPI (file:///home/myuser/dist/src/routes/profile/profile-videos/profile-videos-route.js:247:22)
[36m[apify.tiktok-profile-scraper runId:vFNFpjo6NVW1boEWt][0m -> 2026-08-14T08:29:10.170Z     at async dealWithProfileListAPI (file:///home/myuser/dist/src/routes/profile/profile-videos/profile-videos-route.js:21:68)
[36m[apify.tiktok-profile-scraper runId:vFNFpjo6NVW1boEWt][0m -> 2026-08-14T08:29:10.172Z     at async file:///home/myuser/dist/src/crawler-factories/crawler.js:59:17
[36m[apify.tiktok-profile-scraper runId:vFNFpjo6NVW1boEWt][0m -> 2026-08-14T08:29:10.174Z     at async CheerioCrawler.requestHandler (file:///home/myuser/dist/src/crawler-factories/crawler.js:58:13)
[36m[apify.tiktok-profile-scraper runId:vFNFpjo6NVW1boEWt][0m -> 2026-08-14T08:29:10.176Z     at async wrap (/home/myuser/node_modules/@apify/timeout/cjs/index.cjs:54:21)[90m {"id":"rRZQ8kywLGQaOnb","url":"https://www.tiktok.com/@pitch_087","method":"GET","uniqueKey":"https://www.tiktok.com/@pitch_087__0-1__videos"}[39m
[36m[apify.tiktok-profile-scraper runId:vFNFpjo6NVW1boEWt][0m -> 2026-08-14T08:29:11.747Z [33mWARN[39m [33m CheerioCrawler:[39m Reclaiming failed request back to the list or queue. Failed to parse TikTok response: Unexpected end of JSON input --- https://www.tiktok.com/@pitch_087
[36m[apify.tiktok-profile-scraper runId:vFNFpjo6NVW1boEWt][0m -> 2026-08-14T08:29:11.749Z     at makeWebApiCall (file:///home/myuser/dist/src/tools/api/web/make-web-api-call.js:114:23)[90m {"id":"IkWZjS3Sbqr98Xg","url":"https://www.tiktok.com/@pitch_087","retryCount":15}[39m
[36m[apify.tiktok-profile-scraper runId:vFNFpjo6NVW1boEWt][0m -> 2026-08-14T08:29:12.848Z [31mERROR[39m[33m CheerioCrawler:[39m Request failed and reached maximum retries. Error: Failed to send API request with exit code: CURLE_RECV_ERROR (56), retrying
[36m[apify.tiktok-profile-scraper runId:vFNFpjo6NVW1boEWt][0m -> 2026-08-14T08:29:12.850Z     at CurlImpersonate.finishCurlSubprocess (/home/myuser/node_modules/apify-node-curl-impersonate/dist/curl-impersonate.js:234:19)
[36m[apify.tiktok-profile-scraper runId:vFNFpjo6NVW1boEWt][0m -> 2026-08-14T08:29:12.852Z     at process.processTicksAndRejections (node:internal/process/task_queues:104:5)
[36m[apify.tiktok-profile-scraper runId:vFNFpjo6NVW1boEWt][0m -> 2026-08-14T08:29:12.853Z     at async CurlImpersonate.handleCurlSubprocess (/home/myuser/node_modules/apify-node-curl-impersonate/dist/curl-impersonate.js:209:24)
[36m[apify.tiktok-profile-scraper runId:vFNFpjo6NVW1boEWt][0m -> 2026-08-14T08:29:12.855Z     at async CurlImpersonate.handleSendRequest (/home/myuser/node_modules/apify-node-curl-impersonate/dist/curl-impersonate.js:192:24)
[36m[apify.tiktok-profile-scraper runId:vFNFpjo6NVW1boEWt][0m -> 2026-08-14T08:29:12.857Z     at async CurlImpersonate.makeRequest (/home/myuser/node_modules/apify-node-curl-impersonate/dist/curl-impersonate.js:76:32)
[36m[apify.tiktok-profile-scraper runId:vFNFpjo6NVW1boEWt][0m -> 2026-08-14T08:29:12.858Z     at async sendCurlRequest (file:///home/myuser/dist/src/tools/api/curl-request.js:27:43)
[36m[apify.tiktok-profile-scraper runId:vFNFpjo6NVW1boEWt][0m -> 2026-08-14T08:29:12.860Z     at async file:///home/myuser/dist/src/tools/api/curl-request.js:62:18
[36m[apify.tiktok-profile-scraper runId:vFNFpjo6NVW1boEWt][0m -> 2026-08-14T08:29:12.862Z     at async makeWebApiCall (file:///home/myuser/dist/src/tools/api/web/make-web-api-call.js:39:26)
[36m[apify.tiktok-profile-scraper runId:vFNFpjo6NVW1boEWt][0m -> 2026-08-14T08:29:12.863Z     at async requestUserVideosAPI (file:///home/myuser/dist/src/routes/profile/profile-videos/profile-videos-route.js:247:22)
[36m[apify.tiktok-profile-scraper runId:vFNFpjo6NVW1boEWt][0m -> 2026-08-14T08:29:12.865Z     at async dealWithProfileListAPI (file:///home/myuser/dist/src/routes/profile/profile-videos/profile-videos-route.js:21:68)[90m {"id":"nFJ8MIRdCgCZHo6","url":"https://www.tiktok.com/@chalita_mungkhot","method":"GET","uniqueKey":"https://www.tiktok.com/@chalita_mungkhot__0-2__videos"}[39m
[36m[apify.tiktok-profile-scraper runId:vFNFpjo6NVW1boEWt][0m -> 2026-08-14T08:29:12.922Z [33mWARN[39m [33m CheerioCrawler:[39m Reclaiming failed request back to the list or queue. Failed to parse TikTok response: Unexpected end of JSON input --- https://www.tiktok.com/@pitch_087
[36m[apify.tiktok-profile-scraper runId:vFNFpjo6NVW1boEWt][0m -> 2026-08-14T08:29:12.924Z     at makeWebApiCall (file:///home/myuser/dist/src/tools/api/web/make-web-api-call.js:114:23)[90m {"id":"f7O9HO4qXIEc8Sc","url":"https://www.tiktok.com/@pitch_087","retryCount":14}[39m
[36m[apify.tiktok-profile-scraper runId:vFNFpjo6NVW1boEWt][0m -> 2026-08-14T08:29:14.272Z [33mWARN[39m [33m CheerioCrawler:[39m Reclaiming failed request back to the list or queue. Failed to send API request with exit code: CURLE_RECV_ERROR (56), retrying
[36m[apify.tiktok-profile-scraper runId:vFNFpjo6NVW1boEWt][0m -> 2026-08-14T08:29:14.274Z     at async sendCurlRequest (file:///home/myuser/dist/src/tools/api/curl-request.js:27:43)[90m {"id":"hyxJveyRxoclL1o","url":"https://www.tiktok.com/@noonanduanglada","retryCount":14}[39m
[36m[apify.tiktok-profile-scraper runId:vFNFpjo6NVW1boEWt][0m -> 2026-08-14T08:29:14.534Z [31mERROR[39m[33m CheerioCrawler:[39m Request failed and reached maximum retries. Error: Failed to parse TikTok response: Unexpected end of JSON input --- https://www.tiktok.com/@wannaphainta2542
[36m[apify.tiktok-profile-scraper runId:vFNFpjo6NVW1boEWt][0m -> 2026-08-14T08:29:14.536Z     at makeWebApiCall (file:///home/myuser/dist/src/tools/api/web/make-web-api-call.js:114:23)
[36m[apify.tiktok-profile-scraper runId:vFNFpjo6NVW1boEWt][0m -> 2026-08-14T08:29:14.538Z     at process.processTicksAndRejections (node:internal/process/task_queues:104:5)
[36m[apify.tiktok-profile-scraper runId:vFNFpjo6NVW1boEWt][0m -> 2026-08-14T08:29:14.540Z     at async requestUserVideosAPI (file:///home/myuser/dist/src/routes/profile/profile-videos/profile-videos-route.js:247:22)
[36m[apify.tiktok-profile-scraper runId:vFNFpjo6NVW1boEWt][0m -> 2026-08-14T08:29:14.541Z     at async dealWithProfileListAPI (file:///home/myuser/dist/src/routes/profile/profile-videos/profile-videos-route.js:21:68)
[36m[apify.tiktok-profile-scraper runId:vFNFpjo6NVW1boEWt][0m -> 2026-08-14T08:29:14.543Z     at async file:///home/myuser/dist/src/crawler-factories/crawler.js:59:17
[36m[apify.tiktok-profile-scraper runId:vFNFpjo6NVW1boEWt][0m -> 2026-08-14T08:29:14.546Z     at async CheerioCrawler.requestHandler (file:///home/myuser/dist/src/crawler-factories/crawler.js:58:13)
[36m[apify.tiktok-profile-scraper runId:vFNFpjo6NVW1boEWt][0m -> 2026-08-14T08:29:14.548Z     at async wrap (/home/myuser/node_modules/@apify/timeout/cjs/index.cjs:54:21)[90m {"id":"PsSFe8QjBPyipYY","url":"https://www.tiktok.com/@wannaphainta2542","method":"GET","uniqueKey":"https://www.tiktok.com/@wannaphainta2542__0-0__videos"}[39m
[36m[apify.tiktok-profile-scraper runId:vFNFpjo6NVW1boEWt][0m -> 2026-08-14T08:29:17.164Z [31mERROR[39m[33m CheerioCrawler:[39m Request failed and reached maximum retries. Error: Failed to parse TikTok response: Unexpected end of JSON input --- https://www.tiktok.com/@pitch_087
[36m[apify.tiktok-profile-scraper runId:vFNFpjo6NVW1boEWt][0m -> 2026-08-14T08:29:17.165Z     at makeWebApiCall (file:///home/myuser/dist/src/tools/api/web/make-web-api-call.js:114:23)
[36m[apify.tiktok-profile-scraper runId:vFNFpjo6NVW1boEWt][0m -> 2026-08-14T08:29:17.167Z     at async requestUserVideosAPI (file:///home/myuser/dist/src/routes/profile/profile-videos/profile-videos-route.js:247:22)
[36m[apify.tiktok-profile-scraper runId:vFNFpjo6NVW1boEWt][0m -> 2026-08-14T08:29:17.169Z     at async dealWithProfileListAPI (file:///home/myuser/dist/src/routes/profile/profile-videos/profile-videos-route.js:21:68)
[36m[apify.tiktok-profile-scraper runId:vFNFpjo6NVW1boEWt][0m -> 2026-08-14T08:29:17.171Z     at async file:///home/myuser/dist/src/crawler-factories/crawler.js:59:17
[36m[apify.tiktok-profile-scraper runId:vFNFpjo6NVW1boEWt][0m -> 2026-08-14T08:29:17.172Z     at async CheerioCrawler.requestHandler (file:///home/myuser/dist/src/crawler-factories/crawler.js:58:13)
[36m[apify.tiktok-profile-scraper runId:vFNFpjo6NVW1boEWt][0m -> 2026-08-14T08:29:17.174Z     at async wrap (/home/myuser/node_modules/@apify/timeout/cjs/index.cjs:54:21)[90m {"id":"IkWZjS3Sbqr98Xg","url":"https://www.tiktok.com/@pitch_087","method":"GET","uniqueKey":"https://www.tiktok.com/@pitch_087__0-3__videos"}[39m
[36m[apify.tiktok-profile-scraper runId:vFNFpjo6NVW1boEWt][0m -> 2026-08-14T08:29:18.652Z [33mWARN[39m [33m CheerioCrawler:[39m Reclaiming failed request back to the list or queue. Failed to parse TikTok response: Unexpected end of JSON input --- https://www.tiktok.com/@pitch_087
[36m[apify.tiktok-profile-scraper runId:vFNFpjo6NVW1boEWt][0m -> 2026-08-14T08:29:18.653Z     at makeWebApiCall (file:///home/myuser/dist/src/tools/api/web/make-web-api-call.js:114:23)[90m {"id":"f7O9HO4qXIEc8Sc","url":"https://www.tiktok.com/@pitch_087","retryCount":15}[39m
[36m[apify.tiktok-profile-scraper runId:vFNFpjo6NVW1boEWt][0m -> Status: RUNNING, Message: Experiencing problems, 22 failed requests in the past 10 seconds.
[36m[apify.tiktok-profile-scraper runId:vFNFpjo6NVW1boEWt][0m -> 2026-08-14T08:29:19.141Z [32mINFO[39m  [Status message]: Scraped 1/5 profiles
[36m[apify.tiktok-profile-scraper runId:vFNFpjo6NVW1boEWt][0m -> 2026-08-14T08:29:20.187Z [33mWARN[39m [33m CheerioCrawler:[39m Reclaiming failed request back to the list or queue. Failed to parse TikTok response: Unexpected end of JSON input --- https://www.tiktok.com/@noonanduanglada
[36m[apify.tiktok-profile-scraper runId:vFNFpjo6NVW1boEWt][0m -> 2026-08-14T08:29:20.189Z     at makeWebApiCall (file:///home/myuser/dist/src/tools/api/web/make-web-api-call.js:114:23)[90m {"id":"hyxJveyRxoclL1o","url":"https://www.tiktok.com/@noonanduanglada","retryCount":15}[39m
[36m[apify.tiktok-profile-scraper runId:vFNFpjo6NVW1boEWt][0m -> 2026-08-14T08:29:23.412Z [31mERROR[39m[33m CheerioCrawler:[39m Request failed and reached maximum retries. Error: Failed to parse TikTok response: Unexpected end of JSON input --- https://www.tiktok.com/@pitch_087
[36m[apify.tiktok-profile-scraper runId:vFNFpjo6NVW1boEWt][0m -> 2026-08-14T08:29:23.414Z     at makeWebApiCall (file:///home/myuser/dist/src/tools/api/web/make-web-api-call.js:114:23)
[36m[apify.tiktok-profile-scraper runId:vFNFpjo6NVW1boEWt][0m -> 2026-08-14T08:29:23.416Z     at process.processTicksAndRejections (node:internal/process/task_queues:104:5)
[36m[apify.tiktok-profile-scraper runId:vFNFpjo6NVW1boEWt][0m -> 2026-08-14T08:29:23.418Z     at async requestUserVideosAPI (file:///home/myuser/dist/src/routes/profile/profile-videos/profile-videos-route.js:247:22)
[36m[apify.tiktok-profile-scraper runId:vFNFpjo6NVW1boEWt][0m -> 2026-08-14T08:29:23.420Z     at async dealWithProfileListAPI (file:///home/myuser/dist/src/routes/profile/profile-videos/profile-videos-route.js:21:68)
[36m[apify.tiktok-profile-scraper runId:vFNFpjo6NVW1boEWt][0m -> 2026-08-14T08:29:23.422Z     at async file:///home/myuser/dist/src/crawler-factories/crawler.js:59:17
[36m[apify.tiktok-profile-scraper runId:vFNFpjo6NVW1boEWt][0m -> 2026-08-14T08:29:23.423Z     at async CheerioCrawler.requestHandler (file:///home/myuser/dist/src/crawler-factories/crawler.js:58:13)
[36m[apify.tiktok-profile-scraper runId:vFNFpjo6NVW1boEWt][0m -> 2026-08-14T08:29:23.425Z     at async wrap (/home/myuser/node_modules/@apify/timeout/cjs/index.cjs:54:21)[90m {"id":"f7O9HO4qXIEc8Sc","url":"https://www.tiktok.com/@pitch_087","method":"GET","uniqueKey":"https://www.tiktok.com/@pitch_087__0-2__videos"}[39m
[36m[apify.tiktok-profile-scraper runId:vFNFpjo6NVW1boEWt][0m -> 2026-08-14T08:29:23.554Z [31mERROR[39m[33m CheerioCrawler:[39m Request failed and reached maximum retries. Error: Failed to send API request with exit code: CURLE_RECV_ERROR (56), retrying
[36m[apify.tiktok-profile-scraper runId:vFNFpjo6NVW1boEWt][0m -> 2026-08-14T08:29:23.556Z     at CurlImpersonate.finishCurlSubprocess (/home/myuser/node_modules/apify-node-curl-impersonate/dist/curl-impersonate.js:234:19)
[36m[apify.tiktok-profile-scraper runId:vFNFpjo6NVW1boEWt][0m -> 2026-08-14T08:29:23.557Z     at async CurlImpersonate.handleCurlSubprocess (/home/myuser/node_modules/apify-node-curl-impersonate/dist/curl-impersonate.js:209:24)
[36m[apify.tiktok-profile-scraper runId:vFNFpjo6NVW1boEWt][0m -> 2026-08-14T08:29:23.559Z     at async CurlImpersonate.handleSendRequest (/home/myuser/node_modules/apify-node-curl-impersonate/dist/curl-impersonate.js:192:24)
[36m[apify.tiktok-profile-scraper runId:vFNFpjo6NVW1boEWt][0m -> 2026-08-14T08:29:23.560Z     at async CurlImpersonate.makeRequest (/home/myuser/node_modules/apify-node-curl-impersonate/dist/curl-impersonate.js:76:32)
[36m[apify.tiktok-profile-scraper runId:vFNFpjo6NVW1boEWt][0m -> 2026-08-14T08:29:23.562Z     at async sendCurlRequest (file:///home/myuser/dist/src/tools/api/curl-request.js:27:43)
[36m[apify.tiktok-profile-scraper runId:vFNFpjo6NVW1boEWt][0m -> 2026-08-14T08:29:23.564Z     at async file:///home/myuser/dist/src/tools/api/curl-request.js:62:18
[36m[apify.tiktok-profile-scraper runId:vFNFpjo6NVW1boEWt][0m -> 2026-08-14T08:29:23.565Z     at async makeWebApiCall (file:///home/myuser/dist/src/tools/api/web/make-web-api-call.js:39:26)
[36m[apify.tiktok-profile-scraper runId:vFNFpjo6NVW1boEWt][0m -> 2026-08-14T08:29:23.567Z     at async requestUserVideosAPI (file:///home/myuser/dist/src/routes/profile/profile-videos/profile-videos-route.js:247:22)
[36m[apify.tiktok-profile-scraper runId:vFNFpjo6NVW1boEWt][0m -> 2026-08-14T08:29:23.568Z     at async dealWithProfileListAPI (file:///home/myuser/dist/src/routes/profile/profile-videos/profile-videos-route.js:21:68)
[36m[apify.tiktok-profile-scraper runId:vFNFpjo6NVW1boEWt][0m -> 2026-08-14T08:29:23.570Z     at async file:///home/myuser/dist/src/crawler-factories/crawler.js:59:17[90m {"id":"hyxJveyRxoclL1o","url":"https://www.tiktok.com/@noonanduanglada","method":"GET","uniqueKey":"https://www.tiktok.com/@noonanduanglada__0-3__videos"}[39m
[36m[apify.tiktok-profile-scraper runId:vFNFpjo6NVW1boEWt][0m -> 2026-08-14T08:29:23.676Z [32mINFO[39m [33m CheerioCrawler:[39m All requests from the queue have been processed, the crawler will shut down.
[36m[apify.tiktok-profile-scraper runId:vFNFpjo6NVW1boEWt][0m -> 2026-08-14T08:29:23.855Z [32mINFO[39m [33m CheerioCrawler:[39m Final request statistics:[90m {"requestsFinished":6,"requestsFailed":24,"retryHistogram":[5,null,null,1,null,null,null,null,null,null,null,null,null,null,null,24],"requestAvgFailedDurationMillis":1352,"requestAvgFinishedDurationMillis":2227,"requestsFinishedPerMinute":3,"requestsFailedPerMinute":13,"requestTotalDurationMillis":45808,"requestsTotal":30,"crawlerRuntimeMillis":104967}[39m
[36m[apify.tiktok-profile-scraper runId:vFNFpjo6NVW1boEWt][0m -> 2026-08-14T08:29:23.856Z [32mINFO[39m [33m CheerioCrawler:[39m Error analysis:[90m {"totalErrors":24,"uniqueErrors":2,"mostCommonErrors":["14x: Failed to parse TikTok response: Unexpected end of JSON input --- _ (file:///home/myuser/dist/src/tools/api/web/make-web-api-call.js:114:23)","10x: Failed to send API request with exit code: CURLE_RECV_ERROR (56), retrying (file:///home/myuser/dist/src/tools/api/curl-request.js:27:43)"]}[39m
[36m[apify.tiktok-profile-scraper runId:vFNFpjo6NVW1boEWt][0m -> 2026-08-14T08:29:23.858Z [32mINFO[39m [33m CheerioCrawler:[39m Finished! Total 30 requests: 6 succeeded, 24 failed.[90m {"terminal":true}[39m
[36m[apify.tiktok-profile-scraper runId:vFNFpjo6NVW1boEWt][0m -> 2026-08-14T08:29:23.860Z [32mINFO[39m  [Status message]: Scraped 1/5 profiles
[36m[apify.tiktok-profile-scraper runId:vFNFpjo6NVW1boEWt][0m -> 2026-08-14T08:29:23.981Z [32mINFO[39m  [Status message]: Scraped 1/5 profiles
[36m[apify.tiktok-profile-scraper runId:vFNFpjo6NVW1boEWt][0m -> Status: SUCCEEDED, Message: Scraped 1/5 profiles
Traceback (most recent call last):
  File "/home/sapon/Desktop/Projects/sl-tiktok/apify_scrape.py", line 341, in <module>
    main()
    ~~~~^^
  File "/home/sapon/Desktop/Projects/sl-tiktok/apify_scrape.py", line 314, in main
    videos = fetch_videos(client, usernames, args.videos, runs)
  File "/home/sapon/Desktop/Projects/sl-tiktok/apify_scrape.py", line 138, in fetch_videos
    "run_id": run["id"],
              ~~~^^^^^^
TypeError: 'Run' object is not subscriptable
